year,long,lat,number_of_source_records,number_of_distinct_levels,level
1368,114.362077,38.068096,1,1,-1
1368,115.964062,39.865015,1,1,-1
1368,118.824123,32.118003,1,1,-2
1369,112.405569,39.999114,1,1,-1
1369,117.257485,37.954032,1,1,-1
1370,111.62663,37.10845,1,1,1
1370,114.979465,30.654595,1,1,-1
1371,114.979465,30.654595,1,1,-1
1371,117.779725,37.931604,1,1,-1
1371,118.824123,32.118003,1,1,-1
1373,106.741684,35.512204,1,1,-1
1373,109.639675,36.570609,1,1,-1
1374,118.824123,32.118003,1,1,-1
1376,114.222922,30.567491,1,1,-2
1377,106.741684,35.512204,1,1,-1
1377,114.222922,30.567491,1,1,-2
1378,106.601459,35.200482,1,1,-1
1378,118.824123,32.118003,1,1,-1
1379,118.824123,32.118003,1,1,-1
1380,113.697567,39.625756,1,1,1
1381,102.700122,25.054449,1,1,-1
1381,111.540808,26.131911,1,1,1
1381,113.697567,39.625756,1,1,1
1381,119.367906,29.483861,1,1,-1
1381,120.119623,30.234656,1,1,-1
1382,102.700122,25.054449,1,1,-1
1382,114.696784,39.873253,1,1,-1
1383,102.700122,25.054449,1,1,-1
1384,103.605343,27.428623,1,1,-1
1384,109.980728,22.684493,1,1,-2
1384,110.549079,24.13073,1,1,-2
1384,110.770395,23.507448,1,1,-2
1384,110.783967,24.550609,1,1,-2
1384,111.317824,23.486528,1,1,-2
1384,118.824123,32.118003,1,1,-1
1385,103.605343,27.428623,1,1,-1
1385,110.549079,24.13073,1,1,-2
1385,110.783967,24.550609,1,1,-2
1385,118.824123,32.118003,2,1,-1
1386,120.563761,29.955205,1,1,1
1389,118.312148,34.646627,1,1,-1
1389,118.824123,32.118003,1,1,-1
1390,118.824123,32.118003,2,1,-1
1390,119.645608,27.054044,1,1,-2
1391,113.430385,38.769493,1,1,-1
1391,114.356715,26.340542,2,1,-1
1392,113.655981,34.782404,1,1,-2
1393,112.943509,37.133396,1,1,-1
1393,113.655981,34.782404,1,1,-2
1394,118.824123,32.118003,1,1,-1
1397,103.495597,36.132975,1,1,-1
1397,115.612363,30.011231,1,1,-1
1399,115.29058,28.364089,1,1,-2
1399,115.964062,39.865015,1,1,-2
1403,115.747105,37.451966,1,1,-1
1403,118.824123,32.118003,1,1,-1
1406,117.134033,40.207472,2,1,-2
1407,117.134033,40.207472,2,1,-2
1408,117.134033,40.207472,1,1,-2
1409,112.052395,38.394142,1,1,-1
1411,118.824123,32.118003,2,2,-2
1412,115.871578,38.87066,1,1,-2
1413,114.222922,30.567491,1,1,1
1414,110.740675,37.027857,1,1,-1
1415,113.028346,23.065631,1,1,-1
1415,113.440685,22.889931,1,1,-1
1415,113.877259,22.937863,1,1,-1
1415,116.626431,23.71796,1,1,-1
1416,113.440685,22.889931,1,1,-1
1416,113.877259,22.937863,1,1,-1
1416,116.626431,23.71796,1,1,-1
1424,115.964062,39.865015,2,1,1
1425,115.964062,39.865015,3,2,1
1425,117.113426,36.607995,3,1,1
1426,114.222922,30.567491,1,1,1
1426,115.964062,39.865015,1,1,-1
1426,117.113426,36.607995,3,1,1
1427,112.496367,37.8367,1,1,1
1428,108.997177,34.31605,1,1,-1
1428,111.472667,36.63683,1,1,-1
1428,112.496367,37.8367,1,1,-1
1428,114.979465,30.654595,1,1,-1
1428,115.0764,31.213057,1,1,-1
1428,115.928853,29.995718,1,1,-1
1428,115.964062,39.865015,2,2,1
1429,111.463262,36.12012,1,1,-1
1429,115.964062,39.865015,2,2,1
1430,113.247184,39.500212,1,1,-1
1430,115.964062,39.865015,6,3,-2
1431,112.252624,37.142155,1,1,-1
1431,112.496367,37.8367,1,1,-1
1431,117.292665,29.538923,1,1,-1
1432,110.619357,35.145928,1,1,1
1432,112.425986,34.657989,1,1,1
1432,112.464099,34.835163,1,1,1
1432,112.71889,34.625452,1,1,1
1432,113.027601,34.695689,1,1,1
1432,115.463244,38.876017,1,1,1
1432,115.895909,36.44767,1,1,-1
1432,115.964062,39.865015,1,1,0
1432,116.740905,35.572562,1,1,-1
1432,118.090857,32.06522,1,1,1
1432,118.19739,32.320397,1,1,1
1432,118.52155,32.470418,1,1,1
1432,119.156925,36.791958,1,1,1
1432,119.633618,31.95808,1,1,1
1433,110.619357,35.145928,1,1,1
1433,112.425986,34.657989,1,1,1
1433,112.464099,34.835163,1,1,1
1433,112.71889,34.625452,1,1,1
1433,113.027601,34.695689,1,1,1
1433,115.048022,40.547444,1,1,-1
1433,115.463244,38.876017,1,1,1
1433,115.964062,39.865015,2,1,-1
1433,118.090857,32.06522,1,1,1
1433,118.19739,32.320397,1,1,1
1433,118.52155,32.470418,1,1,1
1433,119.156925,36.791958,1,1,1
1433,119.633618,31.95808,1,1,1
1434,108.997177,34.31605,1,1,1
1434,119.461049,32.203049,1,1,1
1435,111.239285,34.885707,1,1,-2
1435,113.655981,34.782404,1,1,1
1435,115.077955,37.982215,1,1,1
1436,107.672617,36.036959,1,1,-1
1436,113.164625,40.156114,1,1,-1
1436,113.655981,34.782404,1,1,1
1436,120.397516,31.224485,1,1,-2
1436,121.514319,31.653919,1,1,-2
1437,106.741684,35.512204,2,1,1
1437,108.997177,34.31605,1,1,-1
1437,112.496367,37.8367,1,1,-1
1437,113.655981,34.782404,1,1,-1
1437,114.327734,34.829942,1,1,-1
1437,114.362077,38.068096,1,1,-1
1437,117.113426,36.607995,1,1,-1
1437,118.824123,32.118003,1,1,-1
1438,103.626671,34.740777,1,1,-1
1438,104.625233,35.106232,1,1,-1
1438,108.997177,34.31605,1,1,-1
1438,115.964062,39.865015,2,1,-1
1438,116.740905,35.572562,1,1,-1
1438,120.625761,31.01201,1,1,-2
1439,111.658318,39.455815,1,1,-1
1439,112.496367,37.8367,1,1,-1
1439,113.379204,34.195892,1,1,-2
1439,115.964062,39.865015,1,1,1
1439,120.625761,31.01201,1,1,-2
1440,120.180205,30.784307,2,1,-2
1440,120.625761,31.01201,2,1,-2
1441,112.496367,37.8367,1,1,-1
1441,116.851657,38.313006,1,1,-1
1442,109.888414,35.221708,1,1,1
1443,115.964062,39.865015,4,2,-1
1443,117.889775,34.399354,1,1,-1
1443,120.972336,29.145718,1,1,-1
1443,121.207132,28.851324,1,1,-1
1444,108.997177,34.31605,1,1,1
1444,111.00087,36.706414,1,1,1
1444,115.240925,36.301099,1,1,1
1444,115.964062,39.865015,4,2,-1
1445,108.997177,34.31605,1,1,1
1445,111.463262,36.12012,1,1,1
1445,111.824898,35.697788,1,1,-2
1445,115.240925,36.301099,1,1,1
1445,115.964062,39.865015,1,1,1
1445,121.212828,31.011963,1,1,-2
1447,107.703799,34.779636000000004,1,1,1
1447,108.108531,33.952152,1,1,1
1447,108.997177,34.31605,3,2,1
1447,109.559291,35.268866,1,1,1
1448,108.108531,33.952152,1,1,1
1448,108.997177,34.31605,2,1,1
1448,109.559291,35.268866,1,1,1
1448,113.655981,34.782404,1,1,-1
1449,110.722338,32.863661,1,1,-2
1449,111.754212,32.433518,1,1,-2
1449,112.12356,32.038704,1,1,-2
1449,112.250622,30.886679,1,1,-2
1449,112.572861,31.241273,1,1,-2
1449,113.655981,34.782404,1,1,-1
1449,113.671034,30.623619,1,1,-2
1449,114.222922,30.567491,1,1,-2
1449,115.964062,39.865015,3,3,-2
1449,120.093664,28.934114,1,1,-1
1449,120.175516,28.661372,1,1,-1
1450,111.173742,37.256505,1,1,-1
1450,112.250622,30.886679,1,1,-2
1450,112.345775,35.421572,1,1,-1
1450,112.572861,31.241273,1,1,-2
1450,112.858822,35.467683,1,1,-1
1450,112.92561,35.804133,1,1,-1
1450,113.671034,30.623619,1,1,-2
1450,115.541511,36.134269,1,1,-1
1450,115.964062,39.865015,3,2,1
1450,120.180205,30.784307,1,1,-2
1450,120.479444,30.605512,1,1,-2
1450,120.74689,30.74445,1,1,-2
1450,120.896588,30.899904,1,1,-2
1450,121.09057,30.713245,1,1,-2
1451,116.170244,30.493943,1,1,-2
1451,116.242079,30.10287,1,1,-2
1451,116.538547,30.75048,1,1,-2
1451,116.677558,30.240207,1,1,-2
1451,116.940069,30.969716,1,1,-2
1451,117.12265,30.582931,1,1,-2
1451,117.266288,31.834359,1,1,-2
1451,117.321217,31.269636,1,1,-2
1451,117.903632,30.948407,1,1,-2
1451,119.347178,26.144508,1,1,-1
1451,120.603069,31.309043,1,1,-2
1452,114.277937,27.83855,1,1,-1
1452,114.321987,28.208046,1,1,-2
1452,114.846933,28.197387,1,1,-1
1452,115.29058,28.364089,1,1,-1
1452,115.633567,33.332976,1,1,-1
1452,115.877327,40.947453,2,1,-1
1452,115.964062,39.865015,3,1,-1
1452,116.156333,40.537864,1,1,-1
1452,117.113426,36.607995,1,1,-2
1452,117.156623,33.726215,1,1,-1
1452,119.347178,26.144508,1,1,-1
1452,120.603069,31.309043,1,1,-2
1452,121.251353,31.353075,1,1,-2
1453,108.810509,24.900026,1,1,-2
1453,109.180511,23.661923,1,1,-2
1453,109.219862,24.622711,1,1,-2
1453,109.261435,24.205452,1,1,-2
1453,109.389772,24.364204,1,1,-2
1453,112.527859,33.024811,1,1,-2
1453,113.026191,34.414149,1,1,-1
1453,113.655981,34.782404,2,1,-2
1453,113.697567,39.625756,1,1,-1
1453,114.272645,36.097782,1,1,-2
1453,114.277937,27.83855,1,1,-1
1453,114.321987,28.208046,1,1,-2
1453,114.362077,38.068096,1,1,-2
1453,114.567739,38.188576,1,1,-1
1453,114.846933,28.197387,1,1,-1
1453,114.969561,34.878611,1,1,-2
1453,115.29058,28.364089,1,1,-1
1453,115.964062,39.865015,1,1,-1
1453,116.322292,37.449157,1,1,-2
1453,116.421878,37.146913,1,1,-2
1453,116.572038,36.91114,1,1,-2
1453,116.851657,38.313006,1,1,-2
1453,117.017926,35.613908,1,1,-2
1453,117.113426,36.607995,4,1,-2
1453,117.156623,33.726215,3,2,-1
1453,117.205594,34.271614,2,2,-2
1453,117.238552,28.998428,1,1,-2
1453,117.530577,33.687112,1,1,-1
1453,117.591744,32.7898,3,2,-2
1453,117.753294,33.134278,1,1,-1
1453,117.876391,33.540753,1,1,-2
1453,117.889775,34.399354,1,1,-2
1453,118.824123,32.118003,2,2,-2
1453,119.280564,33.503341,1,1,-2
1453,119.311896,35.396013,1,1,-2
1453,119.347178,26.144508,1,1,-1
1453,119.574934,30.623079,1,1,-2
1453,119.78552,31.358953,1,1,-2
1453,119.810373,30.978497,1,1,-2
1453,119.866925,35.858868,1,1,-2
1453,119.920709,31.748661,1,1,-2
1453,119.962155,31.776182,3,1,-2
1453,120.119623,30.234656,1,1,-2
1453,120.180205,30.784307,1,1,-2
1453,120.263248,32.034773,1,1,-2
1453,120.335992,31.567522,1,1,-2
1453,120.563761,29.955205,1,1,-2
1453,120.603069,31.309043,2,1,-2
1453,121.127022,31.551683,1,1,-1
1453,121.145387,29.985842,1,1,-2
1453,121.251353,31.353075,1,1,-2
1454,108.810509,24.900026,1,1,-2
1454,109.180511,23.661923,1,1,-2
1454,109.219862,24.622711,1,1,-2
1454,109.261435,24.205452,1,1,-2
1454,109.389772,24.364204,1,1,-2
1454,112.401776,27.084921,1,1,-2
1454,112.527859,33.024811,1,1,-2
1454,112.874911,35.129806,1,1,-2
1454,113.655981,34.782404,3,2,-2
1454,114.272645,36.097782,1,1,-2
1454,114.362077,38.068096,1,1,-2
1454,114.43283,28.997489,1,1,-2
1454,114.696784,39.873253,1,1,-1
1454,115.048022,40.547444,1,1,-1
1454,115.209711,40.097282,1,1,-1
1454,115.620694,40.340792,1,1,-1
1454,115.877327,40.947453,1,1,-1
1454,115.964062,39.865015,2,1,-1
1454,116.242079,30.10287,1,1,-2
1454,116.322292,37.449157,1,1,-2
1454,116.421878,37.146913,1,1,-2
1454,116.572038,36.91114,1,1,-2
1454,116.572666,38.660989,1,1,-1
1454,116.677558,30.240207,1,1,-1
1454,116.851657,38.313006,1,1,-2
1454,116.940069,30.969716,1,1,-1
1454,117.017926,35.613908,1,1,-2
1454,117.113426,36.607995,5,1,-2
1454,117.156623,33.726215,2,2,-2
1454,117.205594,34.271614,1,1,-2
1454,117.530577,33.687112,1,1,-1
1454,117.591744,32.7898,2,1,-2
1454,117.700673,28.107485,1,1,-2
1454,117.876391,33.540753,1,1,-2
1454,117.954446,28.432954,1,1,-2
1454,118.264264,28.362973,1,1,-2
1454,118.557979,29.868351,1,1,-2
1454,118.595391,28.577979,1,1,-2
1454,118.824123,32.118003,9,3,-2
1454,118.883178,28.937342,1,1,-2
1454,119.186976,28.988432,1,1,-2
1454,119.188204,32.388233,1,1,-2
1454,119.280564,33.503341,1,1,-2
1454,119.347178,26.144508,1,1,-1
1454,119.367906,29.483861,1,1,-2
1454,119.445274,32.406239,1,1,-2
1454,119.52399,29.280686,1,1,-2
1454,119.548052,29.834181,1,1,-2
1454,119.574934,30.623079,2,1,-2
1454,119.638546,29.113251,1,1,-2
1454,119.78552,31.358953,2,1,-2
1454,119.866925,35.858868,2,1,-2
1454,119.920709,31.748661,1,1,-2
1454,119.962155,31.776182,4,1,-2
1454,120.119623,30.234656,3,1,-2
1454,120.180205,30.784307,1,1,-2
1454,120.263248,32.034773,2,1,-2
1454,120.29982,31.833936,1,1,-2
1454,120.335992,31.567522,2,1,-2
1454,120.397516,31.224485,1,1,-2
1454,120.479444,30.605512,1,1,-2
1454,120.553937,32.784224,2,1,-2
1454,120.563761,29.955205,2,1,-2
1454,120.568183,32.264155,3,1,-2
1454,120.590028,30.449647,1,1,-2
1454,120.603069,31.309043,2,1,-2
1454,120.625761,31.01201,1,1,-2
1454,120.74689,30.74445,1,1,-2
1454,120.808317,31.655226,2,1,-2
1454,120.896588,30.899904,1,1,-2
1454,121.006976,32.078142,2,1,-2
1454,121.09057,30.713245,1,1,-2
1454,121.127022,31.551683,1,1,-2
1454,121.145387,29.985842,1,1,-2
1454,121.212828,31.011963,1,1,-2
1454,121.636161,31.230935,1,1,-2
1454,121.843877,29.376544,1,1,-2
1455,102.700122,25.054449,1,1,-2
1455,104.12891,26.909768,1,1,-1
1455,114.43283,28.997489,1,1,-2
1455,115.964062,39.865015,1,1,-1
1455,118.557979,29.868351,1,1,-2
1455,118.575492,39.783481,1,1,-1
1455,118.675336,40.031695,1,1,-1
1455,118.975431,39.911349,1,1,-1
1456,115.964062,39.865015,2,1,1
1456,116.572185,39.102738,1,1,-1
1456,120.95298,31.323023,1,1,-2
1457,112.496367,37.8367,3,1,1
1457,113.655981,34.782404,3,1,1
1457,114.327734,34.829942,1,1,-1
1457,114.362077,38.068096,4,2,1
1457,115.964062,39.865015,3,1,1
1457,116.034228,39.25906,1,1,1
1457,116.421878,37.146913,1,1,1
1457,116.740905,35.572562,1,1,-1
1457,116.835172,38.560407,1,1,1
1457,117.113426,36.607995,3,1,1
1457,117.591744,32.7898,1,1,-1
1457,120.95298,31.323023,1,1,-2
1458,112.496367,37.8367,2,1,1
1458,113.655981,34.782404,2,1,1
1458,114.362077,38.068096,3,1,1
1458,115.964062,39.865015,3,1,1
1458,116.034228,39.25906,1,1,1
1458,116.421878,37.146913,1,1,1
1458,116.835172,38.560407,1,1,1
1458,117.113426,36.607995,2,1,1
1459,108.534896,24.478563,2,1,-2
1459,108.997177,34.31605,1,1,-1
1459,114.362077,38.068096,1,1,1
1460,113.671034,30.623619,1,1,-1
1460,114.222922,30.567491,1,1,-1
1460,115.964062,39.865015,1,1,-2
1460,118.824123,32.118003,1,1,-1
1460,119.591478,29.016509,1,1,-1
1460,120.119623,30.234656,1,1,-1
1460,120.896588,30.899904,1,1,-1
1460,121.323285,30.179805000000002,1,1,-1
1460,121.521584,29.78289,1,1,-1
1461,108.997177,34.31605,1,1,1
1461,119.280564,33.503341,1,1,-2
1462,108.997177,34.31605,1,1,1
1462,113.655981,34.782404,1,1,1
1462,114.067859,35.492828,1,1,1
1462,114.362077,38.068096,2,1,1
1462,115.964062,39.865015,1,1,-1
1462,116.034228,39.25906,1,1,1
1462,116.421878,37.146913,1,1,1
1462,116.835172,38.560407,1,1,1
1462,117.113426,36.607995,2,1,1
1462,117.779725,37.931604,1,1,1
1463,113.655981,34.782404,1,1,1
1463,114.067859,35.492828,1,1,1
1463,114.362077,38.068096,2,1,1
1463,115.964062,39.865015,3,1,-1
1463,116.034228,39.25906,1,1,1
1463,116.421878,37.146913,1,1,1
1463,116.835172,38.560407,1,1,1
1463,117.113426,36.607995,2,1,1
1463,117.779725,37.931604,1,1,1
1463,119.548052,29.834181,1,1,-2
1464,114.488338,34.438027,1,1,1
1464,115.964062,39.865015,3,2,-1
1465,101.238377,25.943693,1,1,-1
1465,108.997177,34.31605,1,1,-1
1465,114.488338,34.438027,1,1,1
1465,115.964062,39.865015,1,1,1
1466,111.528586,38.730031,1,1,-1
1466,113.036799,39.080475,1,1,-2
1466,114.421492,34.09855,1,1,-1
1466,114.488338,34.438027,1,1,-1
1466,115.048022,40.547444,1,1,-1
1466,115.964062,39.865015,3,2,1
1467,115.964062,39.865015,1,1,1
1468,115.964062,39.865015,1,1,-2
1468,118.824123,32.118003,2,1,-2
1469,115.292203,34.110559,1,1,-2
1469,115.964062,39.865015,5,2,1
1469,118.837253,32.406633,1,1,-2
1470,113.655981,34.782404,1,1,-1
1470,114.362077,38.068096,2,2,-1
1470,115.843575,32.916121,1,1,-2
1470,115.964062,39.865015,10,2,1
1470,116.158322,32.196645,1,1,-2
1470,117.113426,36.607995,1,1,-1
1470,118.824123,32.118003,1,1,-1
1470,118.837253,32.406633,1,1,-2
1471,113.697567,39.625756,1,1,-2
1471,114.362077,38.068096,1,1,1
1471,114.43283,28.997489,1,1,-1
1471,114.646056,38.6983,1,1,-2
1471,115.009617,29.26248,1,1,-1
1471,115.048022,40.547444,1,1,-2
1471,115.240925,36.301099,3,1,-1
1471,115.729122,29.140734,1,1,-1
1471,115.843575,32.916121,1,1,-2
1471,115.948678,29.359015,1,1,-1
1471,115.964062,39.865015,1,1,1
1471,116.158322,32.196645,1,1,-2
1472,113.430454,32.88112,1,1,-2
1472,115.048022,40.547444,1,1,-2
1473,112.496367,37.8367,1,1,-1
1473,113.430454,32.88112,1,1,-2
1473,117.113426,36.607995,2,2,-1
1473,118.824123,32.118003,2,2,-1
1473,120.397516,31.224485,1,1,-1
1474,99.917037,24.603661,1,1,-2
1474,113.35811,35.985173,1,1,-1
1474,115.964062,39.865015,3,3,-2
1474,116.421878,37.146913,1,1,1
1474,117.113426,36.607995,1,1,1
1474,118.824123,32.118003,4,3,-2
1474,119.367906,29.483861,1,1,-1
1475,114.660591,35.470076,1,1,1
1475,115.964062,39.865015,5,2,1
1475,116.421878,37.146913,1,1,1
1475,117.113426,36.607995,1,1,1
1476,100.275603,26.332558,1,1,-1
1476,111.463262,36.12012,1,1,-1
1476,114.660591,35.470076,1,1,1
1476,115.371853,33.891772,1,1,1
1476,115.541511,36.134269,1,1,1
1476,115.964062,39.865015,6,2,1
1476,116.170244,30.493943,1,1,1
1476,116.242079,30.10287,1,1,1
1476,116.538547,30.75048,1,1,1
1476,116.677558,30.240207,1,1,1
1476,116.794414,30.57652,1,1,1
1476,116.940069,30.969716,1,1,1
1476,118.824123,32.118003,1,1,-1
1476,119.810373,30.978497,1,1,-2
1476,120.180205,30.784307,2,1,-2
1476,120.397516,31.224485,1,1,-2
1476,120.479444,30.605512,2,2,-1
1476,120.625761,31.01201,1,1,-2
1476,120.74689,30.74445,1,1,-2
1476,120.808317,31.655226,2,2,-1
1476,120.896588,30.899904,1,1,-2
1476,121.09057,30.713245,1,1,-2
1477,103.495597,36.132975,1,1,-2
1477,104.625233,35.106232,1,1,-1
1477,104.77623,32.939016,1,1,-1
1477,105.093201,35.954949,1,1,-1
1477,105.185362,35.208308,1,1,-1
1477,106.741684,35.512204,1,1,-1
1477,108.997177,34.31605,1,1,-2
1477,112.250622,30.886679,2,1,-1
1477,113.697567,39.625756,1,1,-1
1477,114.567739,38.188576,1,1,-1
1477,114.646056,38.6983,1,1,-1
1477,115.371853,33.891772,1,1,1
1477,115.541511,36.134269,1,1,1
1477,115.964062,39.865015,1,1,1
1477,116.170244,30.493943,1,1,1
1477,116.242079,30.10287,1,1,1
1477,116.538547,30.75048,1,1,1
1477,116.677558,30.240207,1,1,1
1477,116.794414,30.57652,1,1,1
1477,116.940069,30.969716,1,1,1
1477,117.12265,30.582931,1,1,-2
1477,118.824123,32.118003,2,2,-2
1477,119.810373,30.978497,1,1,-2
1477,120.180205,30.784307,2,1,-2
1477,120.397516,31.224485,1,1,-2
1477,120.479444,30.605512,3,2,-2
1477,120.625761,31.01201,1,1,-2
1477,120.74689,30.74445,2,1,-2
1477,120.808317,31.655226,1,1,-1
1477,120.870389,30.521588,1,1,-2
1477,120.896588,30.899904,2,1,-2
1477,121.09057,30.713245,2,1,-2
1478,102.699631,24.112077,1,1,-2
1478,112.250622,30.886679,1,1,-1
1478,113.655981,34.782404,1,1,1
1478,114.362077,38.068096,1,1,1
1478,117.113426,36.607995,1,1,1
1478,118.824123,32.118003,1,1,1
1479,112.496367,37.8367,2,1,1
1479,113.655981,34.782404,2,1,1
1479,114.362077,38.068096,1,1,1
1479,115.964062,39.865015,1,1,1
1479,116.034228,39.25906,1,1,1
1479,117.113426,36.607995,4,1,1
1480,102.617953,28.583309,2,2,-2
1480,104.607628,30.722965,1,1,-2
1480,112.496367,37.8367,3,2,1
1480,113.655981,34.782404,2,1,1
1480,114.362077,38.068096,1,1,1
1480,115.964062,39.865015,2,2,1
1480,116.034228,39.25906,1,1,1
1480,117.113426,36.607995,3,1,1
1481,112.496367,37.8367,2,1,-1
1481,113.044269,34.939238,1,1,-1
1481,115.740597,24.261492,1,1,-1
1481,115.964062,39.865015,1,1,-1
1481,116.034228,39.25906,1,1,1
1481,118.824123,32.118003,3,1,-2
1481,120.397516,31.224485,2,2,-1
1481,121.212828,31.011963,1,1,-1
1482,110.722338,32.863661,1,1,1
1482,114.024349,33.602869,1,1,-2
1482,116.034228,39.25906,1,1,1
1483,106.741684,35.512204,1,1,-1
1483,107.061533,36.606711,1,1,-1
1483,108.997177,34.31605,1,1,-1
1483,111.463262,36.12012,1,1,1
1483,112.70477700000001,27.284655,1,1,1
1483,112.874911,35.129806,1,1,1
1483,113.044269,34.939238,1,1,1
1483,114.024349,33.602869,1,1,-2
1483,114.362077,38.068096,1,1,1
1483,114.379902,40.133757,1,1,1
1483,114.489139,40.55092,1,1,1
1483,114.696784,39.873253,1,1,1
1483,115.620694,40.340792,1,1,1
1483,115.877327,40.947453,1,1,1
1483,115.964062,39.865015,2,2,1
1483,116.203811,40.213454,1,1,1
1483,119.370599,31.423776,1,1,-2
1483,119.920709,31.748661,1,1,-2
1483,120.093664,28.934114,1,1,-2
1483,120.175516,28.661372,1,1,-2
1483,120.335992,31.567522,1,1,-1
1483,120.357029,29.23291,1,1,-2
1483,120.397516,31.224485,3,2,-2
1483,120.808317,31.655226,2,2,-2
1483,120.95298,31.323023,1,1,-1
1483,121.127022,31.551683,1,1,-1
1483,121.251353,31.353075,1,1,-1
1483,121.496292,31.406519,1,1,-1
1484,103.495597,36.132975,1,1,-1
1484,105.669523,35.429038,1,1,1
1484,111.463262,36.12012,1,1,1
1484,111.754212,32.433518,1,1,-2
1484,112.167676,32.136146,1,1,-2
1484,112.70477700000001,27.284655,1,1,1
1484,112.874911,35.129806,1,1,1
1484,113.044269,34.939238,1,1,1
1484,113.697567,39.625756,1,1,1
1484,114.362077,38.068096,1,1,1
1484,114.379902,40.133757,1,1,1
1484,114.489139,40.55092,1,1,1
1484,114.567739,38.188576,1,1,1
1484,114.646056,38.6983,1,1,1
1484,114.696784,39.873253,1,1,1
1484,115.048022,40.547444,1,1,-1
1484,115.620694,40.340792,1,1,1
1484,115.877327,40.947453,1,1,1
1484,115.899827,34.368241,1,1,1
1484,115.964062,39.865015,3,2,1
1484,120.357029,29.23291,1,1,-2
1485,112.874911,35.129806,1,1,1
1485,113.697567,39.625756,1,1,1
1485,114.567739,38.188576,1,1,1
1485,114.646056,38.6983,1,1,1
1485,115.541511,36.134269,1,1,1
1485,118.824123,32.118003,1,1,-1
1485,119.19589,31.928152,1,1,1
1486,110.717005,36.15488,1,1,-2
1486,110.95187,35.592766,1,1,-2
1486,112.874911,35.129806,1,1,1
1486,114.421492,34.09855,1,1,-1
1486,119.707641,28.766648,1,1,-2
1486,120.357029,29.23291,2,1,-2
1487,115.964062,39.865015,1,1,-1
1487,118.19739,32.320397,1,1,-2
1487,120.357029,29.23291,1,1,-2
1488,111.682061,22.218461,1,1,-2
1488,112.671022,22.81968,1,1,-2
1488,112.845739,32.619098,1,1,-2
1488,114.488338,34.438027,1,1,-1
1488,115.168369,28.711692,1,1,-1
1488,115.964062,39.865015,3,2,-1
1488,118.19739,32.320397,1,1,-2
1488,118.824123,32.118003,1,1,-2
1488,120.263248,32.034773,1,1,-2
1489,105.822259,25.843788,1,1,-2
1489,112.671022,22.81968,1,1,-2
1489,113.440685,22.889931,1,1,-1
1489,113.817509,34.039779,1,1,-2
1489,113.950214,33.83907,1,1,-2
1489,115.362289,31.762558,1,1,-2
1489,115.695722,32.131846,1,1,-2
1489,115.964062,39.865015,1,1,1
1489,116.158322,32.196645,1,1,-2
1489,116.27533,39.346485,1,1,-2
1489,117.591744,32.7898,1,1,-2
1489,120.263248,32.034773,1,1,-2
1489,120.74689,30.74445,1,1,-1
1489,120.896588,30.899904,1,1,-1
1490,108.997177,34.31605,1,1,-1
1490,113.440685,22.889931,1,1,-1
1490,113.817509,34.039779,1,1,-2
1490,113.950214,33.83907,1,1,-2
1490,115.362289,31.762558,1,1,-2
1490,117.591744,32.7898,1,1,-2
1490,118.523523,32.032504,1,1,-2
1490,118.837253,32.406633,1,1,-2
1491,103.626671,34.740777,1,1,-1
1491,108.997177,34.31605,1,1,-1
1491,113.000805,33.296358,1,1,-2
1491,115.86364,36.144362,1,1,1
1491,118.523523,32.032504,1,1,-2
1491,118.837253,32.406633,1,1,-2
1492,112.70477700000001,27.284655,1,1,1
1492,113.655981,34.782404,1,1,1
1492,115.541511,36.134269,1,1,1
1492,115.760293,30.869218,1,1,-2
1492,115.769528,36.774602,1,1,1
1492,115.86364,36.144362,1,1,1
1492,115.964062,39.865015,3,1,1
1492,117.113426,36.607995,2,1,1
1492,118.575492,39.783481,1,1,-1
1492,118.837253,32.406633,1,1,-2
1493,110.135862,33.044923,2,1,-2
1493,110.722338,32.863661,2,1,-2
1493,111.378524,28.284686,1,1,-2
1493,112.339132,27.773622,1,1,-2
1493,112.345782,28.130859,1,1,-2
1493,112.391808,35.099834,1,1,-2
1493,112.401776,27.084921,1,1,-1
1493,112.404643,32.551413,1,1,-2
1493,112.445027,28.513175,1,1,-2
1493,112.572861,31.241273,1,1,-2
1493,112.70477700000001,27.284655,1,1,1
1493,112.737386,36.336311,1,1,-1
1493,112.756646,34.915678,1,1,-2
1493,112.845739,32.619098,1,1,-2
1493,112.874911,35.129806,1,1,-2
1493,113.115321,30.646001,1,1,-2
1493,113.379049,30.290531,1,1,-2
1493,113.380395,35.04822,1,1,-2
1493,113.655981,34.782404,2,2,1
1493,113.706137,28.231983,1,1,-2
1493,113.800877,31.677651,1,1,-2
1493,113.817509,34.039779,1,1,-2
1493,113.882888,27.626653,2,1,-2
1493,113.940302,35.026845,1,1,-2
1493,113.950214,33.83907,1,1,-2
1493,114.222922,30.567491,4,2,-1
1493,114.233796,36.390886,1,1,-2
1493,114.277937,27.83855,1,1,-2
1493,114.321987,28.208046,1,1,-2
1493,114.327734,34.829942,1,1,-2
1493,114.362077,38.068096,1,1,-1
1493,114.488338,34.438027,1,1,-2
1493,114.664109,27.844127,1,1,-2
1493,114.884114,33.705385,1,1,-2
1493,115.29058,28.364089,1,1,-2
1493,115.292203,34.110559,1,1,-2
1493,115.371853,33.891772,1,1,-2
1493,115.612363,30.011231,1,1,-2
1493,115.633567,33.332976,1,1,-2
1493,115.695722,32.131846,1,1,-2
1493,115.760293,30.869218,1,1,-2
1493,115.769528,36.774602,1,1,1
1493,115.825643,28.738125,1,1,-2
1493,115.843575,32.916121,1,1,-2
1493,115.899827,34.368241,1,1,-2
1493,115.964062,39.865015,2,2,1
1493,116.142202,34.221999,1,1,-2
1493,116.158322,32.196645,1,1,-2
1493,116.23351,31.283136,1,1,-2
1493,116.251361,32.657811,1,1,-2
1493,116.315022,33.96941,2,1,-2
1493,116.455781,31.710417,1,1,-2
1493,116.579792,33.214988,1,1,-2
1493,116.754211,32.258038,1,1,-2
1493,116.814339,31.306114,1,1,-2
1493,117.032343,33.032085,1,1,-2
1493,117.113426,36.607995,3,2,1
1493,117.156623,33.726215,1,1,-2
1493,117.266288,31.834359,3,2,-2
1493,117.321217,31.269636,1,1,-2
1493,117.530577,33.687112,1,1,-2
1493,117.591744,32.7898,1,1,-2
1493,117.714789,31.646091,1,1,-2
1493,117.753294,33.134278,1,1,-2
1493,117.853489,31.254384,1,1,-2
1493,117.876391,33.540753,2,1,-2
1493,118.090857,32.06522,1,1,-2
1493,118.19739,32.320397,1,1,-2
1493,118.273423,30.892843,1,1,-1
1493,118.52155,32.470418,1,1,-2
1493,118.524543,32.96793,1,1,-2
1493,118.784919,30.939445,1,1,-1
1493,118.824123,32.118003,1,1,-1
1493,118.837253,32.406633,1,1,-2
1493,118.961273,32.716928,1,1,-2
1493,118.961703,31.332019,1,1,-1
1493,119.280564,33.503341,1,1,-2
1493,119.311997,33.880774,1,1,-2
1493,119.490634,32.831306,1,1,-2
1493,119.69293,33.708995,1,1,-2
1493,121.494508,31.339228,1,1,-2
1493,123.437026,41.802868,1,1,1
1494,110.135862,33.044923,3,1,-2
1494,110.722338,32.863661,3,1,-2
1494,111.178182,32.565795,1,1,-2
1494,111.378524,28.284686,1,1,-2
1494,112.339132,27.773622,1,1,-2
1494,112.345782,28.130859,1,1,-2
1494,112.391808,35.099834,1,1,-2
1494,112.401776,27.084921,1,1,-1
1494,112.445027,28.513175,1,1,-2
1494,112.572861,31.241273,1,1,-2
1494,112.756646,34.915678,1,1,-2
1494,112.845739,32.619098,1,1,-2
1494,112.874911,35.129806,1,1,-2
1494,113.115321,30.646001,1,1,-2
1494,113.379049,30.290531,1,1,-2
1494,113.380395,35.04822,1,1,-2
1494,113.800877,31.677651,1,1,-2
1494,113.817509,34.039779,1,1,-2
1494,113.882888,27.626653,1,1,-2
1494,113.940302,35.026845,1,1,-2
1494,113.950214,33.83907,1,1,-2
1494,114.222922,30.567491,4,2,-1
1494,114.233796,36.390886,1,1,-2
1494,114.277937,27.83855,2,1,-2
1494,114.299273,32.923312,1,1,-2
1494,114.321987,28.208046,1,1,-2
1494,114.327734,34.829942,1,1,-2
1494,114.43283,28.997489,1,1,-1
1494,114.664109,27.844127,1,1,-2
1494,114.884114,33.705385,1,1,-2
1494,115.009617,29.26248,1,1,-1
1494,115.12872,29.825705,1,1,-2
1494,115.29058,28.364089,1,1,-2
1494,115.612363,30.011231,1,1,-2
1494,115.633567,33.332976,1,1,-2
1494,115.825643,28.738125,2,1,-2
1494,115.843575,32.916121,1,1,-2
1494,115.899827,34.368241,1,1,-2
1494,116.142202,34.221999,1,1,-2
1494,116.23351,31.283136,1,1,-2
1494,116.251361,32.657811,1,1,-2
1494,116.315022,33.96941,2,1,-2
1494,116.349202,27.922022,1,1,-2
1494,116.455781,31.710417,1,1,-2
1494,116.814339,31.306114,1,1,-2
1494,117.156623,33.726215,1,1,-2
1494,117.266288,31.834359,4,2,-2
1494,117.321217,31.269636,1,1,-2
1494,117.530577,33.687112,1,1,-2
1494,117.591744,32.7898,1,1,-2
1494,117.714789,31.646091,1,1,-2
1494,117.753294,33.134278,1,1,-2
1494,117.876391,33.540753,2,1,-2
1494,118.090857,32.06522,1,1,-2
1494,118.19739,32.320397,1,1,-2
1494,118.273423,30.892843,1,1,-1
1494,118.52155,32.470418,1,1,-2
1494,118.524543,32.96793,1,1,-2
1494,118.784919,30.939445,1,1,-1
1494,118.824123,32.118003,3,2,-2
1494,118.961273,32.716928,1,1,-2
1494,118.961703,31.332019,1,1,-1
1494,119.280564,33.503341,1,1,-2
1494,119.311997,33.880774,1,1,-2
1494,119.490634,32.831306,1,1,-2
1494,119.69293,33.708995,1,1,-2
1494,121.494508,31.339228,1,1,-2
1494,123.437026,41.802868,1,1,1
1495,103.495597,36.132975,1,1,-1
1495,107.061533,36.606711,1,1,-1
1495,107.672617,36.036959,1,1,-1
1495,108.259012,29.352215,1,1,-1
1495,111.178182,32.565795,1,1,-2
1495,112.554912,28.973582,1,1,-1
1495,112.79628,28.716401,1,1,-1
1495,112.831882,37.642125,1,1,-1
1495,112.92561,35.804133,1,1,-1
1495,112.995361,28.170764,1,1,-1
1495,114.054103,29.458803,1,1,-2
1495,114.222922,30.567491,1,1,-2
1495,114.277937,27.83855,1,1,-2
1495,114.603109,29.555069,1,1,-2
1495,114.969561,34.878611,1,1,-2
1495,115.12872,29.825705,2,1,-2
1495,115.587813,30.324486,1,1,-2
1495,115.825643,28.738125,1,1,-2
1495,116.940069,30.969716,1,1,-2
1495,117.113426,36.607995,1,1,-1
1496,108.259012,29.352215,2,1,-1
1496,112.554912,28.973582,1,1,-1
1496,112.79628,28.716401,1,1,-1
1496,112.831882,37.642125,1,1,-1
1496,112.95473,36.881944,2,1,-1
1496,112.995361,28.170764,1,1,-1
1496,114.054103,29.458803,1,1,-2
1496,114.603109,29.555069,1,1,-2
1496,115.12872,29.825705,1,1,-2
1496,115.825643,28.738125,1,1,-1
1496,115.964062,39.865015,3,2,1
1497,112.496367,37.8367,1,1,-1
1497,115.964062,39.865015,3,2,1
1497,116.918867,27.259167,1,1,-2
1497,120.397516,31.224485,1,1,1
1497,120.95298,31.323023,1,1,1
1497,121.127022,31.551683,1,1,1
1497,121.496292,31.406519,1,1,1
1498,102.879665,23.678477,1,1,-1
1498,106.727116,26.57191,1,1,1
1498,120.397516,31.224485,1,1,1
1498,120.95298,31.323023,1,1,1
1498,121.127022,31.551683,1,1,1
1498,121.496292,31.406519,1,1,1
1499,112.537606,22.371005,2,2,-2
1499,112.707218,22.026497,1,1,-1
1499,113.029033,22.443041,1,1,-1
1499,114.222922,30.567491,1,1,1
1499,121.145387,29.985842,1,1,-2
1500,121.145387,29.985842,1,1,-2
1501,99.302832,25.88846,1,1,-2
1501,108.810509,24.900026,1,1,-1
1501,109.499263,25.133291,1,1,-1
1501,112.12356,32.038704,1,1,-2
1501,112.496367,37.8367,1,1,-1
1501,116.851657,38.313006,1,1,-2
1501,117.257485,37.954032,1,1,-2
1501,119.057288,25.445707,1,1,-2
1501,120.397516,31.224485,1,1,-2
1501,120.74689,30.74445,1,1,-2
1501,120.896588,30.899904,1,1,-2
1501,121.212828,31.011963,2,1,-2
1501,121.636161,31.230935,1,1,-2
1501,121.667038,39.072158,1,1,-2
1501,121.843877,29.376544,1,1,-2
1501,123.307449,41.19131,1,1,1
1502,111.956865,26.457849,1,1,-2
1502,112.12356,32.038704,2,1,-2
1502,112.496367,37.8367,1,1,-1
1502,115.964062,39.865015,1,1,1
1502,119.057288,25.445707,1,1,-2
1502,120.180205,30.784307,1,1,-2
1502,120.397516,31.224485,3,1,-2
1502,120.74689,30.74445,1,1,-2
1502,120.896588,30.899904,1,1,-2
1502,121.212828,31.011963,2,1,-2
1502,121.636161,31.230935,1,1,-2
1502,121.843877,29.376544,1,1,-2
1503,112.12356,32.038704,1,1,-2
1503,115.350272,24.326808,1,1,-1
1503,115.964062,39.865015,2,1,1
1503,116.851657,38.313006,1,1,-1
1503,117.257485,37.954032,1,1,-1
1503,119.574934,30.623079,1,1,1
1503,119.810373,30.978497,1,1,-2
1503,120.180205,30.784307,2,1,-2
1503,120.263248,32.034773,1,1,-2
1503,120.397516,31.224485,3,1,-2
1504,100.775223,25.510498,1,1,-2
1504,110.722338,32.863661,1,1,-1
1504,111.178182,32.565795,2,1,-1
1504,112.70477700000001,27.284655,1,1,-2
1504,113.019823,38.507659,1,1,-1
1504,115.740597,24.261492,1,1,-1
1504,115.964062,39.865015,1,1,-1
1504,119.810373,30.978497,1,1,-2
1504,120.180205,30.784307,1,1,-2
1504,120.263248,32.034773,1,1,-2
1504,120.397516,31.224485,2,1,-2
1505,115.964062,39.865015,4,2,1
1505,120.26852,29.69283,1,1,-1
1506,102.19784,25.729542,1,1,-2
1506,110.278129,18.833584,1,1,-1
1506,115.964062,39.865015,3,1,1
1506,116.803207,37.678126,1,1,-2
1506,119.442397,33.221142,1,1,-2
1506,119.445274,32.406239,1,1,-2
1506,120.26852,29.69283,1,1,-1
1506,120.553937,32.784224,1,1,-2
1507,102.19784,25.729542,1,1,-1
1507,102.586614,25.940396,1,1,-1
1507,110.278129,18.833584,1,1,-1
1507,114.442864,38.536128,1,1,-2
1507,114.488338,34.438027,1,1,-1
1507,114.495002,36.612862,1,1,-2
1507,114.567739,38.188576,1,1,-2
1507,114.636185,36.760061,1,1,-2
1507,114.859335,36.86833,1,1,-2
1507,114.926169,36.238891,1,1,-2
1507,114.938575,38.179072,1,1,-2
1507,115.077955,37.982215,1,1,-2
1507,115.253926,37.48851,1,1,-2
1507,115.375087,37.069592,1,1,-2
1507,115.458741,37.548435,1,1,-2
1507,115.46172,37.281031,1,1,-2
1507,115.680216,37.033508,1,1,-2
1507,115.909497,38.044664,1,1,-2
1507,115.930435,37.818795,1,1,-2
1507,115.964062,39.865015,1,1,1
1507,116.395348,36.188024,1,1,-2
1507,116.731467,36.105607,1,1,-2
1507,116.803207,37.678126,1,1,-2
1507,117.569022,37.366248,1,1,-1
1507,118.921746,33.658644,1,1,-2
1508,112.034367,32.681389,2,1,1
1508,112.036338,34.007574,2,1,1
1508,112.404643,32.551413,1,1,1
1508,112.845739,32.619098,1,1,1
1508,113.676676,35.537564,1,1,-2
1508,114.067859,35.492828,1,1,-2
1508,114.15223,35.664597,1,1,-2
1508,114.421492,34.09855,1,1,1
1508,114.636185,36.760061,1,1,-2
1508,114.686809,36.418043,1,1,-2
1508,114.926169,36.238891,1,1,-2
1508,115.077955,37.982215,1,1,-2
1508,115.185699,37.076712,1,1,-2
1508,115.253926,37.48851,1,1,-2
1508,115.375087,37.069592,1,1,-2
1508,115.46172,37.281031,1,1,-2
1508,115.680216,37.033508,1,1,-2
1508,115.964062,39.865015,1,1,1
1508,116.168725,36.579578,1,1,-2
1508,116.23351,31.283136,1,1,-1
1508,116.395348,36.188024,1,1,-2
1508,116.603152,34.690638,1,1,-2
1508,116.731467,36.105607,1,1,-2
1508,116.889881,37.226715,1,1,-2
1508,117.779725,37.931604,1,1,-2
1508,117.889775,34.399354,1,1,-2
1508,118.079573,29.662758,1,1,-1
1508,118.462492,36.671324,1,1,-2
1508,118.824123,32.118003,1,1,-2
1508,118.921746,33.658644,2,1,-2
1508,120.553937,32.784224,1,1,-2
1508,121.521584,29.78289,1,1,-2
1508,121.721276,29.911732,1,1,-2
1508,122.149692,29.978884,1,1,-2
1509,112.036338,34.007574,1,1,1
1509,115.964062,39.865015,4,2,1
1509,116.158322,32.196645,1,1,-2
1509,116.23351,31.283136,1,1,-1
1509,116.446864,23.266574,1,1,-1
1509,116.603152,34.690638,1,1,-2
1509,117.889775,34.399354,1,1,-2
1509,118.53689,28.970845,1,1,-1
1509,118.824123,32.118003,2,1,-2
1509,118.921746,33.658644,1,1,-2
1509,118.961703,31.332019,1,1,-2
1509,119.027201,31.595081,1,1,-2
1509,119.355382,30.890992,1,1,-2
1509,119.367906,29.483861,1,1,-1
1509,119.490634,32.831306,1,1,-2
1509,119.52399,29.280686,1,1,-2
1509,119.548052,29.834181,1,1,-2
1509,119.638546,29.113251,1,1,-1
1509,119.707641,28.766648,1,1,-2
1509,120.052509,29.299493,1,1,-1
1509,120.357029,29.23291,1,1,-1
1509,120.479444,30.605512,1,1,-1
1509,120.553937,32.784224,1,1,-2
1509,120.896588,30.899904,1,1,-2
1509,121.083117,31.126945,1,1,-2
1509,121.212828,31.011963,2,1,-2
1509,121.494508,31.339228,1,1,-2
1509,121.521584,29.78289,1,1,-2
1509,121.636161,31.230935,1,1,-2
1509,121.721276,29.911732,1,1,-2
1509,121.843877,29.376544,1,1,-2
1509,122.149692,29.978884,1,1,-2
1510,110.130812,21.642227,2,2,-1
1510,112.496367,37.8367,1,1,-1
1510,114.279636,37.617672,1,1,1
1510,115.964062,39.865015,2,1,-1
1510,116.158322,32.196645,1,1,-2
1510,116.322292,37.449157,1,1,-1
1510,116.347494,23.591034,1,1,-1
1510,116.626431,23.71796,1,1,-1
1510,117.238552,28.998428,2,1,-2
1510,118.521082,37.143389,1,1,-2
1510,118.824123,32.118003,1,1,-2
1510,118.961703,31.332019,1,1,-2
1510,119.027201,31.595081,1,1,-2
1510,119.355382,30.890992,1,1,-2
1510,119.367906,29.483861,1,1,-1
1510,119.404196,36.01124,1,1,-1
1510,119.490634,32.831306,2,1,-2
1510,119.52399,29.280686,1,1,-2
1510,119.548052,29.834181,1,1,-2
1510,119.557319,26.297516,1,1,-1
1510,119.638546,29.113251,1,1,-1
1510,119.707641,28.766648,1,1,-2
1510,120.052509,29.299493,1,1,-1
1510,120.357029,29.23291,1,1,-1
1510,120.479444,30.605512,1,1,-1
1510,120.603069,31.309043,1,1,-2
1510,120.74689,30.74445,1,1,-2
1510,120.896588,30.899904,2,1,-2
1510,121.083117,31.126945,1,1,-2
1510,121.127022,31.551683,1,1,1
1510,121.212828,31.011963,2,1,-2
1510,121.494508,31.339228,1,1,-2
1510,121.636161,31.230935,1,1,-2
1510,121.843877,29.376544,1,1,-2
1511,110.130812,21.642227,1,1,-2
1511,112.737386,36.336311,1,1,-1
1511,114.488338,34.438027,1,1,-1
1511,115.877327,40.947453,1,1,-1
1511,115.964062,39.865015,3,1,1
1511,116.322292,37.449157,1,1,-1
1511,117.591744,32.7898,1,1,-2
1511,118.521082,37.143389,1,1,-2
1511,118.691146,25.462277,1,1,-2
1511,118.921746,33.658644,1,1,1
1511,119.442534,26.758676,1,1,-2
1511,119.490634,32.831306,1,1,-2
1511,119.981193,26.8636,4,1,-2
1511,120.74689,30.74445,1,1,-2
1511,120.896588,30.899904,1,1,-2
1511,121.521584,29.78289,1,1,1
1512,109.903451,24.996178,1,1,-2
1512,110.323305,25.176213,1,1,-2
1512,110.40287,25.376121,1,1,-2
1512,110.549079,24.13073,1,1,-2
1512,110.58637,25.602991,1,1,-2
1512,110.783967,24.550609,1,1,-2
1512,111.317824,23.486528,1,1,-2
1512,114.488338,34.438027,3,3,1
1512,115.009117,37.60311,1,1,-2
1512,115.458741,37.5484349999999,1,1,1
1512,115.528814,36.529058,1,1,-1
1512,115.891692,39.051086,1,1,1
1512,115.964062,39.865015,3,1,1
1512,117.205594,34.271614,1,1,-2
1512,117.266288,31.834359,1,1,-2
1512,117.591744,32.7898,1,1,-2
1512,119.280564,33.503341,1,1,-2
1512,119.367906,29.483861,1,1,-2
1512,119.548052,29.834181,1,1,-2
1513,109.903451,24.996178,1,1,-2
1513,110.323305,25.176213,1,1,-2
1513,110.40287,25.376121,1,1,-2
1513,110.549079,24.13073,1,1,-2
1513,110.783967,24.550609,1,1,-2
1513,111.239285,34.885707,1,1,-2
1513,111.317824,23.486528,1,1,-2
1513,113.510188,29.494562,1,1,-2
1513,114.488338,34.438027,1,1,1
1513,114.567739,38.188576,1,1,1
1513,115.29058,28.364089,1,1,-2
1513,115.458741,37.5484349999999,1,1,1
1513,115.810346,28.110976,1,1,-1
1513,115.825643,28.738125,1,1,-1
1513,115.891692,39.051086,1,1,1
1513,115.964062,39.865015,4,1,1
1513,116.051158,27.71364,1,1,-2
1513,116.170244,30.493943,1,1,-2
1513,116.242079,30.10287,1,1,-2
1513,116.277866,29.664389,1,1,-2
1513,116.327735,29.35216,1,1,-2
1513,116.538547,30.75048,1,1,-1
1513,116.572666,38.660989,1,1,1
1513,116.615462,29.830764,1,1,-2
1513,116.677558,30.240207,1,1,-2
1513,116.774043,29.240033,1,1,-2
1513,116.814339,31.306114,1,1,-2
1513,116.940069,30.969716,1,1,-1
1513,117.12265,30.582931,1,1,-1
1513,117.205594,34.271614,1,1,-2
1513,117.238552,28.998428,2,1,-2
1513,117.954446,28.432954,1,1,-1
1513,118.319558,29.185184,1,1,-2
1513,118.53689,28.970845,1,1,-2
1513,118.595391,28.577979,1,1,-2
1513,118.883178,28.937342,1,1,-2
1513,119.011685,33.501977,1,1,0
1513,119.186976,28.988432,1,1,-1
1513,119.280564,33.503341,1,1,-2
1513,119.591478,29.016509,1,1,-2
1513,119.78552,31.358953,1,1,-2
1513,120.180205,30.784307,1,1,-2
1513,120.335992,31.567522,1,1,-2
1513,120.397516,31.224485,3,1,-2
1513,120.479444,30.605512,1,1,-1
1513,120.737675,36.903649,1,1,-1
1513,120.808317,31.655226,1,1,-2
1513,120.896588,30.899904,1,1,-2
1513,122.000076,37.165634,1,1,-1
1514,111.239285,34.885707,2,2,-2
1514,113.182444,29.444069,2,2,-2
1514,113.510188,29.494562,1,1,-2
1514,114.488338,34.438027,3,1,-1
1514,114.567739,38.188576,1,1,1
1514,114.840176,34.093848,2,1,-1
1514,114.969561,34.878611,2,1,-1
1514,115.29058,28.364089,2,1,-2
1514,115.457071,35.281923,1,1,-2
1514,115.540685,34.826094,1,1,-2
1514,115.61468,35.101482,1,1,-2
1514,115.810346,28.110976,1,1,-1
1514,115.825643,28.738125,1,1,-1
1514,115.891692,39.051086,1,1,1
1514,115.964062,39.865015,4,1,1
1514,116.051158,27.71364,1,1,-2
1514,116.277866,29.664389,1,1,-2
1514,116.327735,29.35216,1,1,-2
1514,116.572666,38.660989,1,1,1
1514,116.615462,29.830764,1,1,-2
1514,116.814339,31.306114,1,1,-2
1514,117.238552,28.998428,1,1,-2
1514,118.595391,28.577979,1,1,-2
1514,119.011685,33.501977,1,1,0
1514,119.78552,31.358953,1,1,-2
1514,120.180205,30.784307,1,1,-2
1514,120.335992,31.567522,1,1,-2
1514,120.397516,31.224485,6,2,-2
1514,120.808317,31.655226,1,1,-2
1514,120.896588,30.899904,1,1,-2
1515,105.4731,30.418917,1,1,-2
1515,105.808705,30.142046,1,1,-2
1515,114.43283,28.997489,1,1,-1
1515,114.488338,34.438027,1,1,-2
1515,115.964062,39.865015,3,1,1
1515,116.484072,38.905601,1,1,-2
1515,119.080278,28.521588,1,1,-2
1515,119.280564,33.503341,1,1,0
1515,120.093664,28.934114,1,1,-2
1516,103.970981,29.224454,1,1,-2
1516,105.4731,30.418917,1,1,-2
1516,105.808705,30.142046,1,1,-2
1516,110.71989,35.382397,1,1,-1
1516,110.908784,26.544096,1,1,1
1516,114.488338,34.438027,1,1,-1
1516,115.964062,39.865015,7,1,1
1516,117.38886,26.729082,1,1,-1
1516,118.91285,36.537723,1,1,-1
1516,119.280564,33.503341,1,1,0
1516,119.438411,28.404181,1,1,-2
1516,120.052509,29.299493,1,1,-1
1517,102.490561,24.367589,1,1,-2
1517,103.970981,29.224454,1,1,-2
1517,115.528814,36.529058,1,1,1
1517,115.964062,39.865015,1,1,1
1517,118.824123,32.118003,2,1,-1
1517,118.961273,32.716928,1,1,-2
1517,120.479444,30.605512,1,1,-2
1517,120.74689,30.74445,1,1,-2
1517,121.09057,30.713245,1,1,-2
1517,121.145387,29.985842,1,1,-2
1518,114.222922,30.567491,1,1,-2
1518,114.351423,25.441629,1,1,-2
1518,115.077955,37.982215,1,1,-2
1518,115.528814,36.529058,1,1,1
1518,115.964062,39.865015,2,2,-2
1518,118.824123,32.118003,1,1,-1
1518,118.961273,32.716928,1,1,-2
1518,120.180205,30.784307,1,1,-2
1518,120.479444,30.605512,1,1,-2
1518,120.603069,31.309043,1,1,-1
1518,120.74689,30.74445,1,1,-2
1518,120.896588,30.899904,1,1,-2
1518,121.09057,30.713245,1,1,-2
1518,121.145387,29.985842,1,1,-2
1518,123.437026,41.802868,1,1,-1
1519,108.660878,22.04219,1,1,-2
1519,113.952217,30.444646,1,1,-2
1519,114.222922,30.567491,1,1,-2
1519,114.351423,25.441629,1,1,-2
1519,116.168725,36.579578,1,1,-2
1519,117.86445,26.906354,1,1,-2
1519,118.781007,25.852191,1,1,-2
1519,119.347178,26.144508,2,1,-2
1519,119.367906,29.483861,1,1,-2
1519,119.548052,29.834181,1,1,-1
1519,119.549308,25.909991,1,1,-1
1519,119.981193,26.8636,1,1,-2
1519,120.119623,30.234656,1,1,-2
1519,120.397516,31.224485,1,1,-2
1520,104.235041,30.675091,1,1,-2
1520,108.660878,22.04219,1,1,-2
1520,111.288207,30.672249,1,1,-2
1520,113.164625,40.156114,1,1,-1
1520,113.952217,30.444646,1,1,-2
1520,116.168725,36.579578,1,1,-2
1520,116.351624,26.757255,1,1,-1
1520,116.485741,27.112735,1,1,-1
1520,116.669473,27.519576,1,1,-1
1520,118.824123,32.118003,1,1,-2
1520,119.367906,29.483861,1,1,-2
1520,119.548052,29.834181,1,1,-1
1521,113.952217,30.444646,1,1,-2
1521,119.645608,27.054044,1,1,-2
1521,119.981193,26.8636,1,1,-1
1521,121.251353,31.353075,1,1,-1
1522,114.327734,34.829942,1,1,-1
1522,114.856621,32.408019,1,1,1
1522,115.633567,33.332976,1,1,1
1522,115.843575,32.916121,1,1,1
1522,116.158322,32.196645,1,1,1
1522,116.251361,32.657811,1,1,1
1522,116.754211,32.258038,1,1,1
1522,117.591744,32.7898,1,1,1
1522,117.889775,34.399354,1,1,-1
1523,112.404643,32.551413,1,1,-2
1523,113.182444,29.444069,1,1,-2
1523,114.327734,34.829942,1,1,-1
1523,114.686809,36.418043,1,1,-1
1523,114.755161,34.503741,1,1,-1
1523,114.856621,32.408019,1,1,1
1523,115.633567,33.332976,1,1,1
1523,115.843575,32.916121,1,1,1
1523,116.158322,32.196645,1,1,1
1523,116.251361,32.657811,2,2,1
1523,116.754211,32.258038,1,1,1
1523,117.156623,33.726215,1,1,-1
1523,117.530577,33.687112,1,1,-1
1523,117.591744,32.7898,2,2,1
1523,117.889775,34.399354,1,1,-1
1523,118.312148,34.646627,1,1,-1
1523,118.524543,32.96793,1,1,-2
1523,118.975431,39.911349,1,1,-1
1523,120.335992,31.567522,2,1,-2
1523,122.445574,40.227777,1,1,-2
1524,111.259721,28.912218,1,1,-2
1524,111.756205,29.020888,1,1,-2
1524,112.037102,28.864739,1,1,-2
1524,113.182444,29.444069,1,1,-2
1524,114.574444,36.255308,1,1,-1
1524,115.261162,30.503278,1,1,-2
1524,115.375087,37.069592,1,1,-1
1524,116.251361,32.657811,2,2,-1
1524,116.774043,29.240033,1,1,-2
1524,116.889881,37.226715,1,1,-2
1524,117.156623,33.726215,2,2,-1
1524,117.238552,28.998428,1,1,-2
1524,117.43086,40.002451,1,1,-1
1524,117.530577,33.687112,1,1,-1
1524,117.591744,32.7898,1,1,-1
1524,117.753294,33.134278,1,1,-2
1524,117.876391,33.540753,1,1,-2
1524,118.524543,32.96793,1,1,-2
1524,118.975431,39.911349,1,1,-1
1524,119.057288,25.445707,1,1,-1
1524,121.001502,28.256333,1,1,1
1524,122.445574,40.227777,1,1,-2
1525,110.699448,21.440841,1,1,-1
1525,113.365183,23.231574,1,1,-1
1525,114.840176,34.093848,1,1,-2
1525,116.154422,38.737234,1,1,-1
1525,119.057288,25.445707,1,1,-1
1525,119.355382,30.890992,1,1,-1
1525,120.119623,30.234656,1,1,1
1525,121.001502,28.256333,1,1,1
1525,123.437026,41.802868,2,1,-2
1526,110.438593,19.807475,1,1,-1
1526,110.699448,21.440841,1,1,-1
1526,113.164625,40.156114,1,1,-1
1526,113.365183,23.231574,1,1,-1
1526,115.619667,29.40058,1,1,-2
1526,120.263248,32.034773,1,1,-2
1526,123.437026,41.802868,2,1,-2
1527,107.605141,33.360797,1,1,-2
1527,108.534896,24.478563,1,1,-2
1527,108.660878,22.04219,1,1,-2
1527,109.345547,21.699334,1,1,-2
1527,109.888414,35.221708,1,1,-1
1527,111.178182,32.565795,1,1,1
1527,113.281379,31.886745,2,1,-2
1527,113.622431,31.303246,1,1,-2
1527,113.706137,28.231983,1,1,-2
1527,114.014955,31.1003,1,1,-2
1527,115.619667,29.40058,1,1,-2
1527,116.814339,31.306114,1,1,-2
1527,117.333408,35.638855,1,1,-1
1527,117.974511,35.25341,1,1,-2
1527,118.842952,37.018886,1,1,-2
1527,119.404196,36.01124,1,1,-2
1527,120.263248,32.034773,1,1,-2
1528,105.901831,28.488658,1,1,-1
1528,105.929163,34.410691,1,1,1
1528,107.169429,35.782019,1,1,1
1528,109.41124,34.097776,1,1,1
1528,110.384016,37.51371,2,2,-2
1528,111.178182,32.565795,1,1,1
1528,111.682061,22.218461,1,1,-1
1528,113.281379,31.886745,1,1,-2
1528,114.421492,34.09855,1,1,-2
1528,115.528814,36.529058,1,1,-1
1528,116.814339,31.306114,1,1,-2
1528,117.974511,35.25341,1,1,-2
1528,118.842952,37.018886,1,1,-2
1528,119.404196,36.01124,1,1,-2
1529,107.169429,35.782019,1,1,1
1529,111.173742,37.256505,1,1,-1
1529,112.464099,34.835163,1,1,-2
1529,112.496367,37.8367,1,1,-1
1529,114.421492,34.09855,2,2,-2
1529,115.077955,37.982215,1,1,-1
1529,115.573802,37.948909,1,1,-1
1529,115.909497,38.044664,1,1,-1
1529,115.964062,39.865015,2,2,1
1529,116.186178,37.660684,1,1,-1
1529,116.259384,38.478592,1,1,-1
1529,116.310097,37.902756,1,1,-1
1529,116.484072,38.905601,1,1,-1
1529,116.572666,38.660989,1,1,-1
1529,116.803207,37.678126,1,1,-1
1529,116.835172,38.560407,1,1,-1
1529,116.851657,38.313006,1,1,-1
1529,117.257485,37.954032,1,1,-1
1529,118.595391,28.577979,1,1,-1
1529,118.883178,28.937342,1,1,-1
1529,118.91285,36.537723,1,1,-1
1529,119.186976,28.988432,1,1,-1
1529,119.188204,32.388233,1,1,1
1529,120.119623,30.234656,1,1,-1
1529,120.603069,31.309043,1,1,1
1530,105.378057,30.904361,1,1,-1
1530,105.539103,30.622227,1,1,-1
1530,105.808705,30.142046,1,1,-1
1530,111.824898,35.697788,1,1,-1
1530,112.464099,34.835163,1,1,-2
1530,114.174277,38.502779,1,1,0
1530,116.123493,25.131949,1,1,-1
1530,116.357326,25.69121,1,1,-1
1530,116.663243,26.304059,1,1,-1
1530,117.38886,26.729082,1,1,-1
1530,119.143487,27.629307,1,1,-1
1530,119.188204,32.388233,1,1,1
1530,119.591478,29.016509,1,1,-1
1530,120.052509,29.299493,1,1,-1
1530,120.568183,32.264155,1,1,-1
1531,106.741684,35.512204,1,1,-1
1531,111.646104,36.32054,1,1,-2
1531,111.824898,35.697788,1,1,-2
1531,114.421492,34.09855,1,1,-1
1531,116.803207,37.678126,1,1,-1
1531,119.874124,27.53544,1,1,-1
1531,119.981193,26.8636,1,1,-1
1531,120.568183,32.264155,1,1,-1
1532,105.388994,29.994098,1,1,-2
1532,106.709277,31.158585,1,1,-2
1532,109.039873,36.011618,2,1,-1
1532,109.158053,22.771709,1,1,-1
1532,110.308105,19.485155,1,1,-2
1532,111.682061,22.218461,1,1,-2
1532,111.710941,23.558455,1,1,-1
1532,111.973941,23.273644,1,1,0
1532,113.24051300000001,25.243834,1,1,-2
1532,113.577562,24.802466,1,1,-2
1532,114.018497,24.419215,1,1,-2
1532,114.477124,23.00851,1,1,-1
1532,115.431618,26.422068,1,1,-2
1532,116.347494,23.591034,1,1,-1
1532,116.446864,23.266574,1,1,-1
1532,117.073119,25.213487,1,1,-2
1532,117.113008,26.862022,2,2,-1
1532,117.186397,24.317259,1,1,-2
1532,117.38886,26.729082,1,1,-1
1532,117.468772,27.232468,1,1,-1
1532,117.609583,24.595799,1,1,-1
1532,118.153456,24.744127,3,2,-1
1532,118.547427,24.728931,1,1,-1
1532,118.691146,25.462277,1,1,-2
1532,118.781007,25.852191,1,1,-1
1532,118.814037,25.046039,1,1,-1
1532,119.057288,25.445707,1,1,-2
1532,119.109986,26.176298,1,1,-2
1532,119.442534,26.758676,1,1,-1
1533,108.250418,23.252757,1,1,-2
1533,109.158053,22.771709,1,1,-1
1533,109.859922,33.893032,1,1,-2
1533,109.980728,22.684493,1,1,-2
1533,110.174284,37.82237,1,1,-1
1533,110.261459,34.162538,1,1,-2
1533,110.384016,37.51371,1,1,-1
1533,110.608911,36.731291,1,1,-1
1533,110.740675,37.027857,1,1,-1
1533,110.75103,33.408108,1,1,-2
1533,111.2995,37.541936,1,1,-1
1533,111.682061,22.218461,1,1,-2
1533,111.710941,23.558455,1,1,-1
1533,111.973941,23.273644,2,2,0
1533,112.464099,34.835163,1,1,-2
1533,112.496367,37.8367,1,1,-1
1533,112.726518,37.40028,2,2,-2
1533,113.24051300000001,25.243834,1,1,-2
1533,113.577562,24.802466,1,1,-2
1533,114.018497,24.419215,1,1,-2
1533,114.321987,28.208046,1,1,-1
1533,115.12872,29.825705,1,1,-2
1533,115.350272,24.326808,1,1,-2
1533,116.79589,36.417181,1,1,-1
1533,117.38886,26.729082,1,1,-2
1533,118.153456,24.744127,1,1,-1
1533,118.547427,24.728931,1,1,-1
1533,118.814037,25.046039,1,1,-1
1533,119.057288,25.445707,1,1,-2
1533,119.645608,27.054044,1,1,-2
1534,103.864607,25.638558,1,1,-2
1534,108.250418,23.252757,1,1,-2
1534,109.039873,36.011618,1,1,-2
1534,110.908784,26.544096,1,1,-2
1534,111.973941,23.273644,1,1,-1
1534,115.12872,29.825705,1,1,-2
1534,115.350272,24.326808,1,1,-2
1534,117.38886,26.729082,1,1,-2
1534,117.569022,37.366248,1,1,-1
1534,118.312148,34.646627,1,1,-2
1535,106.055366,35.250492,1,1,-1
1535,107.034913,33.181593,1,1,-1
1535,109.039873,36.011618,1,1,-2
1535,112.671022,22.81968,1,1,-1
1535,114.102496,24.844709,1,1,-1
1535,114.373526,25.183812,1,1,-1
1535,115.964062,39.865015,1,1,1
1535,119.080278,28.521588,1,1,-2
1536,112.12356,32.038704,1,1,-2
1536,112.671022,22.81968,1,1,-2
1536,114.408186,23.109704,1,1,-1
1536,114.755161,34.503741,1,1,-2
1536,114.807674,35.895753,1,1,-2
1536,115.240925,36.301099,1,1,-2
1536,115.964062,39.865015,1,1,1
1536,117.156623,33.726215,1,1,-1
1536,117.530577,33.687112,1,1,-2
1536,117.591744,32.7898,1,1,-2
1536,119.591478,29.016509,1,1,-2
1537,109.907519,32.726062,1,1,-1
1537,111.753663,31.643223,1,1,1
1537,111.973941,23.273644,1,1,-1
1537,112.671022,22.81968,2,1,-2
1537,113.028346,23.065631,1,1,-2
1537,113.440685,22.889931,1,1,-2
1537,114.408186,23.109704,1,1,-1
1537,115.810346,28.110976,1,1,-1
1537,116.081526,37.234976,1,1,-1
1537,116.242079,30.10287,1,1,-2
1537,116.677558,30.240207,1,1,-2
1537,117.156623,33.726215,1,1,-1
1537,117.530577,33.687112,1,1,-2
1537,117.591744,32.7898,1,1,-2
1537,117.714789,31.646091,1,1,-2
1537,119.591478,29.016509,1,1,-2
1538,104.721326,36.731512,1,1,-2
1538,111.753663,31.643223,1,1,1
1538,112.671022,22.81968,1,1,-2
1538,113.028346,23.065631,1,1,-2
1538,113.440685,22.889931,1,1,-2
1538,117.714789,31.646091,1,1,-1
1539,101.320649,24.868338,1,1,-1
1539,104.721326,36.731512,1,1,-2
1539,106.246147,36.153669,1,1,-1
1539,107.936135,26.629914,1,1,-1
1539,111.646104,36.32054,2,1,-2
1539,112.12356,32.038704,1,1,-2
1539,112.276876,36.696715,1,1,-1
1539,112.345782,28.130859,1,1,-1
1539,112.64018,36.701548,1,1,-1
1539,115.825643,28.738125,1,1,-1
1539,119.188204,32.388233,1,1,-1
1539,119.591478,29.016509,1,1,1
1540,111.646104,36.32054,1,1,-2
1540,112.345782,28.130859,1,1,-1
1540,115.29058,28.364089,1,1,1
1540,115.964062,39.865015,3,1,1
1540,117.321217,31.269636,1,1,-1
1540,117.700673,28.107485,1,1,-1
1540,117.714789,31.646091,1,1,-2
1540,117.876391,33.540753,1,1,-1
1540,118.837253,32.406633,1,1,-1
1540,118.961273,32.716928,1,1,-1
1540,119.591478,29.016509,1,1,-1
1540,120.26852,29.69283,1,1,1
1541,105.4731,30.418917,1,1,-2
1541,105.808705,30.142046,1,1,-2
1541,113.164625,40.156114,1,1,-1
1541,113.808131,40.21567,1,1,-1
1541,115.964062,39.865015,4,3,1
1541,116.803207,37.678126,1,1,-1
1541,116.851657,38.313006,1,1,-1
1541,117.257485,37.954032,1,1,-1
1541,117.321217,31.269636,1,1,-1
1541,117.451187,37.795177,1,1,-1
1541,118.090857,32.06522,1,1,-2
1541,120.26852,29.69283,1,1,1
1541,120.568183,32.264155,2,1,-1
1542,108.250418,23.252757,1,1,-1
1542,115.964062,39.865015,1,1,-1
1542,116.168725,36.579578,1,1,-1
1542,118.090857,32.06522,1,1,-2
1542,118.52155,32.470418,1,1,-1
1543,106.246147,36.153669,2,1,-1
1543,108.250418,23.252757,1,1,-1
1543,116.168725,36.579578,1,1,-1
1543,117.800173,24.736195,1,1,-1
1543,118.382185,35.106435,1,1,-2
1544,112.401776,27.084921,1,1,1
1544,113.35372,26.578865,1,1,1
1544,113.940302,35.026845,1,1,-2
1544,114.362077,38.068096,1,1,1
1544,114.877995,33.272712,1,1,-2
1544,114.884114,33.705385,1,1,-2
1544,115.0764,31.213057,2,2,1
1544,116.170244,30.493943,1,1,1
1544,116.239228,27.392578,1,1,-1
1544,116.814339,31.306114,1,1,-1
1544,116.940069,30.969716,1,1,1
1544,117.12265,30.582931,1,1,1
1544,117.266288,31.834359,1,1,-1
1544,119.920709,31.748661,1,1,-1
1544,120.397516,31.224485,1,1,1
1544,120.74689,30.74445,1,1,1
1544,120.896588,30.899904,1,1,1
1545,112.496367,37.8367,2,1,-1
1545,112.726518,37.40028,1,1,-1
1545,112.831882,37.642125,2,2,-1
1545,114.362077,38.068096,1,1,1
1545,116.814339,31.306114,1,1,-1
1545,117.266288,31.834359,1,1,-1
1545,118.05561,36.643938,1,1,-1
1545,118.382185,35.106435,1,1,-1
1545,120.119623,30.234656,1,1,-1
1545,120.74689,30.74445,2,1,1
1545,120.896588,30.899904,1,1,1
1546,106.01642,33.890852,1,1,-2
1546,112.496367,37.8367,2,1,-1
1546,112.726518,37.40028,2,1,-1
1546,112.831882,37.642125,3,2,-1
1546,115.0764,31.213057,1,1,-2
1546,115.740597,24.261492,1,1,-1
1546,115.964062,39.865015,2,2,1
1546,120.74689,30.74445,2,1,1
1546,120.896588,30.899904,1,1,1
1547,106.01642,33.890852,1,1,-1
1547,106.601459,35.200482,2,1,-1
1547,106.727116,26.57191,1,1,-1
1547,106.741684,35.512204,1,1,-1
1547,106.897672,27.702517,1,1,-1
1547,109.888414,35.221708,1,1,-1
1547,110.130812,21.642227,1,1,-1
1547,110.96678,22.031322,1,1,-1
1547,111.754212,32.433518,1,1,0
1547,112.276876,36.696715,1,1,-1
1547,112.496367,37.8367,1,1,-1
1547,112.831882,37.642125,2,1,-1
1547,113.028346,23.065631,1,1,-2
1547,113.377292,22.519411,1,1,-2
1547,113.800877,31.677651,1,1,-1
1547,116.168725,36.579578,1,1,-1
1547,120.74689,30.74445,1,1,1
1547,120.896588,30.899904,1,1,1
1548,102.700122,25.054449,1,1,-1
1548,106.152635,33.378178,1,1,1
1548,106.601459,35.200482,1,1,-1
1548,111.754212,32.433518,1,1,0
1548,116.168725,36.579578,1,1,-2
1548,116.579792,33.214988,1,1,-1
1548,116.754211,32.258038,1,1,-1
1548,117.605709,35.894811,1,1,-1
1548,117.833896,37.166847,1,1,-1
1548,119.188204,32.388233,1,1,-1
1548,119.280564,33.503341,1,1,-2
1548,119.445274,32.406239,1,1,-1
1548,120.848944,37.655065,1,1,-2
1548,120.888912,37.307065,1,1,-2
1548,121.249636,37.467374,1,1,-2
1548,121.667038,39.072158,1,1,-2
1549,106.152635,33.378178,3,3,1
1549,111.947582,37.45225,2,1,-1
1549,113.164625,40.156114,1,1,-1
1549,114.282941,23.347794,1,1,-1
1549,114.408186,23.109704,1,1,-1
1549,115.628362,23.798352,1,1,-1
1549,115.740597,24.261492,1,1,-1
1549,115.964062,39.865015,1,1,1
1549,116.168725,36.579578,1,1,-2
1549,116.455781,31.710417,1,1,-1
1549,121.667038,39.072158,1,1,-2
1550,106.01642,33.890852,1,1,-2
1550,106.152635,33.378178,1,1,1
1550,111.646104,36.32054,1,1,-1
1550,111.824898,35.697788,1,1,-1
1550,112.726518,37.40028,1,1,-1
1550,114.282941,23.347794,1,1,-1
1550,114.356715,26.340542,1,1,-2
1550,114.408186,23.109704,1,1,-1
1550,114.439528,27.359166,1,1,-2
1550,114.846933,28.197387,1,1,-2
1550,115.045273,37.266765,1,1,1
1550,115.628362,23.798352,1,1,-1
1550,115.740597,24.261492,2,2,-1
1550,115.909497,38.044664,1,1,-1
1550,115.928853,29.995718,1,1,-1
1550,115.964062,39.865015,1,1,1
1550,116.455781,31.710417,2,1,-1
1550,117.876391,33.540753,1,1,-2
1550,118.524543,32.96793,1,1,-2
1551,106.01642,33.890852,1,1,-2
1551,112.717394,33.748044,1,1,-1
1551,113.846896,36.012216,1,1,1
1551,114.356715,26.340542,1,1,-2
1551,114.439528,27.359166,2,1,-2
1551,115.0764,31.213057,2,2,-1
1551,115.740597,24.261492,1,1,-2
1551,115.964062,39.865015,1,1,-2
1551,117.569022,37.366248,1,1,-2
1552,112.77544,27.667837,1,1,-2
1552,113.846896,36.012216,1,1,1
1552,115.964062,39.865015,1,1,1
1552,117.974511,35.25341,1,1,1
1552,118.462492,36.671324,1,1,-2
1552,118.837253,32.406633,1,1,1
1552,118.842952,37.018886,1,1,-2
1552,118.91285,36.537723,1,1,-2
1552,119.145637,36.328617,1,1,-2
1552,119.156925,36.791958,1,1,-2
1552,120.848944,37.655065,1,1,-1
1553,109.039873,36.011618,1,1,-1
1553,112.425986,34.657989,1,1,-2
1553,112.496367,37.8367,1,1,-2
1553,112.71889,34.625452,1,1,-2
1553,112.726518,37.40028,1,1,-1
1553,112.77544,27.667837,1,1,-2
1553,115.964062,39.865015,3,1,1
1553,116.349202,27.922022,1,1,1
1553,116.745557,27.93256,1,1,1
1553,117.974511,35.25341,1,1,1
1553,118.462492,36.671324,1,1,-2
1553,118.842952,37.018886,1,1,-2
1553,118.91285,36.537723,1,1,-2
1553,119.145637,36.328617,1,1,-2
1553,119.156925,36.791958,1,1,-2
1554,109.039873,36.011618,1,1,-2
1554,112.77544,27.667837,1,1,-2
1554,114.014955,31.1003,1,1,-2
1554,114.755161,34.503741,1,1,-1
1554,115.964062,39.865015,3,1,1
1554,116.349202,27.922022,1,1,1
1554,116.745557,27.93256,1,1,1
1554,118.05561,36.643938,1,1,1
1554,120.745383,29.582772,1,1,-1
1555,108.997177,34.31605,1,1,-1
1555,110.386921,35.571728,1,1,-1
1555,114.757134,35.218604,1,1,-1
1555,114.884114,33.705385,1,1,-2
1555,115.964062,39.865015,1,1,1
1555,118.05561,36.643938,1,1,1
1555,118.975431,39.911349,1,1,-2
1555,120.175516,28.661372,1,1,-2
1556,114.884114,33.705385,1,1,-2
1556,117.266288,31.834359,1,1,-2
1556,117.438854,25.37568,1,1,-2
1556,118.05561,36.643938,1,1,-2
1556,119.109986,26.176298,1,1,-2
1556,119.557319,26.297516,1,1,-2
1556,119.707641,28.766648,1,1,-2
1556,122.149692,29.978884,1,1,-2
1556,123.307449,41.19131,1,1,-1
1557,110.611939,34.710098,1,1,-2
1557,111.239285,34.885707,1,1,-2
1557,112.496367,37.8367,2,1,-2
1557,115.0764,31.213057,1,1,-2
1557,115.964062,39.865015,1,1,1
1557,118.05561,36.643938,1,1,-2
1557,122.149692,29.978884,1,1,-2
1558,112.052395,38.394142,2,1,-2
1558,113.655981,34.782404,1,1,-1
1558,114.379902,40.133757,1,1,-2
1558,114.489139,40.55092,1,1,-2
1558,114.696784,39.873253,1,1,-2
1558,115.209711,40.097282,1,1,-2
1558,115.620694,40.340792,1,1,-2
1558,115.964062,39.865015,1,1,1
1559,104.721326,36.731512,1,1,-2
1559,112.527859,33.024811,1,1,1
1559,121.251353,31.353075,1,1,1
1559,121.514319,31.653919,1,1,1
1560,104.721326,36.731512,1,1,-2
1560,105.901831,28.488658,1,1,-1
1560,106.727116,26.57191,1,1,-1
1560,107.435944,35.34752,1,1,-1
1560,114.846933,28.197387,1,1,-1
1560,115.026816,36.737737,1,1,-2
1560,115.057226,25.894162,1,1,-2
1560,115.825643,28.738125,1,1,-1
1560,115.964062,39.865015,1,1,1
1560,117.266288,31.834359,1,1,-1
1560,118.319558,29.185184,1,1,-2
1560,118.784919,30.939445,1,1,-1
1560,118.824123,32.118003,1,1,-2
1560,118.837253,32.406633,1,1,-2
1560,118.961703,31.332019,1,1,-1
1560,119.370599,31.423776,1,1,-2
1560,121.514319,31.653919,1,1,1
1561,106.727116,26.57191,1,1,-1
1561,110.844686,30.481868,1,1,-2
1561,111.239285,34.885707,1,1,1
1561,111.368082,30.291679,1,1,-2
1561,112.757914,30.337941,1,1,-2
1561,114.752631,30.330987,1,1,-2
1561,115.026816,36.737737,1,1,-2
1561,115.057226,25.894162,1,1,-2
1561,115.810346,28.110976,1,1,-1
1561,115.825643,28.738125,1,1,-2
1561,115.964062,39.865015,2,1,1
1561,117.753294,33.134278,2,2,-2
1561,117.876391,33.540753,1,1,-2
1561,118.319558,29.185184,2,1,-2
1561,118.654494,30.157804,1,1,-2
1561,118.784919,30.939445,1,1,-1
1561,118.824123,32.118003,1,1,-2
1561,118.837253,32.406633,1,1,-2
1561,118.961703,31.332019,1,1,-1
1561,119.370599,31.423776,1,1,-2
1561,119.548052,29.834181,1,1,-2
1561,120.119623,30.234656,1,1,-1
1561,120.180205,30.784307,1,1,-1
1561,120.397516,31.224485,1,1,-1
1561,120.479444,30.605512,2,1,-2
1561,120.95298,31.323023,1,1,-1
1561,121.496292,31.406519,1,1,-1
1562,106.055366,35.250492,2,1,-1
1562,106.134567,34.737282,1,1,-1
1562,111.239285,34.885707,1,1,1
1562,112.3723,37.583745,1,1,-1
1562,112.97335,36.572961,1,1,-2
1562,113.092022,36.262925,1,1,-2
1562,114.755161,34.503741,1,1,-1
1562,115.457071,35.281923,1,1,-2
1562,115.61468,35.101482,1,1,-2
1562,115.964062,39.865015,1,1,1
1562,117.876391,33.540753,1,1,-2
1562,120.119623,30.234656,1,1,-1
1563,101.320649,24.868338,1,1,-1
1563,104.721326,36.731512,1,1,-1
1563,111.710941,23.558455,1,1,-2
1563,114.884114,33.705385,1,1,1
1563,115.164271,33.291236,1,1,1
1563,115.281552,34.455828,1,1,-1
1563,115.964062,39.865015,1,1,1
1563,116.30516,28.440081,1,1,-1
1563,116.79589,36.417181,1,1,-1
1563,117.38886,26.729082,1,1,-2
1563,117.876391,33.540753,1,1,-2
1563,118.068095,39.806847,1,1,-1
1563,118.837253,32.406633,1,1,-1
1563,119.385337,40.006979,1,1,-1
1564,106.055366,35.250492,1,1,1
1564,108.126288,34.777843,1,1,-1
1564,111.710941,23.558455,1,1,-2
1564,112.71889,34.625452,1,1,-2
1564,113.028346,23.065631,1,1,-1
1564,113.181483,22.846525,1,1,-1
1564,114.884114,33.705385,2,1,1
1564,115.164271,33.291236,2,1,1
1564,115.695722,32.131846,1,1,-2
1564,115.964062,39.865015,1,1,1
1564,116.360657,26.302222,1,1,-2
1564,116.79589,36.417181,1,1,-1
1564,117.38886,26.729082,1,1,-2
1564,117.876391,33.540753,2,1,-2
1564,118.524543,32.96793,1,1,-2
1564,119.490634,32.831306,1,1,-2
1564,119.557319,26.297516,1,1,-2
1564,119.634331,39.958169,1,1,-2
1564,120.119623,30.234656,1,1,1
1564,120.74689,30.74445,1,1,1
1565,106.055366,35.250492,1,1,1
1565,106.897672,27.702517,1,1,-1
1565,110.323305,25.176213,1,1,-2
1565,110.40287,25.376121,1,1,-2
1565,110.58637,25.602991,1,1,-2
1565,111.646104,36.32054,1,1,1
1565,112.554912,28.973582,1,1,-2
1565,114.884114,33.705385,1,1,1
1565,115.164271,33.291236,1,1,1
1565,115.695722,32.131846,1,1,-2
1565,115.964062,39.865015,1,1,1
1565,116.360657,26.302222,1,1,-2
1565,116.79589,36.417181,1,1,-1
1565,117.073119,25.213487,1,1,-2
1565,117.238552,28.998428,1,1,-2
1565,117.266288,31.834359,1,1,-2
1565,117.876391,33.540753,1,1,-2
1565,118.244928,25.667096,1,1,-2
1565,118.375021,25.012417,1,1,-2
1565,118.524543,32.96793,1,1,-2
1565,118.547427,24.728931,1,1,-2
1565,118.814037,25.046039,1,1,-2
1565,119.188204,32.388233,1,1,-1
1565,119.438411,28.404181,1,1,-2
1565,119.445274,32.406239,1,1,-1
1565,119.490634,32.831306,1,1,-1
1565,119.557319,26.297516,2,1,-2
1565,119.920709,31.748661,1,1,-2
1565,120.263248,32.034773,1,1,-1
1566,106.897672,27.702517,1,1,-2
1566,109.221297,34.875364,1,1,1
1566,110.844686,30.481868,1,1,-2
1566,111.368082,30.291679,2,1,-2
1566,112.459198,37.2879,1,1,-1
1566,112.554912,28.973582,1,1,-2
1566,113.044269,34.939238,1,1,-2
1566,113.622431,31.303246,1,1,-2
1566,113.671034,30.623619,1,1,-2
1566,113.940302,35.026845,1,1,-2
1566,114.014955,31.1003,1,1,-2
1566,114.752631,30.330987,1,1,-2
1566,114.757134,35.218604,1,1,-2
1566,114.843793,30.070238,1,1,-2
1566,114.884114,33.705385,1,1,-1
1566,114.979465,30.654595,1,1,-1
1566,115.057226,25.894162,1,1,1
1566,115.261162,30.503278,1,1,-1
1566,115.695722,32.131846,1,1,-2
1566,115.928853,29.995718,1,1,-2
1566,115.964062,39.865015,1,1,1
1566,116.168481,39.036874,1,1,-1
1566,116.239228,27.392578,1,1,1
1566,116.404527,34.45225,1,1,-2
1566,117.266288,31.834359,2,1,-2
1566,118.375021,25.012417,1,1,-2
1566,118.547427,24.728931,1,1,-2
1566,119.438411,28.404181,1,1,-2
1566,119.52399,29.280686,1,1,-2
1566,120.263248,32.034773,1,1,-1
1567,105.125604,33.285917,1,1,-1
1567,105.494801,31.898088,1,1,-1
1567,109.221297,34.875364,1,1,1
1567,110.844686,30.481868,1,1,-2
1567,111.368082,30.291679,2,1,-2
1567,112.726518,37.40028,1,1,-1
1567,113.044269,34.939238,1,1,-2
1567,113.671034,30.623619,1,1,-2
1567,114.014955,31.1003,1,1,-1
1567,114.752631,30.330987,2,1,-2
1567,114.884114,33.705385,1,1,-2
1567,114.979465,30.654595,1,1,-1
1567,115.928853,29.995718,1,1,-2
1567,115.964062,39.865015,6,3,1
1567,116.162124,38.23564,1,1,-1
1567,116.168481,39.036874,1,1,-1
1567,116.715767,40.145275,1,1,-2
1567,116.814339,31.306114,1,1,-2
1567,117.266288,31.834359,5,1,-2
1567,117.333408,35.638855,1,1,-2
1567,117.714789,31.646091,1,1,-2
1567,118.523523,32.032504,1,1,-1
1567,118.824123,32.118003,1,1,-2
1567,118.837253,32.406633,1,1,-2
1567,119.367906,29.483861,1,1,-2
1567,119.52399,29.280686,1,1,-2
1568,107.034913,33.181593,1,1,-2
1568,114.222922,30.567491,1,1,-1
1568,114.843793,30.070238,1,1,-1
1568,115.633567,33.332976,1,1,-2
1568,115.797805,33.78086,1,1,-2
1568,115.843575,32.916121,1,1,-2
1568,115.964062,39.865015,1,1,1
1568,116.168725,36.579578,1,1,-1
1568,116.322292,37.449157,1,1,-2
1568,117.266288,31.834359,1,1,-2
1568,117.333408,35.638855,1,1,-2
1568,119.367906,29.483861,1,1,-2
1568,119.981765,32.956244,1,1,1
1568,120.553937,32.784224,1,1,1
1568,120.74689,30.74445,1,1,1
1569,105.502077,29.466288,1,1,-2
1569,106.628137,29.366071,1,1,-2
1569,106.668002,28.872341,1,1,-2
1569,113.475516,27.170459,1,1,-2
1569,114.969561,34.878611,1,1,-1
1569,115.797805,33.78086,1,1,-2
1569,115.843575,32.916121,1,1,-2
1569,115.964062,39.865015,1,1,-1
1569,116.081526,37.234976,1,1,1
1569,116.322292,37.449157,1,1,-2
1569,119.188204,32.388233,1,1,-2
1569,120.479444,30.605512,1,1,-1
1569,121.494508,31.339228,2,2,1
1570,98.496231,25.273071,1,1,-2
1570,109.15396,27.671839,1,1,-2
1570,112.459198,37.2879,1,1,-1
1570,113.028346,23.065631,1,1,-2
1570,113.365183,23.231574,1,1,-2
1570,113.475516,27.170459,1,1,-2
1570,114.222922,30.567491,1,1,1
1570,114.752631,30.330987,1,1,1
1570,114.969561,34.878611,1,1,-1
1570,115.964062,39.865015,1,1,1
1570,116.604063,28.217876,1,1,-1
1570,116.609853,28.679305,1,1,-1
1570,119.188204,32.388233,1,1,-2
1570,119.52399,29.280686,1,1,-2
1571,112.3723,37.583745,1,1,-2
1571,112.459198,37.2879,1,1,-1
1571,114.222922,30.567491,1,1,1
1571,114.752631,30.330987,2,1,1
1571,115.964062,39.865015,1,1,1
1571,116.303986,35.047981,1,1,0
1572,111.646104,36.32054,1,1,1
1572,111.824898,35.697788,1,1,1
1572,113.877259,22.937863,1,1,1
1572,113.911405,33.369256,1,1,-2
1572,114.421492,34.09855,1,1,-1
1572,114.43283,28.997489,1,1,-2
1572,114.752631,30.330987,1,1,1
1572,115.039849,38.460863,2,1,-1
1572,115.46172,37.281031,1,1,-1
1572,115.964062,39.865015,1,1,1
1572,116.168481,39.036874,1,1,-1
1572,117.266288,31.834359,1,1,-2
1572,117.714789,31.646091,1,1,-2
1572,118.024299,36.986652,1,1,-2
1572,118.837253,32.406633,1,1,1
1572,119.645608,27.054044,1,1,-2
1572,120.119623,30.234656,1,1,-2
1573,111.646104,36.32054,1,1,1
1573,111.824898,35.697788,1,1,1
1573,113.911405,33.369256,1,1,-2
1573,114.43283,28.997489,1,1,-2
1573,115.964062,39.865015,1,1,1
1573,116.168481,39.036874,1,1,-1
1573,116.322292,37.449157,1,1,1
1573,118.219272,37.18507,1,1,-2
1573,118.837253,32.406633,1,1,1
1574,103.698986,25.03936,1,1,-1
1574,103.864607,25.638558,1,1,-1
1574,113.622431,31.303246,1,1,-1
1574,114.381408,29.850263,1,1,-1
1574,116.322292,37.449157,1,1,1
1574,119.404196,36.01124,1,1,-2
1574,120.119623,30.234656,1,1,1
1574,121.496292,31.406519,1,1,-2
1575,103.698986,25.03936,1,1,-2
1575,103.864607,25.638558,1,1,-2
1575,116.669473,27.519576,1,1,1
1575,120.553937,32.784224,1,1,-2
1575,121.231712,30.833118,1,1,1
1576,106.13227,32.906415,1,1,-2
1576,106.754372,33.987021,1,1,-2
1576,107.034913,33.181593,1,1,-2
1576,107.605141,33.360797,1,1,-2
1576,108.940923,35.624639,1,1,-2
1576,112.153296,29.443949,1,1,-1
1576,114.218387,35.276745,1,1,-2
1576,116.158322,32.196645,1,1,-1
1576,116.669473,27.519576,1,1,1
1576,117.775001,29.324258,1,1,-1
1576,118.654494,30.157804,1,1,-1
1577,110.40287,25.376121,1,1,-2
1577,112.12356,32.038704,1,1,-2
1577,115.057226,25.894162,1,1,1
1577,118.524543,32.96793,1,1,-2
1577,118.53689,28.970845,1,1,-1
1577,118.883178,28.937342,1,1,-1
1577,120.180205,30.784307,1,1,-2
1577,120.603069,31.309043,1,1,-2
1577,120.625761,31.01201,1,1,-2
1577,120.808317,31.655226,1,1,-2
1577,121.083117,31.126945,1,1,-2
1577,121.494508,31.339228,1,1,-2
1578,109.221297,34.875364,1,1,-1
1578,110.016545,34.796995,2,2,-1
1578,110.58637,25.602991,1,1,-2
1578,111.646104,36.32054,2,1,-2
1578,111.824898,35.697788,1,1,-2
1578,111.997073,36.304664,1,1,-1
1578,112.294898,36.157182,1,1,-1
1578,112.572861,31.241273,1,1,-2
1578,112.757914,30.337941,1,1,-2
1578,113.029033,22.443041,1,1,-1
1578,113.072675,36.021537,1,1,-2
1578,114.932046,32.779621,1,1,-2
1578,115.057226,25.894162,1,1,-2
1578,116.303986,35.047981,1,1,-2
1578,116.603152,34.690638,1,1,-2
1578,116.814339,31.306114,1,1,-2
1578,116.897453,34.699891,1,1,-2
1578,117.017926,35.613908,1,1,-2
1578,117.132507,35.063413,1,1,-2
1578,117.516503,34.850293,1,1,-2
1578,117.605709,35.894811,1,1,-2
1578,117.876391,33.540753,1,1,-2
1578,118.079573,29.662758,1,1,-2
1578,118.382185,35.106435,1,1,-1
1578,118.524543,32.96793,2,1,-2
1578,118.53689,28.970845,1,1,-1
1578,118.91285,36.537723,1,1,-2
1578,119.145637,36.328617,1,1,-2
1578,119.404196,36.01124,1,1,-2
1578,119.810373,30.978497,1,1,-1
1578,119.981193,26.8636,1,1,-2
1578,120.092824,32.219519,1,1,-2
1578,120.119623,30.234656,3,3,1
1578,120.180205,30.784307,3,1,-1
1578,120.29982,31.833936,1,1,-2
1578,120.479444,30.605512,1,1,-2
1578,120.568183,32.264155,1,1,-1
1578,120.589649,30.005993,1,1,-2
1578,120.603069,31.309043,2,1,-2
1578,120.625761,31.01201,2,1,-2
1578,120.745383,29.582772,1,1,-2
1578,120.74689,30.74445,2,2,-1
1578,120.808317,31.655226,2,1,-1
1578,120.896588,30.899904,1,1,-2
1578,121.006976,32.078142,1,1,-2
1578,121.083117,31.126945,1,1,-2
1579,109.221297,34.875364,1,1,-1
1579,109.888414,35.221708,1,1,1
1579,110.016545,34.796995,3,3,-1
1579,110.40287,25.376121,1,1,-2
1579,110.58637,25.602991,2,1,-2
1579,111.646104,36.32054,2,1,-2
1579,111.824898,35.697788,1,1,-2
1579,112.572861,31.241273,1,1,-2
1579,112.757914,30.337941,1,1,-2
1579,113.029033,22.443041,1,1,-1
1579,114.932046,32.779621,1,1,-2
1579,116.081526,37.234976,1,1,-1
1579,116.303986,35.047981,1,1,-2
1579,116.603152,34.690638,1,1,-2
1579,116.814339,31.306114,2,1,-2
1579,116.897453,34.699891,1,1,-2
1579,117.017926,35.613908,1,1,-2
1579,117.024295,27.743496,1,1,-1
1579,117.132507,35.063413,1,1,-2
1579,117.516503,34.850293,1,1,-2
1579,117.605709,35.894811,1,1,-2
1579,117.876391,33.540753,1,1,-2
1579,118.312148,34.646627,1,1,-1
1579,118.382185,35.106435,1,1,-1
1579,118.523523,32.032504,1,1,-2
1579,118.654494,30.157804,1,1,-1
1579,119.404196,36.01124,1,1,-1
1579,120.092824,32.219519,1,1,-2
1579,120.180205,30.784307,2,1,-1
1579,120.29982,31.833936,1,1,-2
1579,120.479444,30.605512,1,1,-2
1579,120.553937,32.784224,1,1,-1
1579,120.603069,31.309043,1,1,-2
1579,120.625761,31.01201,1,1,-2
1579,120.745383,29.582772,1,1,-2
1579,120.74689,30.74445,1,1,-2
1579,120.808317,31.655226,3,2,-1
1579,121.006976,32.078142,1,1,-2
1579,121.083117,31.126945,1,1,-2
1580,104.583023,29.59479,1,1,-1
1580,108.108531,33.952152,1,1,-1
1580,108.58194,34.002859,1,1,-1
1580,110.40287,25.376121,1,1,-2
1580,110.619357,35.145928,1,1,-1
1580,113.839301,34.23383,1,1,-1
1580,113.940302,35.026845,1,1,-1
1580,114.969561,34.878611,1,1,-2
1580,115.446597,29.626388,1,1,-2
1580,115.528814,36.529058,1,1,-1
1580,115.895909,36.44767,1,1,-1
1580,116.028841,37.008026,1,1,-1
1580,116.814339,31.306114,1,1,-2
1580,118.654494,30.157804,1,1,-1
1580,119.503724,31.722212,1,1,-1
1580,119.810373,30.978497,1,1,-2
1580,120.180205,30.784307,1,1,-2
1580,120.397516,31.224485,1,1,-2
1581,112.313148,39.468034,1,1,-1
1581,113.463605,37.023644,1,1,-1
1581,113.839301,34.23383,1,1,-1
1581,113.940302,35.026845,1,1,-1
1581,115.371853,33.891772,1,1,1
1581,115.446597,29.626388,1,1,-2
1581,115.620694,40.340792,1,1,-2
1581,115.895909,36.44767,1,1,1
1581,116.168725,36.579578,2,1,1
1581,116.799433,23.514252,1,1,1
1581,116.807219,25.598784,1,1,-1
1581,118.53689,28.970845,1,1,1
1581,119.810373,30.978497,1,1,-2
1581,120.180205,30.784307,1,1,-2
1581,120.397516,31.224485,2,1,-2
1582,111.378524,28.284686,1,1,-1
1582,112.831882,37.642125,1,1,0
1582,115.371853,33.891772,1,1,1
1582,115.620694,40.340792,1,1,-2
1582,116.168725,36.579578,1,1,1
1582,118.219272,37.18507,1,1,1
1582,118.53689,28.970845,2,2,1
1582,119.280564,33.503341,1,1,1
1582,120.397516,31.224485,1,1,-2
1582,120.808317,31.655226,2,1,-2
1583,111.646104,36.32054,1,1,1
1583,111.824898,35.697788,1,1,1
1583,112.052395,38.394142,1,1,-1
1583,115.740597,24.261492,1,1,-1
1583,115.899827,34.368241,1,1,-1
1583,116.142202,34.221999,1,1,-1
1583,116.315022,33.96941,1,1,-1
1583,116.669473,27.519576,1,1,1
1583,118.219272,37.18507,1,1,1
1583,118.547427,24.728931,1,1,-1
1583,118.814037,25.046039,1,1,-1
1583,120.808317,31.655226,1,1,-2
1583,121.083117,31.126945,1,1,-1
1584,108.69344100000001,27.362337,1,1,-1
1584,111.646104,36.32054,2,2,1
1584,111.824898,35.697788,1,1,1
1584,114.749265,38.368307,1,1,-2
1584,118.547427,24.728931,1,1,-1
1584,118.814037,25.046039,1,1,-1
1584,119.057288,25.445707,1,1,-1
1584,120.180205,30.784307,1,1,1
1585,108.250418,23.252757,1,1,-2
1585,108.69344100000001,27.362337,1,1,-1
1585,108.930351,23.165161,1,1,-2
1585,109.559291,35.268866,1,1,-1
1585,110.948969,35.057559,1,1,-1
1585,111.370097,35.869675,1,1,-1
1585,111.463262,36.12012,2,1,-1
1585,111.646104,36.32054,2,2,-1
1585,112.97335,36.572961,1,1,1
1585,113.072675,36.021537,1,1,1
1585,114.143479,34.385856,1,1,-1
1585,114.749265,38.368307,1,1,1
1585,116.897453,34.699891,1,1,-2
1585,118.312148,34.646627,1,1,-1
1585,118.961703,31.332019,1,1,-2
1585,119.109986,26.176298,1,1,-2
1585,119.280564,33.503341,1,1,1
1585,120.180205,30.784307,1,1,1
1586,109.158053,22.771709,1,1,-1
1586,109.718133,27.788842,1,1,-1
1586,110.931171,35.920682,1,1,-1
1586,111.370097,35.869675,1,1,-1
1586,111.646104,36.32054,1,1,-1
1586,111.809731,37.67671,1,1,1
1586,112.252624,37.142155,1,1,1
1586,112.97335,36.572961,1,1,1
1586,113.072675,36.021537,2,2,1
1586,113.092022,36.262925,1,1,-1
1586,114.749265,38.368307,1,1,1
1586,115.528814,36.529058,1,1,-1
1586,115.620694,40.340792,1,1,1
1586,116.168725,36.579578,1,1,-1
1586,116.897453,34.699891,1,1,-2
1586,117.662259,36.945603,1,1,-1
1586,118.961703,31.332019,1,1,1
1586,119.280564,33.503341,1,1,1
1586,119.385337,40.006979,1,1,-1
1586,120.603069,31.309043,1,1,-1
1586,120.808317,31.655226,2,1,-1
1586,121.494508,31.339228,1,1,-1
1586,121.636161,31.230935,1,1,-1
1587,108.58194,34.002859,1,1,-1
1587,111.528586,38.730031,2,1,-1
1587,111.809731,37.67671,1,1,1
1587,111.986278,37.01979,1,1,-1
1587,112.252624,37.142155,1,1,1
1587,112.421785,34.059515,1,1,-2
1587,112.797158,34.159442,1,1,-2
1587,112.995361,28.170764,1,1,-2
1587,113.350148,35.303807,1,1,1
1587,114.43283,28.997489,1,1,-1
1587,115.529159,35.801377,1,1,-1
1587,115.541511,36.134269,1,1,-1
1587,115.620694,40.340792,1,1,1
1587,115.964062,39.865015,1,1,-1
1587,118.842952,37.018886,1,1,-1
1587,119.280564,33.503341,1,1,1
1587,119.404196,36.01124,1,1,-1
1587,119.490634,32.831306,1,1,-2
1587,119.810373,30.978497,1,1,-1
1587,120.180205,30.784307,2,1,-1
1587,120.397516,31.224485,1,1,-1
1587,120.603069,31.309043,1,1,-1
1587,120.74689,30.74445,2,1,-1
1587,120.808317,31.655226,4,2,-1
1587,121.083117,31.126945,1,1,-1
1587,121.212828,31.011963,1,1,-2
1587,121.251353,31.353075,1,1,-1
1587,121.494508,31.339228,2,1,-1
1587,121.496292,31.406519,1,1,-2
1587,121.636161,31.230935,3,2,-1
1587,121.736145,31.023522,1,1,-1
1588,103.380359,24.223359,1,1,-1
1588,103.698986,25.03936,1,1,-1
1588,104.721326,36.731512,1,1,-2
1588,108.931101,34.03899,1,1,-1
1588,110.016545,34.796995,1,1,-1
1588,110.285251,34.508917,1,1,-1
1588,110.771634,34.434069,1,1,-1
1588,110.931171,35.920682,1,1,-2
1588,111.26463,34.76703,1,1,-1
1588,111.370097,35.869675,1,1,-2
1588,111.643232,35.499255,1,1,-2
1588,112.313148,39.468034,1,1,-1
1588,112.496367,37.8367,1,1,-2
1588,112.757914,30.337941,1,1,-1
1588,113.350148,35.303807,1,1,1
1588,113.706137,28.231983,1,1,-1
1588,114.143479,34.385856,2,2,-2
1588,114.755161,34.503741,2,2,-2
1588,115.964062,39.865015,1,1,1
1588,116.058604,28.623079,1,1,-2
1588,116.677558,30.240207,1,1,-2
1588,116.79589,36.417181,1,1,-1
1588,118.319558,29.185184,1,1,-1
1588,118.845237,34.151675,1,1,1
1588,118.883178,28.937342,1,1,-1
1588,119.027584,34.888509,1,1,1
1588,120.472939,27.82982,1,1,-2
1588,121.843877,29.376544,1,1,-1
1589,112.79628,28.716401,1,1,-1
1589,114.143479,34.385856,1,1,1
1589,114.43283,28.997489,1,1,-1
1589,114.755161,34.503741,1,1,1
1589,115.240925,36.301099,1,1,-2
1589,115.457071,35.281923,1,1,-1
1589,115.540685,34.826094,1,1,-1
1589,115.61468,35.101482,1,1,-1
1589,115.964062,39.865015,1,1,1
1589,116.303986,35.047981,1,1,-1
1589,116.79589,36.417181,1,1,-1
1589,116.889881,37.226715,1,1,-1
1589,118.845237,34.151675,1,1,1
1589,119.027584,34.888509,1,1,1
1589,119.707641,28.766648,1,1,-1
1589,120.180205,30.784307,1,1,-1
1589,120.625761,31.01201,1,1,-2
1589,120.896588,30.899904,1,1,-2
1589,121.212828,31.011963,2,1,-1
1589,121.494508,31.339228,1,1,-1
1589,121.496292,31.406519,2,1,-1
1589,121.514319,31.653919,1,1,-1
1590,104.721326,36.731512,1,1,-1
1590,112.79628,28.716401,1,1,-1
1590,114.067859,35.492828,1,1,-2
1590,114.272645,36.097782,1,1,-2
1590,114.327734,34.829942,1,1,-2
1590,115.026314,35.761865,1,1,-2
1590,115.060585,35.174867,1,1,-2
1590,115.145071,35.925053,1,1,-2
1590,115.240925,36.301099,1,1,-2
1590,115.408006,28.002406,1,1,1
1590,115.620694,40.340792,2,2,0
1590,115.630898,34.452632,1,1,-2
1590,115.740597,24.261492,1,1,-1
1590,116.79589,36.417181,1,1,-1
1590,117.876391,33.540753,1,1,-2
1590,118.921746,33.658644,1,1,1
1590,119.280564,33.503341,2,1,1
1590,120.180205,30.784307,1,1,-1
1590,120.625761,31.01201,1,1,-2
1590,120.896588,30.899904,1,1,-2
1591,104.721326,36.731512,1,1,-1
1591,110.384016,37.51371,1,1,-1
1591,112.052395,38.394142,1,1,-2
1591,115.528814,36.529058,1,1,-2
1591,115.740597,24.261492,1,1,-1
1591,115.747105,37.451966,1,1,-1
1591,116.79589,36.417181,1,1,-1
1591,117.468296,36.733211,1,1,-1
1591,117.662259,36.945603,1,1,-2
1591,117.876391,33.540753,1,1,-2
1591,119.9914,37.184423,1,1,-2
1591,120.180205,30.784307,1,1,-1
1592,105.125604,33.285917,1,1,-1
1592,109.639675,36.570609,1,1,-1
1592,110.174284,37.82237,1,1,-1
1592,110.619357,35.145928,2,1,-2
1592,110.71989,35.382397,1,1,-2
1592,111.173742,37.256505,1,1,-2
1592,111.512657,35.703082,1,1,-2
1592,111.722706,36.82849,1,1,-2
1592,112.496367,37.8367,3,1,-2
1592,114.574444,36.255308,1,1,-2
1592,114.822,36.566658,1,1,-2
1592,115.060585,35.174867,1,1,-2
1592,115.747105,37.451966,2,2,-2
1592,116.058604,28.623079,1,1,1
1592,117.700673,28.107485,1,1,-1
1592,119.404196,36.01124,2,2,-1
1592,119.645608,27.054044,1,1,1
1592,119.981193,26.8636,1,1,-1
1593,104.393341,32.44118,1,1,-2
1593,105.138355,29.628438,1,1,-2
1593,115.060585,35.174867,1,1,-2
1593,115.528814,36.529058,1,1,-2
1593,117.333408,35.638855,1,1,-1
1593,117.530577,33.687112,1,1,-2
1593,117.775001,29.324258,1,1,-1
1593,118.842952,37.018886,1,1,-2
1593,118.91285,36.537723,1,1,-2
1593,119.145637,36.328617,1,1,-2
1593,119.156925,36.791958,1,1,-2
1593,119.404196,36.01124,1,1,-2
1593,119.441771,36.825935,1,1,-2
1593,119.645608,27.054044,1,1,1
1594,110.279137,37.180223,1,1,-1
1594,113.642265,35.195744,1,1,-2
1594,114.737351,37.00609,1,1,-2
1594,114.757134,35.218604,1,1,-1
1594,115.240925,36.301099,2,2,-1
1594,115.528814,36.529058,1,1,1
1594,116.778629,26.817175,1,1,-2
1594,116.79589,36.417181,1,1,-1
1594,117.333408,35.638855,2,2,1
1594,118.596347,35.909192,1,1,-1
1594,118.824123,32.118003,1,1,1
1594,118.837253,32.406633,1,1,-2
1594,118.921746,33.658644,1,1,1
1594,120.054135,33.30777,1,1,1
1594,121.323285,30.179805000000002,1,1,-2
1594,121.521584,29.78289,1,1,-2
1594,121.843877,29.376544,1,1,-2
1594,123.307449,41.19131,3,2,-2
1595,110.016545,34.796995,1,1,-2
1595,110.190652,26.711178,1,1,-2
1595,112.774432,39.507544,1,1,-2
1595,113.642265,35.195744,1,1,-2
1595,113.706137,28.231983,1,1,-2
1595,114.014955,31.1003,1,1,-1
1595,114.067859,35.492828,1,1,-1
1595,114.299273,32.923312,1,1,-2
1595,115.026314,35.761865,1,1,1
1595,115.240925,36.301099,1,1,1
1595,115.619667,29.40058,1,1,-2
1595,116.562335,35.01677,2,2,-2
1595,116.778629,26.817175,1,1,-2
1595,116.835172,38.560407,1,1,-2
1595,117.333408,35.638855,1,1,0
1595,117.753294,33.134278,1,1,-2
1595,118.079573,29.662758,1,1,-2
1595,118.53689,28.970845,1,1,-2
1595,118.595391,28.577979,2,1,-2
1595,119.311997,33.880774,1,1,-2
1595,119.337835,30.205199,1,1,-2
1595,119.52399,29.280686,1,1,-2
1595,119.574934,30.623079,1,1,-2
1595,119.638546,29.113251,1,1,-2
1595,119.810373,30.978497,1,1,-2
1595,120.052509,29.299493,1,1,-2
1595,120.180205,30.784307,1,1,-2
1595,120.357029,29.23291,1,1,-1
1595,120.74689,30.74445,1,1,-2
1595,120.896588,30.899904,1,1,-2
1595,121.145387,29.985842,1,1,-1
1596,105.125604,33.285917,1,1,-1
1596,111.947582,37.45225,1,1,-1
1596,113.384091,36.612552,1,1,-2
1596,113.846896,36.012216,1,1,-1
1596,114.636185,36.760061,2,2,-2
1596,115.026314,35.761865,1,1,1
1596,115.240925,36.301099,1,1,1
1596,119.337835,30.205199,1,1,-2
1596,119.834077,28.440495,1,1,-2
1596,120.119623,30.234656,1,1,-1
1596,120.180205,30.784307,1,1,-2
1596,120.26852,29.69283,1,1,-2
1597,111.00087,36.706414,1,1,-1
1597,111.150149,36.419057,1,1,-2
1597,111.239285,34.885707,2,1,-2
1597,112.496367,37.8367,2,1,-2
1597,112.831882,37.642125,1,1,-1
1597,113.430385,38.769493,1,1,-1
1597,113.817509,34.039779,1,1,-2
1597,115.446597,29.626388,1,1,-2
1597,117.205594,34.271614,1,1,-2
1597,118.476427,30.316963,1,1,-1
1597,119.490634,32.831306,1,1,-1
1597,119.834077,28.440495,1,1,-2
1597,120.119623,30.234656,1,1,-1
1597,120.180205,30.784307,2,1,-2
1597,120.26852,29.69283,1,1,-2
1597,120.808317,31.655226,1,1,-1
1598,111.239285,34.885707,1,1,-2
1598,112.052395,38.394142,1,1,-1
1598,112.276876,36.696715,1,1,-1
1598,112.496367,37.8367,1,1,-2
1598,112.554912,28.973582,2,1,-1
1598,113.430385,38.769493,2,1,-1
1598,114.272645,36.097782,1,1,-1
1598,114.371966,37.456773,1,1,1
1598,114.574444,36.255308,1,1,-1
1598,115.446597,29.626388,1,1,-2
1598,118.476427,30.316963,2,2,-1
1598,119.638546,29.113251,1,1,-1
1598,120.119623,30.234656,1,1,-1
1598,120.972336,29.145718,2,2,-1
1598,121.207132,28.851324,2,2,-1
1599,107.061533,36.606711,1,1,-1
1599,107.672617,36.036959,1,1,-1
1599,110.889228,37.954979,1,1,-1
1599,112.92561,35.804133,1,1,-1
1599,113.430385,38.769493,1,1,-1
1599,113.655981,34.782404,1,1,-2
1599,114.371966,37.456773,1,1,1
1599,114.574444,36.255308,1,1,-1
1600,111.463262,36.12012,3,1,-2
1600,113.164625,40.156114,1,1,-1
1600,113.655981,34.782404,1,1,-2
1600,114.414055,37.799363,1,1,-1
1600,114.712979,39.360039,1,1,-1
1600,115.237153,39.310882,1,1,-1
1600,116.156333,40.537864,1,1,-1
1600,119.445274,32.406239,1,1,-2
1600,120.553937,32.784224,1,1,-2
1600,120.896588,30.899904,1,1,-2
1601,102.700122,25.054449,1,1,-2
1601,108.102801,35.566968,1,1,-1
1601,109.639675,36.570609,1,1,-1
1601,110.174284,37.82237,1,1,-1
1601,110.889228,37.954979,1,1,-1
1601,111.00087,36.706414,2,2,-2
1601,111.126441,38.878744,1,1,-1
1601,111.2995,37.541936,1,1,-1
1601,111.99614,39.16436,1,1,-1
1601,112.052395,38.394142,1,1,-1
1601,112.590938,38.431261,1,1,-1
1601,113.019823,38.507659,1,1,-1
1601,113.463605,37.023644,1,1,-1
1601,113.706137,28.231983,1,1,-2
1601,114.146472,39.764822,1,1,-1
1601,114.379902,40.133757,1,1,-1
1601,114.489139,40.55092,1,1,-1
1601,114.696784,39.873253,1,1,-1
1601,114.712979,39.360039,1,1,-1
1601,114.932046,32.779621,1,1,-2
1601,115.048022,40.547444,1,1,-1
1601,115.877327,40.947453,1,1,-1
1601,115.964062,39.865015,1,1,1
1601,117.534473,30.197168,2,2,-2
1601,119.445274,32.406239,1,1,-2
1601,119.83493,29.995611,1,1,1
1601,120.180205,30.784307,2,2,-1
1601,120.479444,30.605512,1,1,-2
1601,120.553937,32.784224,1,1,-2
1601,120.74689,30.74445,1,1,-2
1601,120.896588,30.899904,1,1,-2
1601,121.212828,31.011963,2,2,-1
1602,99.917037,24.603661,1,1,-1
1602,112.3723,37.583745,1,1,0
1602,112.572861,31.241273,1,1,-2
1602,113.622431,31.303246,1,1,-2
1602,113.706137,28.231983,1,1,-2
1602,114.014955,31.1003,1,1,-2
1602,114.884114,33.705385,1,1,-2
1602,115.797805,33.78086,2,2,-2
1602,115.843575,32.916121,2,2,-2
1602,116.158322,32.196645,1,1,-2
1602,117.032343,33.032085,1,1,-2
1602,118.523523,32.032504,1,1,-2
1602,118.837253,32.406633,1,1,-1
1602,118.961273,32.716928,1,1,-1
1602,119.188204,32.388233,1,1,-2
1602,119.280564,33.503341,1,1,-1
1602,119.490634,32.831306,1,1,-2
1602,119.52399,29.280686,1,1,-2
1602,120.479444,30.605512,1,1,-2
1603,116.357326,25.69121,1,1,-1
1603,119.52399,29.280686,1,1,-2
1603,119.707641,28.766648,1,1,-1
1603,120.26852,29.69283,1,1,-2
1604,110.40287,25.376121,1,1,-2
1604,112.665098,38.153773,1,1,-1
1604,114.457776,35.907545,1,1,-2
1604,115.060585,35.174867,1,1,-1
1604,115.528814,36.529058,1,1,-1
1604,115.680216,37.033508,1,1,-2
1604,115.871578,38.87066,1,1,-2
1604,116.034228,39.25906,1,1,-1
1604,116.156333,40.537864,1,1,-2
1604,116.357326,25.69121,1,1,-1
1604,116.72401,39.799723,1,1,-2
1605,108.703486,29.433461,1,1,1
1605,111.463262,36.12012,1,1,-1
1605,112.665098,38.153773,2,1,-1
1605,112.97335,36.572961,1,1,-2
1605,113.072675,36.021537,1,1,-2
1605,113.956584,32.763713,1,1,-2
1605,114.299273,32.923312,1,1,-2
1605,115.237153,39.310882,1,1,-1
1605,115.434161,39.611103,1,1,-2
1605,115.568173,39.034476,1,1,-2
1605,115.680216,37.033508,1,1,-2
1605,115.744602,39.20604,1,1,-1
1605,115.871578,38.87066,1,1,-2
1605,116.034228,39.25906,1,1,-1
1605,116.156333,40.537864,1,1,-2
1605,116.72401,39.799723,1,1,-2
1605,120.397516,31.224485,1,1,-2
1605,120.74689,30.74445,1,1,-2
1605,121.251353,31.353075,1,1,-2
1606,110.438593,19.807475,1,1,-2
1606,112.665098,38.153773,2,1,-2
1606,112.97335,36.572961,1,1,-2
1606,113.072675,36.021537,1,1,-2
1606,119.280564,33.503341,1,1,-2
1607,109.903451,24.996178,1,1,-1
1607,110.438593,19.807475,1,1,-2
1607,112.92561,35.804133,1,1,-1
1607,116.170244,30.493943,1,1,-2
1607,118.824123,32.118003,1,1,-2
1608,102.579523,25.361374,1,1,-1
1608,109.903451,24.996178,1,1,-1
1608,113.841588,29.225762,1,1,-1
1608,116.170244,30.493943,1,1,-2
1608,116.778629,26.817175,1,1,-1
1608,117.468772,27.232468,1,1,-2
1608,117.775001,29.324258,1,1,-1
1608,118.961703,31.332019,1,1,-2
1609,102.579523,25.361374,1,1,-1
1609,110.676683,30.904187,1,1,-1
1609,111.740073,37.311278,1,1,-1
1609,112.858822,35.467683,1,1,-1
1609,113.028346,23.065631,1,1,1
1609,113.365183,23.231574,1,1,1
1609,113.463605,37.023644,1,1,-1
1609,115.964062,39.865015,1,1,1
1609,116.72401,39.799723,1,1,1
1609,117.186397,24.317259,1,1,-2
1609,119.280564,33.503341,1,1,-1
1609,120.180205,30.784307,1,1,1
1609,120.74689,30.74445,1,1,1
1610,106.727116,26.57191,1,1,-2
1610,111.740073,37.311278,1,1,-1
1610,113.463605,37.023644,1,1,-2
1610,114.014955,31.1003,1,1,-2
1610,115.891692,39.051086,2,1,1
1610,116.251361,32.657811,1,1,0
1610,116.72401,39.799723,1,1,1
1610,117.186397,24.317259,1,1,-2
1610,118.19739,32.320397,1,1,0
1610,119.280564,33.503341,1,1,1
1610,120.180205,30.784307,1,1,1
1610,120.74689,30.74445,2,2,1
1611,111.463262,36.12012,1,1,1
1611,113.092022,36.262925,1,1,-1
1611,116.251361,32.657811,1,1,0
1611,118.19739,32.320397,1,1,0
1611,118.361506,30.594843,1,1,-1
1611,119.280564,33.503341,1,1,1
1611,120.848944,37.655065,1,1,1
1612,112.30075,30.268188,1,1,-1
1612,114.421492,34.09855,1,1,-2
1612,114.884114,33.705385,1,1,-2
1612,117.495515,30.508803,1,1,-1
1612,117.605709,35.894811,1,1,-2
1612,118.361506,30.594843,1,1,-1
1612,118.640902,33.70502,2,2,-1
1612,118.921746,33.658644,1,1,-2
1612,119.311997,33.880774,1,1,-2
1612,120.397516,31.224485,2,2,-1
1612,120.848944,37.655065,1,1,1
1612,120.95298,31.323023,2,2,-1
1612,121.496292,31.406519,2,2,-1
1613,116.485741,27.112735,1,1,1
1613,117.073119,25.213487,1,1,-2
1613,118.640902,33.70502,2,2,1
1613,119.280564,33.503341,1,1,1
1613,120.180205,30.784307,1,1,-2
1613,120.29982,31.833936,1,1,1
1613,120.397516,31.224485,1,1,1
1613,120.95298,31.323023,1,1,1
1613,121.496292,31.406519,1,1,1
1614,109.158053,22.771709,1,1,-2
1614,115.628362,23.798352,1,1,-2
1614,115.740597,24.261492,1,1,-2
1614,116.651049,24.340841,1,1,-2
1614,117.650323,36.286172,1,1,1
1614,119.280564,33.503341,1,1,1
1614,120.397516,31.224485,1,1,1
1614,120.568183,32.264155,1,1,-1
1615,109.615169,34.967637,1,1,-1
1615,110.496161,34.897619,1,1,-2
1615,114.472757,37.051396,1,1,-2
1615,114.859335,36.86833,1,1,1
1615,115.628362,23.798352,1,1,-2
1615,115.740597,24.261492,1,1,-2
1615,116.651049,24.340841,1,1,-2
1615,116.699796,39.42201,1,1,-2
1615,117.13656,37.671779,1,1,-1
1615,117.569022,37.366248,1,1,-1
1615,117.605709,35.894811,1,1,-1
1615,117.650323,36.286172,2,2,1
1615,117.662259,36.945603,1,1,-1
1615,117.779725,37.931604,1,1,-1
1615,118.024299,36.986652,1,1,-2
1615,118.627269,31.498771,1,1,-2
1615,119.145637,36.328617,2,2,-2
1615,119.866925,35.858868,1,1,-2
1615,120.74689,30.74445,2,2,1
1615,120.808317,31.655226,1,1,-1
1615,120.848944,37.655065,1,1,1
1615,120.888912,37.307065,1,1,1
1616,108.828942,35.057937,1,1,-2
1616,110.771634,34.434069,1,1,-2
1616,112.831882,37.642125,1,1,-2
1616,113.940302,35.026845,1,1,-1
1616,114.859335,36.86833,2,1,1
1616,115.964062,39.865015,2,2,-2
1616,116.242079,30.10287,2,2,-2
1616,116.538547,30.75048,1,1,1
1616,116.677558,30.240207,2,2,-2
1616,116.774043,29.240033,1,1,-2
1616,116.940069,30.969716,1,1,1
1616,117.12265,30.582931,1,1,1
1616,118.28158,31.710054,1,1,-2
1616,118.627269,31.498771,1,1,-2
1616,119.080278,28.521588,1,1,-2
1616,119.280564,33.503341,1,1,-1
1616,119.920709,31.748661,1,1,-2
1616,120.119623,30.234656,1,1,-1
1616,120.335992,31.567522,1,1,-2
1616,120.397516,31.224485,2,1,-2
1616,120.74689,30.74445,2,1,0
1616,121.323285,30.179805000000002,2,1,-2
1616,121.521584,29.78289,1,1,-2
1617,105.669523,35.429038,1,1,-1
1617,108.828942,35.057937,1,1,-2
1617,109.221297,34.875364,1,1,1
1617,109.888414,35.221708,1,1,1
1617,110.016545,34.796995,1,1,1
1617,110.611939,34.710098,1,1,-1
1617,110.717005,36.15488,1,1,1
1617,112.831882,37.642125,1,1,-2
1617,113.940302,35.026845,1,1,-1
1617,114.859335,36.86833,1,1,1
1617,115.964062,39.865015,1,1,1
1617,116.242079,30.10287,1,1,1
1617,116.538547,30.75048,1,1,1
1617,116.677558,30.240207,1,1,1
1617,116.940069,30.969716,1,1,1
1617,117.12265,30.582931,1,1,1
1617,118.53689,28.970845,1,1,-2
1617,118.595391,28.577979,1,1,-2
1617,120.26852,29.69283,1,1,-2
1618,108.997177,34.31605,1,1,-2
1618,109.221297,34.875364,1,1,1
1618,109.888414,35.221708,1,1,1
1618,110.016545,34.796995,1,1,1
1618,110.611939,34.710098,1,1,-1
1618,112.037102,28.864739,1,1,-2
1618,112.92561,35.804133,1,1,-1
1618,113.911405,33.369256,1,1,-2
1618,114.299273,32.923312,1,1,-1
1618,114.395196,33.300271,1,1,-1
1618,115.057226,25.894162,2,2,1
1618,115.476275,38.731366,1,1,-2
1618,115.652338,24.8995,2,2,1
1618,115.891692,39.051086,1,1,-2
1618,116.745557,27.93256,1,1,-2
1618,119.19589,31.928152,1,1,-2
1618,119.280564,33.503341,1,1,-1
1618,120.26852,29.69283,1,1,-2
1618,120.397516,31.224485,1,1,-2
1618,120.553937,32.784224,1,1,-1
1618,120.808317,31.655226,1,1,-2
1618,121.251353,31.353075,1,1,-2
1619,111.682061,22.218461,1,1,-2
1619,113.181483,22.846525,1,1,-2
1619,113.310965,24.221002,1,1,1
1619,113.674052,23.679553,1,1,-2
1619,115.057226,25.894162,1,1,-1
1619,115.375087,37.069592,1,1,-1
1619,115.587813,30.324486,1,1,-2
1619,115.652338,24.8995,1,1,0
1619,115.964062,39.865015,1,1,1
1619,116.251361,32.657811,1,1,-2
1619,116.745557,27.93256,1,1,-2
1619,117.132507,35.063413,1,1,-1
1619,118.524543,32.96793,1,1,-2
1619,119.19589,31.928152,1,1,-2
1619,119.280564,33.503341,1,1,-1
1620,104.235041,30.675091,1,1,-2
1620,108.940923,35.624639,1,1,-2
1620,109.552872,34.552675,1,1,-2
1620,110.285251,34.508917,1,1,-2
1620,110.496161,34.897619,2,1,-2
1620,110.611939,34.710098,1,1,-2
1620,110.771634,34.434069,1,1,-2
1620,111.493038,34.341725,1,1,-1
1620,111.613886,29.492246,1,1,-2
1620,112.037102,28.864739,1,1,-2
1620,112.153296,29.443949,1,1,-2
1620,112.250622,30.886679,1,1,-1
1620,112.501377,29.736963,1,1,-2
1620,113.115321,30.646001,1,1,-2
1620,114.222922,30.567491,1,1,-2
1620,114.752631,30.330987,1,1,-2
1620,114.843793,30.070238,1,1,-2
1620,114.884114,33.705385,1,1,-2
1620,115.026314,35.761865,1,1,-2
1620,115.12872,29.825705,1,1,-2
1620,115.240925,36.301099,1,1,-2
1620,115.261162,30.503278,1,1,-1
1620,115.362289,31.762558,1,1,-2
1620,115.446597,29.626388,1,1,-1
1620,115.466457,30.927713,1,1,-2
1620,115.476275,38.731366,1,1,-2
1620,115.540685,34.826094,1,1,-1
1620,115.587813,30.324486,1,1,-2
1620,115.61468,35.101482,1,1,-1
1620,115.760293,30.869218,1,1,-2
1620,115.86364,36.144362,1,1,-1
1620,115.880455,35.608819,1,1,-1
1620,115.891692,39.051086,1,1,-2
1620,116.170244,30.493943,1,1,-2
1620,116.23351,31.283136,1,1,-2
1620,116.242079,30.10287,1,1,-2
1620,116.30516,28.440081,1,1,-2
1620,116.455781,31.710417,1,1,-2
1620,116.562335,35.01677,1,1,-1
1620,116.677558,30.240207,1,1,-2
1620,116.740905,35.572562,1,1,-1
1620,116.814339,31.306114,1,1,-2
1620,116.940069,30.969716,1,1,-2
1620,117.12265,30.582931,1,1,-2
1620,117.266288,31.834359,1,1,-2
1620,117.714789,31.646091,1,1,-2
1620,117.753294,33.134278,1,1,-2
1620,117.853489,31.254384,1,1,-2
1620,117.903632,30.948407,1,1,-2
1620,118.524543,32.96793,1,1,-2
1620,118.595391,28.577979,1,1,-1
1620,118.627269,31.498771,1,1,-1
1620,119.280564,33.503341,1,1,-1
1620,119.591478,29.016509,1,1,-1
1620,120.397516,31.224485,1,1,-1
1620,120.563761,29.955205,1,1,-2
1620,121.006976,32.078142,1,1,-1
1621,104.235041,30.675091,1,1,-2
1621,108.940923,35.624639,1,1,-2
1621,109.552872,34.552675,1,1,-2
1621,109.610753,37.224569,1,1,-1
1621,110.496161,34.897619,3,2,-2
1621,110.611939,34.710098,1,1,0
1621,111.378524,28.284686,1,1,-2
1621,111.613886,29.492246,1,1,-2
1621,111.701489,29.745373,1,1,-2
1621,111.756205,29.020888,1,1,-2
1621,112.028649,21.916734,1,1,-2
1621,112.037102,28.864739,1,1,0
1621,112.153296,29.443949,1,1,-2
1621,112.250622,30.886679,1,1,-1
1621,112.345782,28.130859,1,1,-2
1621,112.445027,28.513175,1,1,-2
1621,112.481079,23.105724,1,1,-1
1621,112.501377,29.736963,1,1,-2
1621,112.572861,31.241273,1,1,-2
1621,112.995361,28.170764,1,1,-2
1621,113.115321,30.646001,2,1,-2
1621,113.182444,29.444069,1,1,-2
1621,113.510188,29.494562,1,1,-2
1621,113.671034,30.623619,1,1,-1
1621,113.706137,28.231983,1,1,-2
1621,113.70889,28.760169,1,1,-2
1621,113.952217,30.444646,1,1,-2
1621,113.956584,32.763713,1,1,-2
1621,114.222922,30.567491,1,1,-2
1621,114.299273,32.923312,1,1,-2
1621,114.43283,28.997489,1,1,-2
1621,114.616461,31.286624,1,1,-2
1621,114.752631,30.330987,1,1,-2
1621,114.807674,35.895753,1,1,-2
1621,114.822,36.566658,2,1,-2
1621,114.843793,30.070238,1,1,-2
1621,114.856621,32.408019,1,1,-2
1621,114.884114,33.705385,1,1,-2
1621,114.979465,30.654595,1,1,-2
1621,115.009617,29.26248,1,1,-2
1621,115.026314,35.761865,1,1,-2
1621,115.0764,31.213057,1,1,-2
1621,115.12872,29.825705,2,1,-2
1621,115.145071,35.925053,1,1,-2
1621,115.164271,33.291236,1,1,-2
1621,115.240925,36.301099,2,1,-2
1621,115.261162,30.503278,1,1,-2
1621,115.362289,31.762558,1,1,-2
1621,115.466457,30.927713,2,1,-2
1621,115.540685,34.826094,2,1,-1
1621,115.587813,30.324486,1,1,-2
1621,115.612363,30.011231,1,1,-2
1621,115.633567,33.332976,1,1,-2
1621,115.760293,30.869218,1,1,-2
1621,115.797805,33.78086,1,1,-2
1621,115.810346,28.110976,1,1,-1
1621,115.843575,32.916121,1,1,-2
1621,115.86364,36.144362,1,1,-1
1621,115.880455,35.608819,1,1,-1
1621,115.933445,34.990286,1,1,-1
1621,116.013494,29.640973,1,1,-2
1621,116.058604,28.623079,1,1,-1
1621,116.158322,32.196645,1,1,-2
1621,116.170244,30.493943,2,1,-2
1621,116.23351,31.283136,1,1,-2
1621,116.242079,30.10287,2,1,-2
1621,116.251361,32.657811,1,1,-2
1621,116.30516,28.440081,1,1,-2
1621,116.455781,31.710417,1,1,-2
1621,116.538547,30.75048,1,1,-2
1621,116.562335,35.01677,1,1,-1
1621,116.579792,33.214988,1,1,-2
1621,116.615462,29.830764,1,1,-2
1621,116.677558,30.240207,1,1,-2
1621,116.740905,35.572562,1,1,-1
1621,116.814339,31.306114,2,1,-2
1621,116.940069,30.969716,2,1,-2
1621,116.992333,30.026531,2,2,-2
1621,117.032343,33.032085,1,1,-2
1621,117.12265,30.582931,1,1,-2
1621,117.266288,31.834359,1,1,-2
1621,117.321217,31.269636,1,1,-2
1621,117.591744,32.7898,1,1,-2
1621,117.714789,31.646091,1,1,-2
1621,117.753294,33.134278,1,1,-2
1621,117.853489,31.254384,2,1,-2
1621,117.903632,30.948407,2,1,-2
1621,118.040356,31.655541,1,1,-1
1621,118.1872,31.126372,1,1,-2
1621,118.28158,31.710054,1,1,-1
1621,118.595391,28.577979,1,1,-1
1621,118.627269,31.498771,1,1,-2
1621,118.824123,32.118003,1,1,-1
1621,119.280564,33.503341,2,2,-1
1621,119.574934,30.623079,1,1,-2
1621,119.78552,31.358953,1,1,-2
1621,119.810373,30.978497,1,1,-2
1621,120.180205,30.784307,1,1,-2
1621,120.397516,31.224485,1,1,-1
1622,104.119661,24.674394,1,1,-1
1622,106.727116,26.57191,1,1,-2
1622,112.30075,30.268188,1,1,-2
1622,113.115321,30.646001,1,1,-2
1622,113.671034,30.623619,1,1,-1
1622,114.877995,33.272712,1,1,-1
1622,114.979465,30.654595,1,1,-2
1622,115.0764,31.213057,1,1,-2
1622,115.164271,33.291236,1,1,-2
1622,115.540685,34.826094,1,1,-1
1622,115.933445,34.990286,1,1,-1
1622,116.579792,33.214988,1,1,-2
1622,116.814339,31.306114,1,1,-2
1622,117.714789,31.646091,1,1,-2
1622,118.824123,32.118003,1,1,-1
1623,104.235041,30.675091,1,1,-2
1623,105.802851,32.416535,1,1,-2
1623,112.464099,34.835163,1,1,-1
1623,114.488338,34.438027,1,1,-1
1623,117.017926,35.613908,1,1,-1
1623,117.605709,35.894811,1,1,-1
1623,118.024299,36.986652,1,1,-1
1623,119.866925,35.858868,1,1,-1
1623,122.000076,37.165634,1,1,-2
1623,122.382112,37.147567,1,1,-2
1624,102.19784,25.729542,1,1,-2
1624,102.586614,25.940396,1,1,-2
1624,111.947582,37.45225,1,1,-1
1624,112.052395,38.394142,1,1,-1
1624,113.092022,36.262925,1,1,-2
1624,114.995162,37.046298,1,1,-2
1624,115.0764,31.213057,1,1,-1
1624,116.897453,34.699891,1,1,1
1624,117.43086,40.002451,1,1,-2
1624,117.727182,39.813542,1,1,-2
1624,118.675336,40.031695,1,1,-2
1624,118.975431,39.911349,1,1,-2
1624,119.461049,32.203049,3,3,-2
1624,119.503724,31.722212,2,2,-2
1624,119.633618,31.95808,3,3,-2
1624,119.78552,31.358953,1,1,-2
1624,120.335992,31.567522,1,1,1
1624,120.397516,31.224485,1,1,-1
1624,121.006976,32.078142,1,1,-2
1624,122.000076,37.165634,1,1,-2
1624,122.382112,37.147567,1,1,-2
1625,113.092022,36.262925,1,1,-2
1625,114.932046,32.779621,1,1,-2
1625,115.540685,34.826094,1,1,-1
1625,115.933445,34.990286,1,1,-1
1625,116.897453,34.699891,1,1,1
1625,120.335992,31.567522,1,1,1
1625,121.251353,31.353075,1,1,1
1625,122.000076,37.165634,1,1,-2
1625,122.382112,37.147567,1,1,-2
1626,112.831882,37.642125,1,1,-1
1626,113.346594,34.79618,1,1,-2
1626,114.024349,33.602869,1,1,-1
1626,114.932046,32.779621,1,1,-2
1626,115.899827,34.368241,1,1,-1
1626,116.142202,34.221999,1,1,-1
1626,116.315022,33.96941,1,1,-1
1626,116.556013,25.118163,1,1,-2
1626,116.603152,34.690638,1,1,-1
1626,118.024299,36.986652,1,1,-2
1626,119.903954,32.513149,1,1,-1
1626,120.263248,32.034773,1,1,-1
1626,120.29982,31.833936,1,1,-1
1626,120.335992,31.567522,1,1,1
1626,120.553937,32.784224,1,1,-1
1626,121.212828,31.011963,1,1,-2
1627,103.626671,34.740777,1,1,-2
1627,107.857332,26.950727,1,1,-1
1627,109.711927,19.801371,1,1,-1
1627,110.438593,19.807475,1,1,-1
1627,110.496161,34.897619,1,1,-2
1627,111.834605,33.223129,1,1,-2
1627,113.346594,34.79618,1,1,-2
1627,114.550079,33.518302,1,1,-2
1627,115.657002,38.523696,1,1,-1
1627,118.024299,36.986652,1,1,-2
1627,118.090857,32.06522,1,1,-2
1627,118.627269,31.498771,1,1,-2
1627,118.961703,31.332019,1,1,-1
1627,119.903954,32.513149,1,1,-1
1627,119.920709,31.748661,1,1,1
1627,120.180205,30.784307,2,2,-2
1627,120.263248,32.034773,2,2,-1
1627,120.29982,31.833936,3,2,-2
1627,120.335992,31.567522,1,1,1
1627,120.397516,31.224485,2,2,-2
1627,120.553937,32.784224,1,1,-1
1627,120.589649,30.005993,1,1,-2
1627,120.603069,31.309043,2,1,-1
1627,120.808317,31.655226,1,1,-1
1628,107.857332,26.950727,1,1,-1
1628,108.126288,34.777843,1,1,-1
1628,108.58194,34.002859,1,1,-2
1628,108.997177,34.31605,2,1,-1
1628,109.221297,34.875364,1,1,-1
1628,109.550168,35.740378,1,1,-1
1628,109.559291,35.268866,1,1,-1
1628,111.378524,28.284686,1,1,-2
1628,111.756205,29.020888,1,1,-2
1628,111.834605,33.223129,1,1,-2
1628,111.986278,37.01979,1,1,-2
1628,112.554912,28.973582,1,1,-2
1628,112.774432,39.507544,1,1,-1
1628,112.79628,28.716401,1,1,-2
1628,113.379049,30.290531,1,1,-2
1628,113.674052,23.679553,1,1,1
1628,113.877453,29.739825,1,1,-1
1628,114.146472,39.764822,1,1,-1
1628,114.379902,40.133757,1,1,-1
1628,114.598476,40.836408,1,1,-1
1628,114.696784,39.873253,1,1,-1
1628,114.712979,39.360039,1,1,-1
1628,114.77882,37.360085,1,1,-2
1628,115.048022,40.547444,1,1,-1
1628,115.237153,39.310882,1,1,-1
1628,115.492493,27.736264,3,3,1
1628,115.877327,40.947453,1,1,-1
1628,116.013494,29.640973,1,1,-2
1628,116.058604,28.623079,3,3,1
1628,116.242079,30.10287,1,1,-2
1628,116.277866,29.664389,1,1,-2
1628,116.327735,29.35216,1,1,-2
1628,116.484072,38.905601,1,1,-1
1628,116.485741,27.112735,1,1,-2
1628,116.572666,38.660989,1,1,-1
1628,116.615462,29.830764,1,1,-2
1628,116.677558,30.240207,2,2,-1
1628,116.778629,26.817175,1,1,-1
1628,116.940069,30.969716,2,1,-2
1628,118.090857,32.06522,1,1,-2
1628,119.080278,28.521588,1,1,-1
1628,119.188204,32.388233,1,1,-2
1628,119.834077,28.440495,1,1,-1
1628,120.052509,29.299493,1,1,-1
1628,120.092824,32.219519,2,1,-2
1628,120.175516,28.661372,1,1,-1
1628,120.397516,31.224485,3,2,-2
1628,120.568183,32.264155,1,1,-2
1628,120.74689,30.74445,1,1,-2
1628,120.896588,30.899904,1,1,-2
1628,121.006976,32.078142,2,1,-2
1628,121.212828,31.011963,1,1,-1
1628,121.549837,30.915938,1,1,-2
1629,108.108531,33.952152,1,1,-2
1629,108.58194,34.002859,1,1,-2
1629,108.997177,34.31605,1,1,-1
1629,111.528586,38.730031,1,1,-1
1629,111.986278,37.01979,1,1,-2
1629,112.79628,28.716401,1,1,-2
1629,113.622431,31.303246,1,1,-1
1629,113.655981,34.782404,1,1,-2
1629,113.706137,28.231983,1,1,-1
1629,114.014955,31.1003,1,1,-1
1629,116.897453,34.699891,1,1,1
1629,119.903954,32.513149,1,1,-2
1629,120.397516,31.224485,1,1,1
1630,108.108531,33.952152,1,1,-2
1630,108.534896,24.478563,1,1,-2
1630,110.40287,25.376121,1,1,-1
1630,113.622431,31.303246,1,1,-1
1630,113.655981,34.782404,1,1,-2
1630,113.911405,33.369256,1,1,-2
1630,115.612363,30.011231,1,1,-2
1630,116.897453,34.699891,2,1,1
1630,117.205594,34.271614,1,1,-1
1630,117.943796,40.133707,1,1,-2
1630,119.903954,32.513149,1,1,-2
1630,120.093664,28.934114,1,1,-2
1630,120.175516,28.661372,1,1,-1
1630,120.397516,31.224485,1,1,1
1630,120.603069,31.309043,1,1,-2
1630,120.625761,31.01201,1,1,-2
1630,120.808317,31.655226,2,2,1
1631,106.988026,34.434996,1,1,-2
1631,107.672617,36.036959,1,1,-2
1631,108.534896,24.478563,1,1,-2
1631,108.651496,36.74717,2,2,-2
1631,108.766174,34.611552,1,1,-2
1631,108.799238,37.477835,1,1,-2
1631,108.940923,35.624639,1,1,-2
1631,108.997177,34.31605,1,1,-2
1631,109.039873,36.011618,1,1,-2
1631,109.452816,37.845802,1,1,-2
1631,109.610753,37.224569,2,1,-2
1631,109.639675,36.570609,1,1,-2
1631,110.384016,37.51371,2,1,-2
1631,110.386921,35.571728,1,1,1
1631,110.931171,35.920682,1,1,-2
1631,111.429775,32.994749,1,1,-1
1631,112.276876,36.696715,1,1,-2
1631,112.64018,36.701548,1,1,-1
1631,112.943509,37.133396,1,1,-2
1631,113.247184,39.500212,1,1,0
1631,113.379204,34.195892,1,1,-2
1631,113.426713,34.510027,1,1,-2
1631,113.706137,28.231983,1,1,-2
1631,113.721849,34.454104,1,1,-2
1631,113.859573,38.400756,1,1,-2
1631,113.877453,29.739825,1,1,-1
1631,115.026314,35.761865,1,1,-2
1631,115.240925,36.301099,1,1,-2
1631,115.375087,37.069592,1,1,-2
1631,115.540685,34.826094,1,1,-2
1631,116.357326,25.69121,1,1,-1
1631,116.897453,34.699891,1,1,1
1631,117.534473,30.197168,1,1,-2
1631,117.943796,40.133707,1,1,-2
1631,118.090857,32.06522,1,1,-2
1631,120.175516,28.661372,1,1,-1
1631,120.397516,31.224485,2,2,-1
1631,120.808317,31.655226,1,1,-1
1631,121.127022,31.551683,2,1,-2
1632,107.672617,36.036959,1,1,-2
1632,108.651496,36.74717,1,1,-1
1632,108.766174,34.611552,1,1,-2
1632,108.799238,37.477835,1,1,-2
1632,108.940923,35.624639,1,1,-2
1632,108.997177,34.31605,1,1,-2
1632,109.039873,36.011618,1,1,-2
1632,109.452816,37.845802,1,1,-2
1632,109.639675,36.570609,1,1,-2
1632,110.384016,37.51371,2,1,-2
1632,110.386921,35.571728,3,2,1
1632,110.608911,36.731291,1,1,-2
1632,112.034367,32.681389,1,1,-2
1632,112.391808,35.099834,1,1,-2
1632,112.943509,37.133396,1,1,-2
1632,113.379204,34.195892,2,1,-2
1632,113.426713,34.510027,1,1,-2
1632,113.743824,23.337513,1,1,-2
1632,115.026314,35.761865,1,1,-2
1632,115.240925,36.301099,1,1,-2
1632,115.362289,31.762558,1,1,-2
1632,115.540685,34.826094,2,1,-2
1632,115.964062,39.865015,1,1,-2
1632,116.357326,25.69121,1,1,-1
1632,118.090857,32.06522,1,1,-2
1632,118.975431,39.911349,1,1,-2
1632,119.157933,31.096462,1,1,-1
1632,119.461049,32.203049,1,1,-2
1632,119.503724,31.722212,1,1,-1
1632,119.633618,31.95808,1,1,-2
1632,120.054135,33.30777,1,1,-2
1632,120.335992,31.567522,1,1,-2
1632,120.397516,31.224485,1,1,1
1632,120.509916,37.603823,1,1,-2
1633,104.77623,32.939016,2,2,-1
1633,109.559291,35.268866,1,1,-2
1633,110.386921,35.571728,2,1,1
1633,110.608911,36.731291,1,1,-2
1633,110.642576,27.832283,1,1,-1
1633,112.034367,32.681389,1,1,-2
1633,112.115581,34.83108,1,1,-2
1633,112.345775,35.421572,1,1,1
1633,112.391808,35.099834,1,1,-2
1633,112.92561,35.804133,1,1,1
1633,113.379204,34.195892,2,1,-2
1633,113.655981,34.782404,2,1,-2
1633,113.676676,35.537564,1,1,-2
1633,115.964062,39.865015,3,2,1
1633,117.073119,25.213487,1,1,-1
1633,117.292665,29.538923,1,1,-2
1633,117.438854,25.37568,1,1,-2
1633,117.605709,35.894811,1,1,-2
1633,118.961703,31.332019,1,1,-1
1633,119.080278,28.521588,1,1,-1
1633,119.157933,31.096462,1,1,-1
1633,119.503724,31.722212,1,1,-1
1633,120.119623,30.234656,1,1,-2
1633,120.335992,31.567522,1,1,-1
1633,120.397516,31.224485,2,1,-2
1633,121.006976,32.078142,1,1,1
1634,104.77623,32.939016,1,1,1
1634,109.559291,35.268866,1,1,-2
1634,110.386921,35.571728,2,2,1
1634,112.345775,35.421572,1,1,1
1634,112.79628,28.716401,1,1,1
1634,112.92561,35.804133,1,1,1
1634,112.995361,28.170764,1,1,0
1634,113.102012,31.084387,1,1,-2
1634,113.24051300000001,25.243834,1,1,-1
1634,113.379204,34.195892,1,1,-2
1634,113.577562,24.802466,1,1,-2
1634,113.655981,34.782404,1,1,-2
1634,113.674052,23.679553,1,1,-2
1634,113.676676,35.537564,1,1,-2
1634,113.721849,34.454104,1,1,1
1634,113.756557,25.20394,1,1,-2
1634,114.321987,28.208046,1,1,-2
1634,114.636185,36.760061,1,1,-1
1634,115.628362,23.798352,1,1,-2
1634,115.740597,24.261492,1,1,-2
1634,115.964062,39.865015,3,2,1
1634,116.651049,24.340841,1,1,-1
1634,116.918867,27.259167,1,1,-1
1634,117.292665,29.538923,1,1,-2
1634,117.662259,36.945603,1,1,-1
1634,118.382185,35.106435,1,1,-2
1634,118.555799,36.355552,1,1,-2
1634,118.880691,35.650541,1,1,-2
1634,118.91285,36.537723,1,1,-1
1634,118.961703,31.332019,1,1,-1
1634,119.145637,36.328617,1,1,-1
1634,119.156925,36.791958,1,1,-1
1634,119.866925,35.858868,1,1,-1
1634,120.093664,28.934114,1,1,-1
1634,120.119623,30.234656,1,1,-2
1634,121.006976,32.078142,1,1,1
1635,110.770395,23.507448,1,1,-2
1635,114.327734,34.829942,1,1,-2
1635,115.362289,31.762558,1,1,-2
1635,115.375087,37.069592,1,1,-1
1635,115.587813,30.324486,1,1,-1
1635,115.964062,39.865015,1,1,1
1635,118.090857,32.06522,1,1,-2
1635,119.145637,36.328617,1,1,1
1635,119.461049,32.203049,2,2,1
1635,119.503724,31.722212,2,2,-2
1635,119.633618,31.95808,2,2,1
1635,120.29982,31.833936,1,1,1
1636,103.180869,24.940138,1,1,-1
1636,108.468733,34.595411,1,1,1
1636,110.278129,18.833584,1,1,-2
1636,110.770395,23.507448,1,1,-2
1636,110.948969,35.057559,1,1,-1
1636,110.96678,22.031322,1,1,-2
1636,111.809811,35.216396,1,1,-2
1636,113.642265,35.195744,1,1,-1
1636,114.428561,32.025791,1,1,-1
1636,114.636185,36.760061,1,1,1
1636,114.856621,32.408019,1,1,-1
1636,115.026816,36.737737,1,1,1
1636,115.0764,31.213057,1,1,-2
1636,115.270407,22.96774,1,1,-2
1636,115.628362,23.798352,1,1,-2
1636,115.728181,38.216035,1,1,1
1636,115.771947,22.970732,1,1,-2
1636,115.928853,29.995718,1,1,-1
1636,116.347494,23.591034,1,1,-2
1636,117.121143,23.868555,1,1,-2
1636,117.279642,24.660452,1,1,-2
1636,117.495515,30.508803,1,1,1
1636,117.534473,30.197168,1,1,1
1636,117.609583,24.595799,1,1,-2
1636,118.842952,37.018886,2,1,1
1636,119.145637,36.328617,3,1,1
1636,119.156925,36.791958,2,1,1
1636,119.311997,33.880774,1,1,-2
1636,119.494369,27.426001,1,1,-2
1636,119.503724,31.722212,1,1,1
1636,119.557319,26.297516,1,1,-1
1636,119.694363,36.38105,1,1,1
1636,119.903954,32.513149,1,1,1
1636,120.180205,30.784307,1,1,1
1636,120.397516,31.224485,1,1,1
1636,120.553937,32.784224,1,1,1
1636,120.625761,31.01201,1,1,1
1636,121.212828,31.011963,1,1,-2
1636,121.636161,31.230935,2,1,-2
1637,109.615169,34.967637,1,1,-1
1637,109.711927,19.801371,1,1,-1
1637,110.278129,18.833584,1,1,-2
1637,110.770395,23.507448,1,1,-2
1637,110.96678,22.031322,1,1,-2
1637,111.986278,37.01979,1,1,-1
1637,112.166876,23.969216,1,1,0
1637,112.845739,32.619098,1,1,-1
1637,113.421036,32.492855,1,1,-1
1637,113.642265,35.195744,1,1,-1
1637,114.686809,36.418043,1,1,-2
1637,115.270407,22.96774,1,1,-2
1637,115.540685,34.826094,1,1,-2
1637,115.612363,30.011231,2,1,-1
1637,115.628362,23.798352,1,1,-2
1637,115.771947,22.970732,1,1,-2
1637,116.058604,28.623079,1,1,-1
1637,116.158322,32.196645,1,1,-1
1637,116.216608,23.03076,1,1,-2
1637,116.538547,30.75048,1,1,-1
1637,116.774043,29.240033,1,1,-1
1637,117.12265,30.582931,1,1,-1
1637,117.205594,34.271614,1,1,-2
1637,117.495515,30.508803,1,1,1
1637,117.534473,30.197168,1,1,1
1637,117.569022,37.366248,1,1,-2
1637,117.779725,37.931604,1,1,-2
1637,118.824123,32.118003,1,1,-1
1637,118.842952,37.018886,2,1,1
1637,119.145637,36.328617,1,1,1
1637,119.156925,36.791958,1,1,1
1637,119.311997,33.880774,1,1,-2
1637,119.494369,27.426001,1,1,-2
1637,119.503724,31.722212,1,1,-2
1637,119.557319,26.297516,1,1,-1
1637,119.694363,36.38105,1,1,1
1637,119.903954,32.513149,1,1,1
1637,120.553937,32.784224,1,1,1
1637,120.95298,31.323023,1,1,-1
1637,121.212828,31.011963,1,1,-2
1637,121.636161,31.230935,1,1,-2
1638,112.166876,23.969216,1,1,0
1638,112.391808,35.099834,1,1,-1
1638,112.756646,34.915678,1,1,-1
1638,112.874911,35.129806,1,1,-1
1638,113.164625,40.156114,1,1,-2
1638,113.380395,35.04822,1,1,-1
1638,113.642265,35.195744,1,1,-1
1638,113.676676,35.537564,1,1,1
1638,113.842684,35.237979,1,1,-1
1638,114.686809,36.418043,1,1,-2
1638,115.209711,40.097282,1,1,-2
1638,115.620694,40.340792,1,1,-2
1638,116.156333,40.537864,1,1,-2
1638,116.158322,32.196645,1,1,-1
1638,117.12265,30.582931,1,1,-1
1638,117.569022,37.366248,1,1,-2
1638,117.779725,37.931604,1,1,-2
1638,118.555799,36.355552,2,2,-1
1638,118.824123,32.118003,1,1,-1
1638,118.975431,39.911349,1,1,-2
1639,107.398182,35.068299,1,1,-1
1639,110.608911,36.731291,1,1,-1
1639,110.730915,26.784848,1,1,-2
1639,111.239285,34.885707,1,1,1
1639,111.315822,26.980564,1,1,-2
1639,111.378524,28.284686,1,1,-2
1639,112.345782,28.130859,1,1,-1
1639,112.405569,39.999114,1,1,-1
1639,112.445027,28.513175,1,1,-2
1639,112.496367,37.8367,2,1,1
1639,112.874911,35.129806,2,2,-1
1639,112.995361,28.170764,1,1,-2
1639,113.072675,36.021537,1,1,1
1639,113.243272,36.369323,1,1,1
1639,113.380395,35.04822,1,1,-1
1639,113.622431,31.303246,1,1,-1
1639,113.642265,35.195744,1,1,-1
1639,113.676676,35.537564,2,2,-2
1639,113.842684,35.237979,1,1,-1
1639,114.146472,39.764822,1,1,-2
1639,114.301458,36.120215,1,1,-1
1639,114.379902,40.133757,1,1,-1
1639,114.381408,29.850263,1,1,-2
1639,114.43283,28.997489,2,1,-2
1639,114.696784,39.873253,1,1,-1
1639,114.822,36.566658,1,1,-1
1639,114.884114,33.705385,1,1,-1
1639,115.048022,40.547444,1,1,-1
1639,115.057226,25.894162,1,1,-2
1639,115.540685,34.826094,1,1,1
1639,115.612363,30.011231,1,1,-1
1639,115.630898,34.452632,1,1,1
1639,115.728181,38.216035,1,1,-1
1639,116.897453,34.699891,1,1,1
1639,118.555799,36.355552,2,2,1
1639,119.903954,32.513149,1,1,1
1639,120.26852,29.69283,1,1,-2
1639,120.357029,29.23291,1,1,-2
1639,120.553937,32.784224,1,1,1
1640,105.093201,35.954949,1,1,-1
1640,107.398182,35.068299,1,1,-1
1640,107.857332,26.950727,1,1,-2
1640,110.465015,29.159187,1,1,-2
1640,110.771634,34.434069,1,1,1
1640,110.948969,35.057559,1,1,-1
1640,110.981421,33.96956,1,1,-1
1640,111.239285,34.885707,1,1,1
1640,111.643232,35.499255,1,1,-1
1640,111.834605,33.223129,1,1,-1
1640,111.99614,39.16436,1,1,-1
1640,112.425986,34.657989,1,1,-1
1640,112.874911,35.129806,1,1,1
1640,113.072675,36.021537,1,1,1
1640,113.243272,36.369323,1,1,1
1640,113.346594,34.79618,1,1,-2
1640,113.379049,30.290531,1,1,-1
1640,113.451983,25.934368,1,1,-2
1640,113.622431,31.303246,1,1,-1
1640,113.642265,35.195744,1,1,-1
1640,113.676676,35.537564,1,1,-2
1640,113.721849,34.454104,1,1,-1
1640,113.940302,35.026845,1,1,-1
1640,113.950214,33.83907,1,1,-1
1640,114.143479,34.385856,2,1,-1
1640,114.15223,35.664597,1,1,-1
1640,114.218387,35.276745,1,1,-1
1640,114.272645,36.097782,2,1,1
1640,114.381408,29.850263,1,1,-2
1640,114.421492,34.09855,1,1,-1
1640,114.43283,28.997489,2,1,-2
1640,114.440678,34.720748,1,1,-1
1640,114.470919,35.037312,1,1,-1
1640,114.488338,34.438027,1,1,-1
1640,114.550079,33.518302,1,1,-2
1640,114.696784,39.873253,1,1,-1
1640,114.755161,34.503741,1,1,-1
1640,114.807674,35.895753,1,1,-1
1640,114.822,36.566658,1,1,-1
1640,114.969561,34.878611,4,1,-1
1640,115.026691,34.395873,1,1,-1
1640,115.145071,35.925053,1,1,-1
1640,115.240925,36.301099,1,1,-1
1640,115.457071,35.281923,1,1,-1
1640,115.540685,34.826094,1,1,1
1640,115.61468,35.101482,1,1,-1
1640,115.630898,34.452632,1,1,1
1640,115.877327,40.947453,1,1,-1
1640,115.899827,34.368241,1,1,-1
1640,115.930696,28.805688,1,1,-2
1640,116.562335,35.01677,1,1,-1
1640,116.677558,30.240207,1,1,-2
1640,116.72401,39.799723,1,1,-2
1640,116.897453,34.699891,1,1,1
1640,117.077117,35.35248,2,2,-1
1640,117.113426,36.607995,1,1,-2
1640,117.13656,37.671779,1,1,-2
1640,117.138699,37.021866,1,1,-2
1640,117.534473,30.197168,1,1,-1
1640,117.562942,37.597476,1,1,-2
1640,117.569022,37.366248,1,1,-2
1640,117.609583,24.595799,2,2,-2
1640,117.627505,28.511365,1,1,-2
1640,117.662259,36.945603,1,1,-2
1640,117.786712,24.401722,1,1,-1
1640,117.943796,40.133707,1,1,-2
1640,117.974511,35.25341,1,1,-1
1640,118.081139,37.760551,1,1,-2
1640,118.264264,28.362973,1,1,-1
1640,118.361506,30.594843,1,1,-1
1640,118.880691,35.650541,1,1,-1
1640,118.884879,29.608818,1,1,-2
1640,119.057288,25.445707,1,1,-2
1640,119.280564,33.503341,2,2,1
1640,119.503724,31.722212,1,1,-2
1640,119.903954,32.513149,1,1,1
1640,120.052509,29.299493,1,1,-2
1640,120.357029,29.23291,1,1,-2
1640,120.397516,31.224485,1,1,-1
1640,120.553937,32.784224,1,1,1
1640,121.843877,29.376544,1,1,-2
1641,102.699631,24.112077,1,1,-2
1641,106.990454,30.25774,1,1,-2
1641,108.977147,27.331313,1,1,-2
1641,109.221297,34.875364,1,1,1
1641,110.465015,29.159187,1,1,-2
1641,110.771634,34.434069,1,1,1
1641,113.379049,30.290531,1,1,-1
1641,113.956584,32.763713,1,1,-2
1641,114.299273,32.923312,1,1,-2
1641,114.301458,36.120215,1,1,-2
1641,114.550079,33.518302,1,1,-2
1641,114.761114,28.45194,1,1,-2
1641,115.168369,28.711692,1,1,-1
1641,115.29058,28.364089,1,1,-2
1641,115.492493,27.736264,1,1,-1
1641,115.797805,33.78086,1,1,-2
1641,115.810346,28.110976,1,1,-1
1641,116.058604,28.623079,1,1,-2
1641,116.251361,32.657811,1,1,-2
1641,116.677558,30.240207,1,1,-2
1641,116.72401,39.799723,1,1,-2
1641,117.714789,31.646091,1,1,-2
1641,117.943796,40.133707,1,1,-2
1641,118.079573,29.662758,3,1,-2
1641,118.462492,36.671324,1,1,1
1641,118.555799,36.355552,3,2,-1
1641,118.557979,29.868351,1,1,-2
1641,118.654494,30.157804,1,1,-2
1641,118.845237,34.151675,1,1,1
1641,119.311997,33.880774,1,1,-1
1641,119.404196,36.01124,1,1,-2
1641,119.503724,31.722212,1,1,-2
1641,120.180205,30.784307,1,1,-2
1641,120.263248,32.034773,1,1,-2
1641,120.357725,30.161039,1,1,-2
1641,120.563761,29.955205,1,1,-2
1641,120.603069,31.309043,1,1,1
1641,120.745383,29.582772,1,1,-1
1641,120.891372,29.944437,1,1,-2
1641,121.127022,31.551683,1,1,0
1641,121.145387,29.985842,1,1,-1
1641,121.549837,30.915938,1,1,-1
1641,123.437026,41.802868,1,1,-2
1642,108.126288,34.777843,1,1,-2
1642,109.610753,37.224569,1,1,-2
1642,110.698033,36.426709,1,1,-1
1642,110.908784,26.544096,1,1,-1
1642,111.23033,27.869814,1,1,-1
1642,111.487858,27.201728,1,1,-1
1642,111.986278,37.01979,2,2,-1
1642,113.671034,30.623619,1,1,-2
1642,113.940302,35.026845,1,1,-2
1642,113.956584,32.763713,1,1,-2
1642,114.299273,32.923312,1,1,-2
1642,114.301458,36.120215,1,1,-2
1642,114.472757,37.051396,1,1,1
1642,115.476275,38.731366,1,1,-2
1642,115.744602,39.20604,1,1,-2
1642,115.797805,33.78086,1,1,-2
1642,116.034228,39.25906,1,1,-2
1642,118.462492,36.671324,2,2,1
1642,118.555799,36.355552,1,1,1
1642,119.280564,33.503341,1,1,1
1642,119.311997,33.880774,1,1,-1
1642,119.548052,29.834181,1,1,-2
1642,119.689557,32.536571,1,1,-1
1642,120.119623,30.234656,2,2,1
1642,120.180205,30.784307,1,1,-2
1642,120.29982,31.833936,1,1,-2
1642,120.397516,31.224485,1,1,1
1643,105.109943,37.354831,1,1,-2
1643,108.766174,34.611552,1,1,-2
1643,111.173742,37.256505,1,1,-2
1643,111.986278,37.01979,1,1,-2
1643,112.037102,28.864739,1,1,1
1643,113.027601,34.695689,1,1,-2
1643,113.950214,33.83907,1,1,-1
1643,114.188351,34.009756,1,1,-1
1643,114.327734,34.829942,1,1,-1
1643,114.472757,37.051396,1,1,1
1643,114.755161,34.503741,1,1,-2
1643,114.846933,28.197387,1,1,-2
1643,115.190541,36.790743,1,1,-2
1643,115.540685,34.826094,1,1,-1
1643,115.587813,30.324486,1,1,-2
1643,115.728181,38.216035,1,1,-1
1643,115.871578,38.87066,1,1,-2
1643,117.13656,37.671779,1,1,-2
1643,117.257485,37.954032,1,1,-2
1643,117.468296,36.733211,1,1,-2
1643,117.714789,31.646091,1,1,-2
1643,118.28158,31.710054,1,1,-1
1643,118.52155,32.470418,1,1,-1
1643,118.557979,29.868351,1,1,-1
1643,118.627269,31.498771,1,1,1
1643,119.548052,29.834181,1,1,-2
1643,120.374468,27.635011,1,1,-1
1643,120.74689,30.74445,1,1,1
1644,103.495597,36.132975,1,1,-2
1644,104.607628,30.722965,1,1,-1
1644,108.931101,34.03899,1,1,-2
1644,110.619357,35.145928,1,1,-2
1644,110.981421,33.96956,1,1,-2
1644,111.173742,37.256505,1,1,-2
1644,112.313148,39.468034,1,1,-1
1644,112.64018,36.701548,1,1,-2
1644,112.95473,36.881944,1,1,-2
1644,112.97335,36.572961,1,1,-1
1644,113.044269,34.939238,1,1,-2
1644,113.072675,36.021537,1,1,-1
1644,113.115321,30.646001,1,1,-2
1644,113.243272,36.369323,1,1,-1
1644,113.956584,32.763713,1,1,-2
1644,114.024349,33.602869,1,1,-2
1644,114.299273,32.923312,1,1,-2
1644,114.428561,32.025791,1,1,-2
1644,115.12872,29.825705,1,1,-1
1644,115.728181,38.216035,1,1,-1
1644,116.538547,30.75048,1,1,-2
1644,116.556013,25.118163,1,1,-2
1644,117.779725,37.931604,1,1,-2
1644,118.090857,32.06522,1,1,-2
1644,118.219272,37.18507,1,1,-2
1644,119.949511,36.23866,1,1,-1
1644,120.848944,37.655065,1,1,-1
1644,120.888912,37.307065,1,1,-1
1645,111.809811,35.216396,1,1,-1
1645,113.115321,30.646001,1,1,-2
1645,113.956584,32.763713,1,1,-2
1645,114.127189,23.668627,1,1,-2
1645,114.299273,32.923312,1,1,-2
1645,114.481718,32.540664,1,1,-2
1645,115.12872,29.825705,1,1,1
1645,115.612363,30.011231,1,1,1
1645,116.315022,33.96941,1,1,-1
1645,118.219272,37.18507,1,1,-2
1645,118.824123,32.118003,1,1,-2
1645,119.027201,31.595081,1,1,-2
1645,119.445274,32.406239,1,1,-2
1645,120.896588,30.899904,1,1,-2
1645,120.95298,31.323023,2,2,-1
1646,110.311502,26.321387,1,1,-2
1646,110.384016,37.51371,1,1,-1
1646,112.401776,27.084921,1,1,-1
1646,112.909285,26.420584,1,1,-1
1646,113.706137,28.231983,1,1,-1
1646,114.43283,28.997489,1,1,-2
1646,114.822,36.566658,1,1,-1
1646,114.846933,28.197387,1,1,1
1646,114.877995,33.272712,1,1,-1
1646,114.884114,33.705385,1,1,-1
1646,115.612363,30.011231,1,1,1
1646,116.778629,26.817175,1,1,1
1646,118.473506,27.041753,1,1,-2
1646,118.754014,27.610346,1,1,-2
1647,106.709277,31.158585,1,1,-1
1647,107.423875,34.569692,1,1,-2
1647,112.401776,27.084921,1,1,-1
1647,115.61468,35.101482,1,1,-2
1647,116.778629,26.817175,1,1,1
1647,117.183693,28.189655,1,1,-1
1647,118.521082,37.143389,1,1,-1
1647,120.397516,31.224485,1,1,1
1648,107.423875,34.569692,1,1,1
1648,108.766174,34.611552,2,1,-2
1648,109.798887,34.409983,1,1,-2
1648,112.345782,28.130859,1,1,-1
1648,112.445027,28.513175,1,1,-2
1648,114.414055,37.799363,1,1,-1
1648,114.489139,40.55092,1,1,-1
1648,114.969381,25.280093,1,1,-1
1648,115.077955,37.982215,1,1,-2
1649,103.265746,36.609801,1,1,-1
1649,107.423875,34.569692,1,1,1
1649,111.738182,24.970445,1,1,-1
1649,112.345782,28.130859,1,1,-1
1649,112.361781,35.750356,1,1,-2
1649,112.445027,28.513175,1,1,-2
1649,112.92561,35.804133,1,1,-1
1649,112.995361,28.170764,1,1,-2
1649,113.072675,36.021537,1,1,-1
1649,113.243272,36.369323,1,1,-1
1649,115.190541,36.790743,1,1,-1
1649,116.360657,26.302222,1,1,-2
1649,116.663243,26.304059,1,1,-1
1649,116.90904,26.096976,1,1,-1
1649,118.884879,29.608818,1,1,-1
1649,119.52399,29.280686,1,1,-1
1649,120.896588,30.899904,1,1,-2
1649,121.127022,31.551683,2,1,-2
1650,107.398182,35.068299,1,1,-1
1650,110.71989,35.382397,1,1,-1
1650,113.672035,33.546536,1,1,-1
1650,114.014955,31.1003,1,1,-1
1650,114.995162,37.046298,1,1,-2
1650,116.310097,37.902756,1,1,1
1650,116.72401,39.799723,1,1,-2
1650,116.79899,34.207434,1,1,-2
1650,118.555799,36.355552,1,1,1
1650,118.627269,31.498771,1,1,-1
1650,118.781007,25.852191,1,1,-2
1650,120.119623,30.234656,3,2,-1
1650,121.127022,31.551683,1,1,-1
1650,121.494508,31.339228,1,1,-1
1651,110.323305,25.176213,1,1,-2
1651,114.995162,37.046298,1,1,-2
1651,116.72401,39.799723,1,1,-2
1651,116.992333,30.026531,1,1,-2
1651,117.438854,25.37568,1,1,-1
1651,118.824123,32.118003,1,1,-2
1651,120.625761,31.01201,1,1,-2
1651,121.006976,32.078142,1,1,-1
1652,105.669523,35.429038,1,1,-1
1652,110.384016,37.51371,1,1,-2
1652,112.345782,28.130859,1,1,-1
1652,112.445027,28.513175,1,1,-1
1652,112.496367,37.8367,1,1,-2
1652,113.346594,34.79618,1,1,-2
1652,113.706137,28.231983,1,1,-2
1652,114.222922,30.567491,1,1,-1
1652,114.351115,30.978021,1,1,-2
1652,114.712979,39.360039,1,1,-2
1652,115.237153,39.310882,1,1,-2
1652,115.362289,31.762558,1,1,1
1652,115.371853,33.891772,1,1,-2
1652,116.677558,30.240207,1,1,-2
1652,116.72401,39.799723,1,1,-2
1652,116.889881,37.226715,1,1,-1
1652,117.12265,30.582931,1,1,-2
1652,118.361506,30.594843,1,1,-1
1652,118.975431,39.911349,1,1,-2
1652,119.08945,39.632731,1,1,-2
1652,119.949511,36.23866,1,1,-1
1652,120.590028,30.449647,1,1,-2
1652,120.870389,30.521588,1,1,-2
1652,121.006976,32.078142,1,1,-1
1653,103.180869,24.940138,1,1,-1
1653,104.357507,25.465168,3,2,-2
1653,111.487858,27.201728,1,1,-2
1653,111.540808,26.131911,1,1,-2
1653,111.740073,37.311278,1,1,-2
1653,111.756205,29.020888,1,1,-1
1653,111.986278,37.01979,2,2,-1
1653,112.339132,27.773622,1,1,-2
1653,112.995361,28.170764,1,1,-2
1653,113.346594,34.79618,1,1,-2
1653,114.146472,39.764822,1,1,-2
1653,114.197763,39.375898,1,1,-2
1653,114.222922,30.567491,2,2,-1
1653,114.299273,32.923312,1,1,-2
1653,114.379902,40.133757,1,1,-2
1653,114.696784,39.873253,1,1,-2
1653,114.712979,39.360039,2,1,-2
1653,114.843793,30.070238,1,1,-2
1653,114.979465,30.654595,1,1,-2
1653,115.209711,40.097282,1,1,-2
1653,115.237153,39.310882,1,1,-2
1653,115.261162,30.503278,1,1,-2
1653,115.266215,38.961614,1,1,-2
1653,115.362289,31.762558,1,1,1
1653,115.620694,40.340792,1,1,-2
1653,115.843575,32.916121,1,1,-2
1653,116.034228,39.25906,1,1,-2
1653,116.081526,37.234976,1,1,-2
1653,116.242079,30.10287,1,1,-2
1653,116.455781,31.710417,1,1,-2
1653,116.538547,30.75048,1,1,-2
1653,116.547253,39.294747,1,1,-2
1653,116.579792,33.214988,1,1,-2
1653,116.72401,39.799723,1,1,-2
1653,116.745557,27.93256,1,1,-2
1653,116.992333,30.026531,1,1,-2
1653,117.0259,39.453619,1,1,-2
1653,117.12265,30.582931,1,1,-2
1653,117.266288,31.834359,1,1,-2
1653,117.727182,39.813542,1,1,-2
1653,117.943796,40.133707,1,1,-2
1653,118.024299,36.986652,1,1,-2
1653,118.361506,30.594843,1,1,-1
1653,118.518423,31.187851,1,1,-2
1653,118.524543,32.96793,1,1,-2
1653,118.575492,39.783481,1,1,-2
1653,118.627269,31.498771,1,1,-2
1653,118.640902,33.70502,1,1,-1
1653,118.91285,36.537723,1,1,-2
1653,118.921746,33.658644,1,1,-2
1653,118.975431,39.911349,2,1,-2
1653,119.08945,39.632731,1,1,-2
1653,119.385337,40.006979,2,1,-2
1653,119.442397,33.221142,1,1,-2
1653,119.450935,26.50178,1,1,-2
1653,120.29982,31.833936,1,1,-2
1653,120.603069,31.309043,1,1,-2
1653,120.622126,28.728672,2,2,1
1654,107.423875,34.569692,1,1,-2
1654,107.822402,22.521474,1,1,-2
1654,108.140527,22.874851,1,1,-2
1654,108.931101,34.03899,1,1,-1
1654,109.180511,23.661923,1,1,-2
1654,110.699448,21.440841,1,1,-2
1654,110.889228,37.954979,1,1,-2
1654,110.96678,22.031322,1,1,-2
1654,111.115743,22.42864,1,1,-2
1654,111.540808,26.131911,1,1,-2
1654,111.710941,23.558455,1,1,-2
1654,111.722706,36.82849,1,1,-1
1654,111.986278,37.01979,1,1,-2
1654,112.339132,27.773622,1,1,-2
1654,112.64018,36.701548,1,1,-1
1654,112.726518,37.40028,2,1,-1
1654,112.995361,28.170764,1,1,-2
1654,113.877259,22.937863,1,1,-2
1654,114.127189,23.668627,1,1,-1
1654,114.197763,39.375898,1,1,-2
1654,114.299273,32.923312,1,1,-2
1654,114.379902,40.133757,1,1,-2
1654,114.843793,30.070238,1,1,-2
1654,115.209711,40.097282,1,1,-2
1654,115.266215,38.961614,1,1,-2
1654,115.619667,29.40058,1,1,-2
1654,115.620694,40.340792,1,1,-2
1654,115.744602,39.20604,1,1,-2
1654,115.825643,28.738125,1,1,-2
1654,115.843575,32.916121,1,1,-2
1654,116.034228,39.25906,1,1,-2
1654,116.162124,38.23564,1,1,-2
1654,116.242079,30.10287,1,1,-2
1654,116.259384,38.478592,1,1,-2
1654,116.455781,31.710417,1,1,-2
1654,116.499875,37.657434,1,1,-2
1654,116.538547,30.75048,1,1,-2
1654,116.547253,39.294747,1,1,-2
1654,116.579792,33.214988,1,1,-2
1654,116.79899,34.207434,1,1,-2
1654,116.803207,37.678126,1,1,-2
1654,116.897453,34.699891,1,1,-2
1654,116.940069,30.969716,1,1,-2
1654,116.992333,30.026531,1,1,-2
1654,117.0259,39.453619,1,1,-2
1654,117.12265,30.582931,1,1,-2
1654,117.266288,31.834359,1,1,-2
1654,117.495515,30.508803,1,1,-2
1654,117.534473,30.197168,1,1,-2
1654,117.609583,24.595799,1,1,-2
1654,117.677192,24.127242,1,1,-2
1654,117.775001,29.324258,1,1,-2
1654,117.943796,40.133707,1,1,-2
1654,118.090857,32.06522,1,1,-1
1654,118.518423,31.187851,1,1,-2
1654,118.524543,32.96793,1,1,-2
1654,118.557979,29.868351,1,1,-2
1654,118.575492,39.783481,1,1,-2
1654,118.627269,31.498771,1,1,-2
1654,118.640902,33.70502,1,1,-1
1654,118.691146,25.462277,1,1,-2
1654,118.884879,29.608818,1,1,-2
1654,118.91285,36.537723,1,1,-2
1654,118.921746,33.658644,1,1,-2
1654,118.975431,39.911349,2,1,-2
1654,119.08945,39.632731,1,1,-2
1654,119.145637,36.328617,1,1,-2
1654,119.347178,26.144508,1,1,-2
1654,119.367906,29.483861,1,1,-2
1654,119.385337,40.006979,1,1,-2
1654,119.404196,36.01124,1,1,-2
1654,119.442397,33.221142,1,1,-2
1654,119.52399,29.280686,1,1,-2
1654,119.707641,28.766648,1,1,-2
1654,119.78552,31.358953,1,1,-2
1654,119.810373,30.978497,1,1,-2
1654,120.180205,30.784307,1,1,-2
1654,120.263248,32.034773,1,1,-1
1654,120.29982,31.833936,1,1,-2
1654,120.335992,31.567522,1,1,-2
1654,120.386905,37.337216,1,1,-2
1654,120.479444,30.605512,1,1,-2
1654,120.553937,32.784224,1,1,-2
1654,120.563761,29.955205,1,1,-2
1654,120.590028,30.449647,1,1,-2
1654,120.603069,31.309043,2,1,-2
1654,120.625761,31.01201,1,1,-2
1654,120.74689,30.74445,1,1,-2
1654,120.848944,37.655065,1,1,-2
1654,120.896588,30.899904,2,1,-2
1654,121.083117,31.126945,1,1,-2
1654,121.323285,30.179805000000002,1,1,-2
1654,121.521584,29.78289,1,1,-2
1654,121.667038,39.072158,1,1,-2
1654,121.721276,29.911732,2,1,-2
1654,123.307449,41.19131,1,1,-2
1654,123.437026,41.802868,1,1,-2
1654,123.905722,42.207717,1,1,-2
1655,105.265513,34.805461,1,1,-2
1655,105.929163,34.410691,3,2,-2
1655,106.01642,33.890852,2,2,-2
1655,106.134567,34.737282,2,2,-2
1655,106.961969,32.805634,1,1,-1
1655,106.993226,35.249344,2,2,-2
1655,107.061533,36.606711,1,1,-2
1655,107.398182,35.068299,3,3,-2
1655,107.423875,34.569692,1,1,-1
1655,107.605141,33.360797,1,1,-1
1655,107.672617,36.036959,1,1,-2
1655,107.679721,34.408642,1,1,-2
1655,107.703799,34.779636000000004,1,1,-1
1655,107.744551,32.88584,1,1,-1
1655,107.822402,22.521474,1,1,-2
1655,107.874025,32.509419,1,1,-1
1655,107.912871,34.404193,1,1,-2
1655,108.102801,35.566968,1,1,-2
1655,108.140527,22.874851,1,1,-2
1655,108.306393,36.010213,1,1,-2
1655,108.366525,35.414076,1,1,-2
1655,108.766174,34.611552,1,1,-1
1655,108.885276,32.811233,1,1,-1
1655,109.180511,23.661923,1,1,-2
1655,109.983926,19.687555,1,1,-1
1655,110.699448,21.440841,1,1,-2
1655,110.889228,37.954979,1,1,-2
1655,110.948969,35.057559,1,1,-1
1655,110.96678,22.031322,1,1,-2
1655,111.018691,22.922637,1,1,-1
1655,111.115743,22.42864,1,1,-2
1655,111.2995,37.541936,1,1,-2
1655,111.710941,23.558455,1,1,-2
1655,111.809811,35.216396,1,1,-1
1655,112.64018,36.701548,1,1,-1
1655,114.421492,34.09855,1,1,-2
1655,115.285685,36.609466,1,1,-1
1655,115.350272,24.326808,1,1,-2
1655,115.446597,29.626388,1,1,-2
1655,115.569888,34.344785,1,1,-1
1655,115.628362,23.798352,1,1,-1
1655,115.65728,37.715226,1,1,-2
1655,115.825643,28.738125,2,2,-2
1655,115.899827,34.368241,1,1,-1
1655,116.142202,34.221999,1,1,-1
1655,116.154422,38.737234,1,1,-2
1655,116.216608,23.03076,1,1,-2
1655,116.239228,27.392578,1,1,-1
1655,116.259384,38.478592,1,1,-2
1655,116.446864,23.266574,1,1,-2
1655,116.499875,37.657434,1,1,-2
1655,116.79899,34.207434,1,1,-2
1655,116.897453,34.699891,1,1,-2
1655,117.042899,39.740337,1,1,-2
1655,117.495515,30.508803,1,1,-2
1655,117.534473,30.197168,1,1,-2
1655,117.569022,37.366248,1,1,-1
1655,117.609583,24.595799,1,1,-2
1655,117.677192,24.127242,1,1,-2
1655,117.775001,29.324258,1,1,-2
1655,118.557979,29.868351,1,1,-2
1655,118.595391,28.577979,1,1,-1
1655,118.675336,40.031695,1,1,-2
1655,118.691146,25.462277,1,1,-2
1655,118.884879,29.608818,3,2,-1
1655,118.894659,28.955098,2,2,-1
1655,119.328894,34.618599,1,1,-2
1655,119.347178,26.144508,1,1,-2
1655,119.367906,29.483861,2,2,-2
1655,119.404196,36.01124,2,1,-2
1655,119.52399,29.280686,2,2,-2
1655,119.707641,28.766648,2,2,-2
1655,119.78552,31.358953,1,1,-2
1655,119.810373,30.978497,1,1,-2
1655,119.920709,31.748661,1,1,-2
1655,120.357029,29.23291,4,2,-2
1655,120.386905,37.337216,1,1,-2
1655,120.397516,31.224485,1,1,-1
1655,120.479444,30.605512,1,1,-2
1655,120.553937,32.784224,1,1,-2
1655,120.589649,30.005993,1,1,-2
1655,120.603069,31.309043,2,1,-2
1655,120.625761,31.01201,1,1,-2
1655,120.74689,30.74445,1,1,-2
1655,120.848944,37.655065,1,1,-2
1655,120.870389,30.521588,1,1,-2
1655,120.896588,30.899904,1,1,-2
1655,121.145387,29.985842,1,1,-2
1655,121.251353,31.353075,1,1,-2
1655,121.323285,30.179805000000002,1,1,-2
1655,121.494508,31.339228,1,1,-2
1655,121.496292,31.406519,1,1,-2
1655,121.521584,29.78289,1,1,-2
1655,121.667038,39.072158,1,1,-2
1655,121.721276,29.911732,2,1,-2
1655,123.307449,41.19131,1,1,-2
1655,123.437026,41.802868,1,1,-2
1655,123.905722,42.207717,1,1,-2
1656,103.265746,36.609801,1,1,-2
1656,103.495597,36.132975,1,1,1
1656,107.398182,35.068299,2,1,1
1656,109.983926,19.687555,1,1,-1
1656,110.398629,19.209326,1,1,-2
1656,111.710941,23.558455,1,1,-2
1656,112.75974,32.089828,1,1,-1
1656,113.24051300000001,25.243834,1,1,-2
1656,113.577562,24.802466,1,1,-2
1656,114.018497,24.419215,1,1,-2
1656,114.157529,37.145392,1,1,-2
1656,114.222922,30.567491,1,1,-1
1656,114.440678,34.720748,1,1,-1
1656,114.477124,23.00851,2,1,-2
1656,114.488338,34.438027,1,1,-1
1656,114.605078,37.61374,1,1,-2
1656,114.636185,36.760061,1,1,-1
1656,114.737351,37.00609,1,1,-2
1656,114.761114,28.45194,1,1,-1
1656,115.026816,36.737737,1,1,-2
1656,115.446597,29.626388,1,1,-2
1656,115.628362,23.798352,1,1,-2
1656,115.65728,37.715226,1,1,-2
1656,115.740597,24.261492,1,1,-2
1656,115.899827,34.368241,2,1,-1
1656,116.013494,29.640973,1,1,-2
1656,116.123493,25.131949,1,1,-2
1656,116.142202,34.221999,2,1,-1
1656,116.239228,27.392578,1,1,-1
1656,116.259384,38.478592,1,1,-2
1656,116.315022,33.96941,1,1,-1
1656,116.347494,23.591034,1,1,-1
1656,116.357326,25.69121,1,1,-2
1656,116.446864,23.266574,1,1,-2
1656,116.556013,25.118163,1,1,-2
1656,116.651049,24.340841,1,1,-2
1656,116.663243,26.304059,1,1,-2
1656,116.72401,39.799723,1,1,-2
1656,116.79899,34.207434,1,1,-1
1656,116.807219,25.598784,1,1,-2
1656,116.90904,26.096976,1,1,-2
1656,117.042899,39.740337,1,1,-2
1656,117.073119,25.213487,1,1,-2
1656,117.38886,26.729082,1,1,-2
1656,117.438854,25.37568,1,1,-2
1656,117.677192,24.127242,2,1,-2
1656,117.727182,39.813542,1,1,-2
1656,117.806879,26.439996,1,1,-2
1656,117.899611,25.116414,1,1,-2
1656,118.079573,29.662758,1,1,-2
1656,118.126193,25.387764,1,1,-2
1656,118.153456,24.744127,1,1,-2
1656,118.244928,25.667096,1,1,-2
1656,118.375021,25.012417,1,1,-2
1656,118.547427,24.728931,1,1,-2
1656,118.691146,25.462277,1,1,-2
1656,118.884879,29.608818,1,1,-2
1656,118.975431,39.911349,2,1,-2
1656,119.027201,31.595081,1,1,-2
1656,119.057288,25.445707,2,1,-2
1656,119.08945,39.632731,1,1,-2
1656,119.145637,36.328617,1,1,-1
1656,119.328894,34.618599,1,1,-2
1656,119.347178,26.144508,3,1,-2
1656,119.404196,36.01124,1,1,-2
1656,119.450935,26.50178,1,1,-2
1656,119.557319,26.297516,1,1,-2
1656,119.694363,36.38105,1,1,-2
1656,119.707641,28.766648,1,1,-2
1656,119.810373,30.978497,1,1,1
1656,119.949511,36.23866,1,1,-2
1656,120.093664,28.934114,1,1,-2
1656,120.180205,30.784307,1,1,1
1656,120.357029,29.23291,2,1,-2
1656,120.603069,31.309043,1,1,-2
1656,120.745383,29.582772,1,1,-1
1656,121.251353,31.353075,1,1,-2
1656,121.494508,31.339228,1,1,-2
1657,103.495597,36.132975,1,1,1
1657,104.625233,35.106232,1,1,-1
1657,104.879052,34.673354,1,1,-1
1657,107.398182,35.068299,1,1,1
1657,107.423875,34.569692,1,1,-1
1657,107.679721,34.408642,1,1,-1
1657,107.703799,34.779636000000004,1,1,-1
1657,107.912871,34.404193,1,1,-1
1657,110.611939,34.710098,1,1,1
1657,110.717005,36.15488,1,1,-2
1657,113.346594,34.79618,1,1,-1
1657,114.440678,34.720748,1,1,-1
1657,114.488338,34.438027,1,1,-1
1657,114.696784,39.873253,1,1,-1
1657,115.285685,36.609466,1,1,-1
1657,115.286943,37.917407,1,1,-2
1657,116.247879,36.830456,1,1,-1
1657,116.72401,39.799723,1,1,-2
1657,117.727182,39.813542,1,1,-2
1657,118.975431,39.911349,2,1,-2
1657,119.08945,39.632731,1,1,-2
1657,119.694363,36.38105,1,1,-2
1657,119.810373,30.978497,1,1,1
1657,119.949511,36.23866,1,1,-2
1657,120.119623,30.234656,1,1,1
1657,120.180205,30.784307,1,1,1
1657,121.521584,29.78289,1,1,-1
1658,108.468733,34.595411,1,1,-2
1658,108.540187,34.376811,1,1,-2
1658,108.931101,34.03899,1,1,-2
1658,108.997177,34.31605,1,1,-2
1658,109.287158,34.502354,1,1,-2
1658,109.859922,33.893032,1,1,-2
1658,110.261459,34.162538,1,1,-2
1658,110.717005,36.15488,1,1,-2
1658,111.809811,35.216396,1,1,-1
1658,112.166876,23.969216,1,1,-2
1658,113.346594,34.79618,1,1,-1
1658,114.146472,39.764822,1,1,-1
1658,114.222922,30.567491,1,1,-2
1658,114.696784,39.873253,1,1,-1
1658,114.712979,39.360039,1,1,-1
1658,114.840176,34.093848,1,1,-1
1658,115.286943,37.917407,1,1,-2
1658,115.541511,36.134269,1,1,-1
1658,115.825643,28.738125,1,1,-1
1658,116.247879,36.830456,2,1,-1
1658,117.727182,39.813542,1,1,-2
1658,117.806879,26.439996,1,1,-2
1658,118.575492,39.783481,1,1,-2
1658,118.975431,39.911349,1,1,-2
1658,120.119623,30.234656,2,1,1
1658,120.374468,27.635011,2,2,1
1658,121.127022,31.551683,2,1,1
1659,110.496161,34.897619,1,1,-1
1659,110.71989,35.382397,1,1,-1
1659,112.166876,23.969216,1,1,-2
1659,113.676676,35.537564,1,1,-2
1659,113.950214,33.83907,1,1,-1
1659,114.067859,35.492828,1,1,-2
1659,114.146472,39.764822,1,1,-2
1659,114.327734,34.829942,1,1,-2
1659,114.660591,35.470076,1,1,-2
1659,114.696784,39.873253,1,1,-2
1659,114.712979,39.360039,1,1,-2
1659,114.755161,34.503741,1,1,-1
1659,114.995162,37.046298,1,1,-2
1659,115.237153,39.310882,1,1,-2
1659,115.286943,37.917407,1,1,-2
1659,115.541511,36.134269,1,1,-1
1659,116.853372,38.013247,1,1,-2
1659,116.897453,34.699891,1,1,-1
1659,117.257485,37.954032,1,1,-2
1659,117.562942,37.597476,1,1,-2
1659,117.779725,37.931604,1,1,-2
1659,118.024299,36.986652,1,1,-2
1659,118.921746,33.658644,1,1,-1
1659,120.054135,33.30777,1,1,-1
1659,121.514319,31.653919,1,1,-2
1660,107.423875,34.569692,1,1,-2
1660,110.717005,36.15488,1,1,-2
1660,110.71989,35.382397,2,2,-1
1660,111.997073,36.304664,1,1,-1
1660,112.294898,36.157182,1,1,-1
1660,112.874911,35.129806,1,1,-1
1660,113.380395,35.04822,1,1,-1
1660,113.697567,39.625756,2,1,1
1660,114.222922,30.567491,1,1,-2
1660,114.752631,30.330987,1,1,-2
1660,115.048022,40.547444,1,1,1
1660,115.877327,40.947453,1,1,1
1660,116.000831,26.585041,1,1,-1
1660,116.303986,35.047981,1,1,-2
1660,116.740905,35.572562,1,1,-2
1660,116.778629,26.817175,2,2,-2
1660,116.79899,34.207434,1,1,-1
1660,116.897453,34.699891,1,1,-1
1660,117.468772,27.232468,1,1,-2
1660,118.135085,30.155219,1,1,-1
1660,118.691146,25.462277,1,1,-1
1660,118.921746,33.658644,1,1,-1
1660,119.057288,25.445707,1,1,-2
1660,119.810373,30.978497,1,1,-1
1660,120.180205,30.784307,1,1,-1
1660,121.127022,31.551683,4,3,1
1660,121.514319,31.653919,1,1,1
1661,107.423875,34.569692,2,2,-2
1661,108.997177,34.31605,1,1,-1
1661,110.496161,34.897619,1,1,1
1661,110.591022,28.572391,2,2,-1
1661,110.611939,34.710098,1,1,1
1661,110.717005,36.15488,1,1,-2
1661,110.71989,35.382397,1,1,-2
1661,113.697567,39.625756,2,1,1
1661,114.222922,30.567491,1,1,-2
1661,114.327734,34.829942,1,1,-1
1661,114.379902,40.133757,1,1,1
1661,114.477124,23.00851,1,1,-2
1661,114.489139,40.55092,1,1,1
1661,114.752631,30.330987,1,1,-2
1661,115.048022,40.547444,1,1,1
1661,115.350272,24.326808,1,1,-2
1661,115.877327,40.947453,2,1,1
1661,116.778629,26.817175,3,2,-1
1661,117.032343,33.032085,1,1,-1
1661,117.113008,26.862022,1,1,-1
1661,117.468772,27.232468,2,1,-1
1661,119.347178,26.144508,1,1,-1
1661,119.503724,31.722212,2,2,-2
1661,119.78552,31.358953,1,1,-1
1661,120.29982,31.833936,1,1,-1
1661,121.127022,31.551683,5,3,-1
1661,121.496292,31.406519,1,1,1
1661,121.514319,31.653919,1,1,-2
1662,108.540187,34.376811,1,1,-2
1662,108.997177,34.31605,1,1,-2
1662,109.060707,34.517222,1,1,-2
1662,109.287158,34.502354,1,1,-2
1662,109.402001,19.56509,1,1,-1
1662,109.983926,19.687555,1,1,-1
1662,110.040906,34.533134,1,1,-2
1662,110.386921,35.571728,1,1,-2
1662,110.398629,19.209326,1,1,-1
1662,110.740675,37.027857,1,1,-1
1662,110.770779,19.745448,2,1,-2
1662,113.582095,39.197058,1,1,-1
1662,113.997231,34.716689,1,1,-2
1662,114.379902,40.133757,1,1,1
1662,114.489139,40.55092,1,1,1
1662,115.729122,29.140734,1,1,-2
1662,115.877327,40.947453,1,1,1
1662,116.609853,28.679305,1,1,-2
1662,116.778629,26.817175,2,2,1
1662,121.127022,31.551683,1,1,1
1663,108.540187,34.376811,1,1,-2
1663,109.060707,34.517222,1,1,-2
1663,109.287158,34.502354,1,1,-2
1663,109.402001,19.56509,1,1,-1
1663,110.040906,34.533134,1,1,-2
1663,110.261459,34.162538,3,1,-1
1663,110.386921,35.571728,1,1,-2
1663,110.398629,19.209326,1,1,-1
1663,110.75103,33.408108,1,1,-1
1663,110.770779,19.745448,1,1,-2
1663,111.686616,30.101522,1,1,-1
1663,113.577562,24.802466,1,1,-2
1663,113.997231,34.716689,1,1,-2
1663,114.018497,24.419215,1,1,-2
1663,115.747105,37.451966,1,1,1
1663,116.123493,25.131949,1,1,-2
1663,116.609853,28.679305,1,1,-2
1663,116.778629,26.817175,1,1,-2
1663,117.677192,24.127242,1,1,-2
1663,120.180205,30.784307,1,1,-1
1663,120.896588,30.899904,1,1,-2
1663,121.514319,31.653919,1,1,-1
1663,121.521584,29.78289,1,1,-2
1664,112.052395,38.394142,1,1,-1
1664,112.756646,34.915678,1,1,-2
1664,112.874911,35.129806,1,1,-2
1664,114.146472,39.764822,1,1,-1
1664,114.421492,34.09855,1,1,1
1664,114.636185,36.760061,1,1,-2
1664,114.712979,39.360039,1,1,-1
1664,114.859335,36.86833,1,1,-1
1664,115.077955,37.982215,1,1,-2
1664,115.286943,37.917407,1,1,-2
1664,115.680216,37.033508,1,1,-2
1664,115.747105,37.451966,1,1,1
1664,115.843575,32.916121,1,1,1
1664,116.154422,38.737234,1,1,-2
1664,116.162124,38.23564,1,1,-2
1664,116.168725,36.579578,1,1,-1
1664,116.259384,38.478592,1,1,-2
1664,116.272901,36.323986,1,1,-1
1664,116.395348,36.188024,1,1,-2
1664,116.421878,37.146913,1,1,-1
1664,116.572038,36.91114,1,1,-1
1664,116.572666,38.660989,1,1,-2
1664,116.705411,36.722932,2,1,-1
1664,116.79589,36.417181,1,1,-1
1664,116.803207,37.678126,1,1,-1
1664,116.889881,37.226715,2,1,-1
1664,116.908823,28.320905,1,1,-2
1664,117.017926,35.613908,2,1,1
1664,117.113426,36.607995,2,2,-1
1664,117.138699,37.021866,2,2,-1
1664,117.451187,37.795177,2,2,-1
1664,117.468296,36.733211,1,1,-1
1664,117.562942,37.597476,1,1,-1
1664,117.569022,37.366248,2,2,-1
1664,117.650323,36.286172,2,2,-1
1664,117.662259,36.945603,1,1,-1
1664,117.779725,37.931604,2,2,-1
1664,117.833896,37.166847,1,1,-1
1664,117.969307,37.424149,1,1,-1
1664,118.024299,36.986652,1,1,-1
1664,118.05561,36.643938,1,1,-1
1664,118.081139,37.760551,2,2,-1
1664,118.219272,37.18507,1,1,-1
1664,118.462492,36.671324,2,1,-1
1664,119.311997,33.880774,1,1,-1
1664,119.441771,36.825935,1,1,-2
1664,119.445274,32.406239,1,1,1
1664,119.866925,35.858868,1,1,-1
1664,119.942679,36.782432,1,1,-2
1664,119.9914,37.184423,1,1,-2
1664,120.180205,30.784307,2,1,-1
1664,120.357029,29.23291,1,1,-1
1664,120.590028,30.449647,1,1,-1
1664,120.848944,37.655065,1,1,-1
1665,103.772726,24.512778,1,1,-1
1665,109.610753,37.224569,1,1,-1
1665,110.174284,37.82237,1,1,-1
1665,110.856364,39.179935,1,1,-1
1665,112.496367,37.8367,1,1,-1
1665,112.789441,36.104415,1,1,-1
1665,113.092022,36.262925,1,1,-1
1665,113.123221,37.82222,1,1,-1
1665,113.35811,35.985173,2,1,-1
1665,113.817509,34.039779,1,1,1
1665,114.421492,34.09855,1,1,1
1665,114.761114,28.45194,1,1,1
1665,115.528814,36.529058,1,1,1
1665,115.843575,32.916121,1,1,1
1665,115.877327,40.947453,1,1,-1
1665,116.395348,36.188024,1,1,-2
1665,116.908823,28.320905,1,1,-2
1665,117.017926,35.613908,2,1,1
1665,117.113008,26.862022,1,1,1
1665,117.138699,37.021866,1,1,1
1665,117.451187,37.795177,1,1,1
1665,117.569022,37.366248,1,1,1
1665,117.662259,36.945603,1,1,1
1665,117.779725,37.931604,2,2,1
1665,118.05561,36.643938,1,1,-2
1665,118.081139,37.760551,1,1,1
1665,118.975431,39.911349,1,1,-1
1665,119.145637,36.328617,1,1,-1
1665,119.311997,33.880774,2,1,-1
1665,119.385337,40.006979,1,1,-1
1665,119.645608,27.054044,1,1,-2
1665,120.180205,30.784307,1,1,-2
1665,120.335992,31.567522,1,1,-2
1666,103.265746,36.609801,1,1,1
1666,108.102801,35.566968,1,1,-1
1666,111.973941,23.273644,1,1,-2
1666,112.034367,32.681389,1,1,1
1666,112.180354,33.070036,1,1,-1
1666,112.756646,34.915678,1,1,-1
1666,113.440685,22.889931,1,1,-1
1666,113.736,37.557154,1,1,-1
1666,113.758619,37.842885,1,1,-2
1666,114.789218,38.896392,1,1,-1
1666,114.843793,30.070238,1,1,-2
1666,115.431618,26.422068,1,1,-2
1666,115.458741,37.548435,1,1,-2
1666,115.528814,36.529058,1,1,1
1666,115.930435,37.818795,1,1,-2
1666,116.216608,23.03076,1,1,-1
1666,116.677558,30.240207,1,1,-2
1666,117.662259,36.945603,1,1,1
1666,118.575492,39.783481,1,1,-2
1666,118.961703,31.332019,1,1,-2
1666,119.311997,33.880774,1,1,-2
1666,119.445274,32.406239,1,1,-1
1666,119.962155,31.776182,1,1,-2
1666,120.061609,32.508067,1,1,-1
1666,120.180205,30.784307,1,1,-2
1666,120.335992,31.567522,1,1,-2
1666,120.553937,32.784224,1,1,-1
1666,120.95298,31.323023,1,1,-2
1666,121.494508,31.339228,3,1,-2
1666,121.549837,30.915938,2,1,-1
1667,103.265746,36.609801,2,1,1
1667,105.185362,35.208308,1,1,-1
1667,107.423875,34.569692,1,1,-1
1667,110.948969,35.057559,1,1,-2
1667,111.947582,37.45225,1,1,1
1667,111.973941,23.273644,1,1,-2
1667,112.034367,32.681389,1,1,-2
1667,112.756646,34.915678,1,1,-1
1667,113.007306,25.737128,1,1,-1
1667,113.440685,22.889931,1,1,-1
1667,114.127189,23.668627,1,1,-2
1667,114.843793,30.070238,1,1,-2
1667,115.145071,35.925053,1,1,-2
1667,115.164271,33.291236,1,1,-1
1667,115.24256,36.091722,1,1,-2
1667,116.677558,30.240207,1,1,-2
1667,118.575492,39.783481,3,2,-2
1667,118.961703,31.332019,1,1,-2
1667,118.975431,39.911349,3,2,-2
1667,119.962155,31.776182,1,1,-2
1667,120.590028,30.449647,1,1,-1
1667,120.737675,36.903649,1,1,-2
1667,120.896588,30.899904,2,1,-2
1667,120.95298,31.323023,1,1,-2
1667,121.100737,36.856658,1,1,-2
1667,121.494508,31.339228,1,1,-2
1668,105.783864,26.646707,1,1,-2
1668,108.931101,34.03899,1,1,-2
1668,111.947582,37.45225,1,1,1
1668,112.034367,32.681389,1,1,-2
1668,112.756646,34.915678,1,1,-2
1668,112.874911,35.129806,1,1,-2
1668,113.019291,33.910766,1,1,-2
1668,114.636185,36.760061,1,1,-2
1668,115.633567,33.332976,1,1,-1
1668,116.897453,34.699891,1,1,-2
1668,117.495515,30.508803,1,1,-1
1668,117.534473,30.197168,1,1,-2
1668,117.779725,37.931604,1,1,-2
1668,118.024299,36.986652,1,1,-2
1668,118.462492,36.671324,1,1,-2
1668,118.921746,33.658644,1,1,-1
1668,119.188204,32.388233,1,1,-2
1668,120.74689,30.74445,1,1,-1
1668,121.494508,31.339228,3,1,-1
1669,110.717005,36.15488,1,1,-2
1669,110.893933,24.945243,1,1,-1
1669,112.726518,37.40028,1,1,-1
1669,112.831882,37.642125,2,2,-1
1669,113.451983,25.934368,2,1,-1
1669,113.463605,37.023644,2,2,-1
1669,113.882888,27.626653,1,1,-2
1669,114.054103,29.458803,2,1,-1
1669,114.636185,36.760061,1,1,-2
1669,115.528814,36.529058,1,1,1
1669,116.897453,34.699891,1,1,-2
1669,117.024295,27.743496,1,1,-1
1669,117.032343,33.032085,1,1,1
1669,118.024299,36.986652,1,1,-2
1669,118.627269,31.498771,3,2,-2
1669,119.337835,30.205199,1,1,-2
1669,120.180205,30.784307,1,1,1
1669,120.357029,29.23291,2,1,-2
1669,120.737675,36.903649,1,1,-1
1669,120.74689,30.74445,1,1,-1
1669,120.870389,30.521588,1,1,1
1669,120.896588,30.899904,1,1,-2
1669,121.100737,36.856658,1,1,-1
1669,121.494508,31.339228,1,1,1
1669,121.514319,31.653919,1,1,1
1670,110.386921,35.571728,1,1,-2
1670,110.611939,34.710098,1,1,-2
1670,110.619357,35.145928,1,1,-2
1670,110.71989,35.382397,1,1,-2
1670,110.893933,24.945243,1,1,-1
1670,110.948969,35.057559,1,1,-2
1670,112.339132,27.773622,1,1,-2
1670,112.445027,28.513175,1,1,-2
1670,112.70477700000001,27.284655,1,1,-2
1670,112.77544,27.667837,2,1,-2
1670,112.789441,36.104415,1,1,-2
1670,112.909285,26.420584,1,1,-2
1670,113.451983,25.934368,1,1,-1
1670,113.475516,27.170459,1,1,-2
1670,113.877453,29.739825,1,1,-2
1670,113.882888,27.626653,2,1,-2
1670,114.01107,26.700307,1,1,-2
1670,114.054103,29.458803,1,1,-1
1670,114.143479,34.385856,1,1,-2
1670,114.277937,27.83855,1,1,-2
1670,114.327734,34.829942,1,1,-2
1670,114.636185,36.760061,1,1,-2
1670,114.664109,27.844127,1,1,-2
1670,114.686809,36.418043,1,1,-2
1670,114.755161,34.503741,1,1,-2
1670,114.789218,38.896392,1,1,-2
1670,115.528814,36.529058,1,1,1
1670,115.540685,34.826094,1,1,-1
1670,115.948678,29.359015,1,1,-2
1670,116.058604,28.623079,1,1,-2
1670,116.242079,30.10287,1,1,-2
1670,116.277866,29.664389,1,1,-2
1670,116.30516,28.440081,1,1,-2
1670,116.327735,29.35216,1,1,-2
1670,116.485741,27.112735,1,1,-2
1670,116.609853,28.679305,1,1,-2
1670,116.615462,29.830764,1,1,-2
1670,116.677558,30.240207,1,1,-2
1670,116.774043,29.240033,1,1,-2
1670,116.794414,30.57652,1,1,-2
1670,116.897453,34.699891,1,1,-2
1670,116.918867,27.259167,1,1,-2
1670,116.992333,30.026531,1,1,-2
1670,117.032343,33.032085,1,1,-2
1670,117.113426,36.607995,1,1,-2
1670,117.12265,30.582931,1,1,-2
1670,117.156623,33.726215,1,1,-2
1670,117.205594,34.271614,2,2,-1
1670,117.292665,29.538923,1,1,-2
1670,117.627505,28.511365,1,1,-2
1670,117.943297,28.417221,1,1,-2
1670,118.023776,35.743791,2,1,-2
1670,118.079573,29.662758,1,1,-2
1670,118.156954,28.75628,1,1,-2
1670,118.273423,30.892843,1,1,-2
1670,118.462492,36.671324,1,1,-2
1670,118.524543,32.96793,1,1,-2
1670,118.627269,31.498771,1,1,-1
1670,118.640902,33.70502,1,1,-2
1670,118.784919,30.939445,1,1,-2
1670,118.842952,37.018886,1,1,-2
1670,118.880691,35.650541,1,1,-2
1670,118.91285,36.537723,1,1,-2
1670,119.027584,34.888509,1,1,-2
1670,119.145637,36.328617,1,1,-2
1670,119.156925,36.791958,1,1,-2
1670,119.311896,35.396013,1,1,-2
1670,119.337835,30.205199,1,1,-2
1670,119.404196,36.01124,1,1,-2
1670,119.441771,36.825935,1,1,-2
1670,119.445274,32.406239,1,1,-1
1670,119.548052,29.834181,2,1,-2
1670,119.591478,29.016509,1,1,-2
1670,119.694363,36.38105,1,1,-2
1670,119.707641,28.766648,1,1,-2
1670,119.942679,36.782432,1,1,-2
1670,119.949511,36.23866,1,1,-2
1670,119.9914,37.184423,1,1,-2
1670,120.044426,30.564224,1,1,-2
1670,120.119623,30.234656,1,1,-1
1670,120.180205,30.784307,3,2,-1
1670,120.357029,29.23291,1,1,-2
1670,120.357725,30.161039,1,1,-2
1670,120.397516,31.224485,2,1,-1
1670,120.479444,30.605512,1,1,-2
1670,120.507417,36.480518000000004,1,1,-2
1670,120.589649,30.005993,1,1,-2
1670,120.590028,30.449647,1,1,-1
1670,120.603069,31.309043,1,1,-1
1670,120.625761,31.01201,1,1,-1
1670,120.896588,30.899904,1,1,-1
1670,121.083117,31.126945,1,1,-2
1670,121.249636,37.467374,1,1,-2
1670,121.494508,31.339228,2,2,1
1670,121.721276,29.911732,1,1,-1
1670,122.000076,37.165634,1,1,-2
1670,122.114568,37.43278,1,1,-2
1671,110.611939,34.710098,3,2,1
1671,110.619357,35.145928,2,2,-2
1671,110.71989,35.382397,2,2,-2
1671,110.948969,35.057559,2,2,-2
1671,111.178182,32.565795,1,1,1
1671,112.339132,27.773622,1,1,-2
1671,112.345782,28.130859,1,1,-2
1671,112.445027,28.513175,1,1,-2
1671,112.70477700000001,27.284655,1,1,-2
1671,112.77544,27.667837,2,1,-2
1671,112.943509,37.133396,1,1,-1
1671,113.379049,30.290531,1,1,-2
1671,113.475516,27.170459,1,1,-2
1671,113.877453,29.739825,1,1,-2
1671,113.882888,27.626653,1,1,-2
1671,114.01107,26.700307,1,1,-2
1671,114.143479,34.385856,1,1,-2
1671,114.157529,37.145392,3,2,1
1671,114.277937,27.83855,1,1,-2
1671,114.321987,28.208046,1,1,-2
1671,114.327734,34.829942,1,1,-2
1671,114.381408,29.850263,1,1,-2
1671,114.636185,36.760061,2,2,-2
1671,114.664109,27.844127,1,1,-2
1671,114.686809,36.418043,1,1,-2
1671,114.712979,39.360039,1,1,-2
1671,114.755161,34.503741,1,1,-2
1671,114.761114,28.45194,2,2,-2
1671,114.789218,38.896392,2,2,-2
1671,114.843793,30.070238,2,2,-2
1671,114.846933,28.197387,1,1,-2
1671,114.859335,36.86833,1,1,1
1671,115.039849,38.460863,2,2,-2
1671,115.216762,38.191419,1,1,1
1671,115.29058,28.364089,1,1,-2
1671,115.446597,29.626388,1,1,-1
1671,115.540685,34.826094,1,1,-1
1671,115.930696,28.805688,2,2,-2
1671,115.948678,29.359015,1,1,-2
1671,116.013494,29.640973,1,1,-1
1671,116.051158,27.71364,1,1,-2
1671,116.058604,28.623079,1,1,-2
1671,116.168725,36.579578,1,1,-2
1671,116.242079,30.10287,1,1,-2
1671,116.277866,29.664389,1,1,-2
1671,116.30516,28.440081,1,1,-2
1671,116.327735,29.35216,1,1,-2
1671,116.349202,27.922022,1,1,-2
1671,116.485741,27.112735,1,1,-2
1671,116.579792,33.214988,1,1,-2
1671,116.604063,28.217876,1,1,-2
1671,116.609853,28.679305,1,1,-2
1671,116.615462,29.830764,1,1,-2
1671,116.677558,30.240207,2,2,-2
1671,116.774043,29.240033,1,1,-2
1671,116.794414,30.57652,2,2,-2
1671,116.79899,34.207434,5,2,-2
1671,116.897453,34.699891,2,1,-2
1671,116.918867,27.259167,1,1,-2
1671,116.992333,30.026531,2,2,-2
1671,117.024295,27.743496,1,1,-2
1671,117.032343,33.032085,2,1,-2
1671,117.113008,26.862022,3,3,-1
1671,117.113426,36.607995,1,1,-2
1671,117.12265,30.582931,1,1,-2
1671,117.132507,35.063413,1,1,-2
1671,117.183693,28.189655,1,1,-2
1671,117.205594,34.271614,2,2,-1
1671,117.257485,37.954032,1,1,-2
1671,117.292665,29.538923,1,1,-2
1671,117.342699,27.652942,1,1,-2
1671,117.401864,28.44708,1,1,-2
1671,117.534473,30.197168,1,1,-2
1671,117.627505,28.511365,1,1,-2
1671,117.650323,36.286172,1,1,-1
1671,117.714789,31.646091,1,1,1
1671,117.727182,39.813542,1,1,-2
1671,117.876391,33.540753,1,1,-1
1671,117.943297,28.417221,1,1,-2
1671,118.023776,35.743791,2,1,-2
1671,118.079573,29.662758,1,1,-2
1671,118.156954,28.75628,1,1,-2
1671,118.273423,30.892843,2,2,-2
1671,118.312148,34.646627,1,1,-2
1671,118.382185,35.106435,1,1,-2
1671,118.462492,36.671324,1,1,-2
1671,118.524543,32.96793,2,1,-2
1671,118.627269,31.498771,2,1,-2
1671,118.640902,33.70502,1,1,-2
1671,118.784919,30.939445,3,2,-2
1671,118.837253,32.406633,1,1,-2
1671,118.842952,37.018886,1,1,-2
1671,118.880691,35.650541,2,2,-2
1671,118.884879,29.608818,1,1,-2
1671,118.91285,36.537723,1,1,-2
1671,118.921746,33.658644,1,1,-2
1671,118.961273,32.716928,1,1,1
1671,118.975431,39.911349,3,2,-2
1671,119.080278,28.521588,1,1,-2
1671,119.145637,36.328617,1,1,-2
1671,119.156925,36.791958,2,1,-2
1671,119.188204,32.388233,1,1,1
1671,119.311896,35.396013,1,1,-2
1671,119.404196,36.01124,1,1,-2
1671,119.441771,36.825935,2,1,-2
1671,119.52399,29.280686,1,1,-2
1671,119.548052,29.834181,1,1,-2
1671,119.591478,29.016509,1,1,-2
1671,119.606003,27.897767,1,1,-2
1671,119.694363,36.38105,1,1,-2
1671,119.707641,28.766648,1,1,-2
1671,119.810373,30.978497,1,1,-2
1671,119.834077,28.440495,1,1,-2
1671,119.920709,31.748661,1,1,1
1671,119.942679,36.782432,1,1,-2
1671,119.949511,36.23866,1,1,-2
1671,119.9914,37.184423,1,1,-2
1671,120.092824,32.219519,1,1,1
1671,120.093664,28.934114,1,1,-2
1671,120.119623,30.234656,1,1,-2
1671,120.175516,28.661372,1,1,-2
1671,120.180205,30.784307,2,2,-2
1671,120.26852,29.69283,1,1,-2
1671,120.357725,30.161039,1,1,-1
1671,120.479444,30.605512,1,1,-1
1671,120.507417,36.480518000000004,1,1,-2
1671,120.568183,32.264155,1,1,-1
1671,120.589649,30.005993,4,1,-2
1671,120.590028,30.449647,1,1,-2
1671,120.737675,36.903649,1,1,-2
1671,120.745383,29.582772,1,1,-2
1671,120.896588,30.899904,2,2,-2
1671,120.972336,29.145718,1,1,-2
1671,121.001502,28.256333,1,1,-2
1671,121.173645,28.590553,1,1,-2
1671,121.207132,28.851324,1,1,-2
1671,121.249636,37.467374,1,1,-2
1671,121.323285,30.179805000000002,2,2,-2
1671,121.403967,28.40108,1,1,-2
1671,121.521584,29.78289,1,1,-1
1671,121.721276,29.911732,2,2,-2
1671,122.000076,37.165634,1,1,-2
1671,122.114568,37.43278,1,1,-2
1672,102.700122,25.054449,1,1,-1
1672,105.185362,35.208308,1,1,-1
1672,110.717005,36.15488,1,1,-1
1672,111.239285,34.885707,1,1,1
1672,111.528586,38.730031,2,1,-1
1672,111.947582,37.45225,1,1,-2
1672,113.243272,36.369323,1,1,-1
1672,113.379049,30.290531,1,1,-2
1672,114.218387,35.276745,1,1,-2
1672,114.712979,39.360039,1,1,-2
1672,115.446597,29.626388,1,1,-1
1672,115.657002,38.523696,1,1,1
1672,116.013494,29.640973,1,1,-1
1672,116.395348,36.188024,2,2,-2
1672,116.485741,27.112735,1,1,-2
1672,116.677558,30.240207,1,1,-1
1672,116.794414,30.57652,1,1,1
1672,116.79899,34.207434,2,2,-1
1672,116.897453,34.699891,1,1,-2
1672,117.032343,33.032085,1,1,-2
1672,117.113008,26.862022,2,1,-2
1672,117.156623,33.726215,1,1,-1
1672,117.205594,34.271614,1,1,-1
1672,117.257485,37.954032,1,1,-2
1672,117.451187,37.795177,1,1,1
1672,117.876391,33.540753,1,1,-1
1672,117.969307,37.424149,1,1,-2
1672,118.521082,37.143389,1,1,-1
1672,118.524543,32.96793,1,1,-2
1672,118.627269,31.498771,2,1,-2
1672,118.784919,30.939445,1,1,-2
1672,119.188204,32.388233,1,1,1
1673,104.625233,35.106232,1,1,-2
1673,110.384016,37.51371,1,1,1
1673,111.239285,34.885707,2,1,1
1673,112.665098,38.153773,1,1,1
1673,113.379049,30.290531,1,1,-2
1673,114.529796,24.334068,1,1,-2
1673,115.529159,35.801377,1,1,-2
1673,115.540685,34.826094,1,1,-2
1673,115.657002,38.523696,1,1,1
1673,116.556013,25.118163,1,1,-2
1673,116.79899,34.207434,1,1,1
1673,116.992333,30.026531,1,1,-1
1673,117.205594,34.271614,1,1,-1
1673,117.257485,37.954032,1,1,1
1673,117.451187,37.795177,1,1,1
1673,117.662259,36.945603,1,1,-2
1673,119.438411,28.404181,1,1,-2
1673,119.557319,26.297516,1,1,-2
1673,120.092824,32.219519,1,1,-1
1673,120.896588,30.899904,1,1,-2
1673,121.127022,31.551683,1,1,-1
1674,110.384016,37.51371,1,1,1
1674,111.239285,34.885707,1,1,1
1674,112.339132,27.773622,1,1,1
1674,112.665098,38.153773,1,1,1
1674,112.70477700000001,27.284655,1,1,1
1674,113.044269,34.939238,1,1,-1
1674,114.327734,34.829942,1,1,-2
1674,114.379902,40.133757,2,1,-1
1674,114.457776,35.907545,1,1,1
1674,114.489139,40.55092,2,1,-1
1674,114.755161,34.503741,1,1,-2
1674,115.145071,35.925053,1,1,-2
1674,115.150405,32.128014,1,1,-1
1674,115.24256,36.091722,1,1,-2
1674,115.541511,36.134269,1,1,-1
1674,115.877327,40.947453,1,1,-1
1674,115.930696,28.805688,1,1,-2
1674,116.615462,29.830764,1,1,-1
1674,116.992333,30.026531,1,1,-1
1674,117.205594,34.271614,1,1,-1
1674,117.833896,37.166847,1,1,-2
1674,118.462492,36.671324,1,1,-2
1674,118.691146,25.462277,1,1,-1
1674,118.842952,37.018886,1,1,-1
1674,118.921746,33.658644,1,1,-1
1674,119.057288,25.445707,1,1,-1
1674,119.548052,29.834181,1,1,-2
1674,120.896588,30.899904,3,2,-2
1674,121.207132,28.851324,1,1,-2
1674,121.231712,30.833118,1,1,-1
1675,113.426713,34.510027,1,1,-1
1675,113.672035,33.546536,1,1,-1
1675,115.164271,33.291236,1,1,-1
1675,115.285685,36.609466,1,1,-1
1675,115.528814,36.529058,1,1,-1
1675,116.79899,34.207434,1,1,-1
1675,117.205594,34.271614,1,1,-1
1675,117.605709,35.894811,1,1,-1
1675,117.969307,37.424149,1,1,-1
1675,118.05561,36.643938,2,1,-1
1675,118.219272,37.18507,1,1,-1
1675,118.462492,36.671324,1,1,-1
1675,118.555799,36.355552,1,1,-1
1675,118.880691,35.650541,1,1,-1
1675,118.91285,36.537723,1,1,-1
1675,119.145637,36.328617,1,1,-1
1675,119.156925,36.791958,1,1,-1
1675,119.694363,36.38105,1,1,-2
1675,119.942679,36.782432,1,1,-1
1675,119.949511,36.23866,1,1,-1
1675,119.9914,37.184423,1,1,-1
1675,120.357029,29.23291,1,1,-1
1675,120.507417,36.480518000000004,1,1,-1
1675,120.590028,30.449647,1,1,-1
1675,120.896588,30.899904,1,1,-1
1675,121.207132,28.851324,1,1,-2
1675,121.251353,31.353075,1,1,-1
1676,108.218811,34.293236,1,1,-2
1676,108.540187,34.376811,1,1,-2
1676,109.060707,34.517222,1,1,-2
1676,109.287158,34.502354,1,1,-2
1676,112.034367,32.681389,1,1,-2
1676,114.43283,28.997489,1,1,-1
1676,114.884114,33.705385,1,1,-2
1676,115.048022,40.547444,1,1,-1
1676,115.909497,38.044664,1,1,-1
1676,116.556013,25.118163,1,1,-2
1676,117.205594,34.271614,1,1,-1
1676,118.05561,36.643938,5,4,-2
1676,121.212828,31.011963,1,1,-1
1676,121.494508,31.339228,3,2,-2
1676,121.636161,31.230935,1,1,-2
1676,121.736145,31.023522,1,1,-2
1677,108.218811,34.293236,1,1,-2
1677,108.540187,34.376811,1,1,-2
1677,109.060707,34.517222,1,1,-2
1677,109.287158,34.502354,1,1,-2
1677,112.034367,32.681389,1,1,-2
1677,112.756646,34.915678,2,2,-2
1677,113.956584,32.763713,1,1,-2
1677,114.43283,28.997489,1,1,-1
1677,115.476275,38.731366,1,1,-2
1677,115.568173,39.034476,1,1,-2
1677,115.695722,32.131846,1,1,-1
1677,115.825643,28.738125,1,1,-2
1677,115.828106,38.668044,1,1,-2
1677,117.205594,34.271614,1,1,-1
1677,118.884879,29.608818,1,1,-2
1677,120.180205,30.784307,1,1,-2
1677,120.357029,29.23291,1,1,-1
1677,120.479444,30.605512,1,1,-2
1677,120.896588,30.899904,1,1,-2
1677,121.083117,31.126945,1,1,-1
1677,121.207132,28.851324,1,1,-1
1677,121.212828,31.011963,2,2,-1
1677,121.251353,31.353075,1,1,-1
1677,121.494508,31.339228,5,3,-2
1677,121.496292,31.406519,1,1,-1
1677,121.549837,30.915938,1,1,-1
1677,121.636161,31.230935,2,1,-2
1677,121.736145,31.023522,2,2,-2
1678,104.62827,35.639356,1,1,0
1678,110.619357,35.145928,1,1,-2
1678,111.157892,35.627343,1,1,-2
1678,111.239285,34.885707,1,1,1
1678,111.370097,35.869675,1,1,-2
1678,111.463262,36.12012,1,1,-2
1678,111.817681,36.593259,1,1,-2
1678,111.834605,33.223129,1,1,1
1678,112.087422,24.507915,1,1,-2
1678,112.95473,36.881944,1,1,-2
1678,112.97335,36.572961,1,1,-2
1678,114.01107,26.700307,1,1,-2
1678,114.271101,36.931317,1,1,-2
1678,114.301458,36.120215,1,1,-2
1678,114.421492,34.09855,1,1,1
1678,114.470919,35.037312,1,1,1
1678,114.80934,26.440379,1,1,1
1678,114.877995,33.272712,1,1,1
1678,115.164271,33.291236,2,1,-1
1678,115.843575,32.916121,1,1,1
1678,115.964062,39.865015,1,1,1
1678,115.971944,25.916756,1,1,-1
1678,116.251361,32.657811,1,1,-1
1678,116.404527,34.45225,1,1,-1
1678,116.556013,25.118163,1,1,-2
1678,116.565018,35.370941,1,1,1
1678,116.664142,37.88119,1,1,1
1678,116.851657,38.313006,1,1,1
1678,117.205594,34.271614,2,1,-1
1678,117.257485,37.954032,1,1,1
1678,118.575492,39.783481,1,1,1
1678,118.824123,32.118003,1,1,1
1678,118.930879,39.353574,1,1,1
1678,119.445274,32.406239,1,1,-1
1678,119.634331,39.958169,1,1,1
1678,120.015625,40.295726,1,1,1
1678,120.622126,28.728672,1,1,-1
1678,121.251353,31.353075,1,1,-1
1678,121.494508,31.339228,3,2,-1
1679,108.108531,33.952152,1,1,-1
1679,110.931171,35.920682,1,1,-2
1679,111.150149,36.419057,1,1,-2
1679,111.239285,34.885707,1,1,1
1679,111.26463,34.76703,1,1,-2
1679,113.044269,34.939238,1,1,-2
1679,113.51906,36.213718,1,1,-1
1679,114.157529,37.145392,1,1,1
1679,114.301458,36.120215,1,1,-2
1679,114.421492,34.09855,1,1,1
1679,114.470919,35.037312,1,1,1
1679,114.759912,37.164943,1,1,1
1679,114.938575,38.179072,1,1,-1
1679,115.150405,32.128014,1,1,-1
1679,115.843575,32.916121,1,1,1
1679,116.242079,30.10287,1,1,-2
1679,116.455781,31.710417,1,1,1
1679,116.556013,25.118163,1,1,-2
1679,116.565018,35.370941,2,2,1
1679,116.664142,37.88119,1,1,1
1679,116.72401,39.799723,1,1,1
1679,116.851657,38.313006,1,1,1
1679,117.024295,27.743496,1,1,-1
1679,117.205594,34.271614,1,1,-1
1679,117.257485,37.954032,1,1,1
1679,119.962155,31.776182,1,1,-1
1679,121.127022,31.551683,1,1,-2
1679,121.494508,31.339228,2,2,-1
1680,103.388439,23.728189,1,1,-1
1680,108.540187,34.376811,1,1,-2
1680,109.287158,34.502354,1,1,-2
1680,110.386921,35.571728,1,1,-2
1680,112.590938,38.431261,1,1,-1
1680,113.044269,34.939238,1,1,-2
1680,113.430385,38.769493,1,1,-1
1680,114.301458,36.120215,1,1,-2
1680,114.759912,37.164943,1,1,1
1680,116.156333,40.537864,1,1,-2
1680,116.72401,39.799723,1,1,1
1680,116.897453,34.699891,1,1,1
1680,117.205594,34.271614,1,1,-1
1680,119.337835,30.205199,1,1,-2
1680,120.119623,30.234656,1,1,-2
1680,120.563761,29.955205,1,1,-2
1681,103.388439,23.728189,1,1,-1
1681,108.540187,34.376811,1,1,-2
1681,108.660878,22.04219,1,1,-2
1681,109.287158,34.502354,1,1,-2
1681,109.345547,21.699334,1,1,-2
1681,110.130812,21.642227,1,1,-1
1681,110.96678,22.031322,1,1,-1
1681,113.430385,38.769493,1,1,1
1681,114.018497,24.419215,1,1,1
1681,116.897453,34.699891,2,1,1
1681,118.824123,32.118003,1,1,1
1681,119.337835,30.205199,1,1,-2
1681,119.83493,29.995611,1,1,-2
1681,120.479444,30.605512,1,1,-1
1681,120.563761,29.955205,1,1,-2
1681,120.74689,30.74445,1,1,-2
1681,120.896588,30.899904,1,1,-2
1681,121.09057,30.713245,1,1,-2
1681,121.494508,31.339228,3,1,-2
1681,121.521584,29.78289,1,1,-2
1682,110.384016,37.51371,1,1,-2
1682,110.530766,21.844198,1,1,-2
1682,110.699448,21.440841,1,1,-2
1682,110.96678,22.031322,1,1,-2
1682,111.370097,35.869675,1,1,-1
1682,111.834605,33.223129,1,1,-1
1682,113.019823,38.507659,1,1,1
1682,113.51906,36.213718,1,1,-1
1682,114.299273,32.923312,1,1,-1
1682,114.379902,40.133757,1,1,-2
1682,114.395196,33.300271,1,1,-1
1682,114.550079,33.518302,1,1,-1
1682,114.843793,30.070238,1,1,-1
1682,114.877995,33.272712,2,2,-2
1682,114.884114,33.705385,1,1,-2
1682,115.760293,30.869218,1,1,-2
1682,116.242079,30.10287,1,1,-2
1682,116.897453,34.699891,1,1,1
1682,118.921746,33.658644,2,2,1
1682,119.156925,36.791958,1,1,-2
1682,119.19589,31.928152,1,1,-2
1682,119.503724,31.722212,1,1,-1
1682,119.505288,32.116972,2,1,-1
1683,110.386921,35.571728,1,1,-2
1683,110.530766,21.844198,1,1,-2
1683,110.58637,25.602991,1,1,-2
1683,110.699448,21.440841,1,1,-2
1683,110.889228,37.954979,1,1,-2
1683,110.96678,22.031322,1,1,-2
1683,111.018691,22.922637,1,1,-2
1683,111.370097,35.869675,1,1,-1
1683,111.682061,22.218461,1,1,-2
1683,111.834605,33.223129,1,1,-1
1683,112.995361,28.170764,1,1,-1
1683,113.028346,23.065631,1,1,-2
1683,113.181483,22.846525,1,1,-2
1683,113.440685,22.889931,1,1,-2
1683,114.102496,24.844709,1,1,-2
1683,114.143479,34.385856,3,3,-1
1683,114.301458,36.120215,1,1,-2
1683,114.351423,25.441629,1,1,-2
1683,114.379902,40.133757,1,1,-2
1683,114.529796,24.334068,1,1,-2
1683,116.000831,26.585041,1,1,-2
1683,116.556013,25.118163,1,1,-2
1683,116.807219,25.598784,1,1,-2
1683,117.205594,34.271614,1,1,-1
1683,118.05561,36.643938,1,1,-1
1683,119.920709,31.748661,1,1,-2
1683,120.180205,30.784307,3,2,-2
1683,120.208559,23.002645,5,2,-2
1683,120.255461,23.451842,1,1,-2
1683,120.397516,31.224485,1,1,-2
1683,120.603069,31.309043,1,1,-2
1683,121.494508,31.339228,2,1,-2
1683,121.514319,31.653919,1,1,-1
1683,121.736145,31.023522,1,1,-2
1684,103.265746,36.609801,1,1,-2
1684,104.338963,24.977843,1,1,1
1684,105.669523,35.429038,1,1,-1
1684,106.064042,35.582036,1,1,-1
1684,109.711927,19.801371,1,1,-1
1684,110.386921,35.571728,1,1,-2
1684,110.438593,19.807475,1,1,-1
1684,110.770779,19.745448,1,1,-2
1684,111.018691,22.922637,1,1,-2
1684,111.115743,22.42864,1,1,-2
1684,111.682061,22.218461,1,1,-2
1684,112.554912,28.973582,1,1,-1
1684,112.756646,34.915678,1,1,-2
1684,112.995361,28.170764,1,1,-1
1684,113.028346,23.065631,1,1,-2
1684,113.181483,22.846525,1,1,-2
1684,113.440685,22.889931,1,1,-2
1684,114.102496,24.844709,1,1,-2
1684,114.143479,34.385856,2,1,-2
1684,114.351423,25.441629,1,1,-2
1684,114.529796,24.334068,1,1,-2
1684,114.550079,33.518302,1,1,-1
1684,115.825643,28.738125,1,1,-2
1684,116.000831,26.585041,1,1,-2
1684,116.216608,23.03076,2,1,-1
1684,116.556013,25.118163,1,1,-2
1684,116.677558,30.240207,1,1,-1
1684,116.807219,25.598784,1,1,-2
1684,117.806879,26.439996,1,1,-2
1684,118.023776,35.743791,2,1,-1
1684,118.627269,31.498771,2,2,-2
1684,118.921746,33.658644,3,2,1
1684,119.188204,32.388233,1,1,-1
1684,119.311997,33.880774,1,1,-1
1684,119.461049,32.203049,1,1,-2
1684,119.633618,31.95808,1,1,-1
1684,119.920709,31.748661,1,1,-2
1684,120.180205,30.784307,2,2,-1
1684,120.208559,23.002645,5,2,-2
1684,120.255461,23.451842,1,1,-2
1684,120.397516,31.224485,1,1,-2
1684,120.603069,31.309043,2,2,-2
1684,121.212828,31.011963,1,1,1
1684,121.494508,31.339228,4,2,-2
1684,121.736145,31.023522,2,2,-2
1685,103.265746,36.609801,1,1,-2
1685,110.438593,19.807475,1,1,-1
1685,112.537606,22.371005,1,1,-2
1685,112.554157,25.338643,1,1,-2
1685,114.143479,34.385856,1,1,-1
1685,114.877995,33.272712,1,1,-1
1685,115.61468,35.101482,1,1,-2
1685,115.825643,28.738125,1,1,-2
1685,116.940069,30.969716,1,1,-2
1685,118.921746,33.658644,1,1,-2
1685,119.834077,28.440495,1,1,-1
1686,99.06602,25.200869,1,1,-2
1686,101.210609,25.50924,1,1,-2
1686,108.676428,26.647841,1,1,-2
1686,112.554157,25.338643,1,1,-2
1686,112.64018,36.701548,1,1,1
1686,113.940302,35.026845,1,1,1
1686,114.395196,33.300271,1,1,1
1686,114.877995,33.272712,1,1,-1
1686,116.446864,23.266574,1,1,-2
1686,118.921746,33.658644,1,1,-2
1686,121.494508,31.339228,2,2,1
1687,108.676428,26.647841,1,1,-2
1687,110.889228,37.954979,1,1,-2
1687,112.554912,28.973582,1,1,-2
1687,113.940302,35.026845,1,1,1
1687,114.379902,40.133757,2,2,-1
1687,114.395196,33.300271,1,1,1
1687,114.462506,33.787811,1,1,1
1687,114.489139,40.55092,2,2,-1
1687,116.446864,23.266574,1,1,-2
1687,119.606003,27.897767,1,1,-1
1688,99.746319,26.434437,1,1,-2
1688,99.909924,26.068771,1,1,-2
1688,100.275603,26.332558,1,1,-2
1688,109.287158,34.502354,1,1,-1
1688,111.23033,27.869814,1,1,-1
1688,111.997073,36.304664,1,1,-1
1688,112.874911,35.129806,1,1,1
1688,113.346594,34.79618,1,1,-1
1688,113.350148,35.303807,1,1,1
1688,113.380395,35.04822,1,1,1
1688,113.940302,35.026845,1,1,1
1688,114.153193,40.395202,1,1,1
1688,114.379902,40.133757,1,1,-2
1688,114.462506,33.787811,1,1,1
1688,114.489139,40.55092,1,1,-2
1688,116.664142,37.88119,1,1,-2
1688,117.132507,35.063413,1,1,-1
1688,121.494508,31.339228,2,1,-2
1689,112.874911,35.129806,1,1,1
1689,113.019823,38.507659,1,1,-1
1689,113.350148,35.303807,1,1,1
1689,113.379049,30.290531,1,1,-2
1689,113.380395,35.04822,2,1,1
1689,113.721849,34.454104,1,1,-1
1689,113.846896,36.012216,1,1,1
1689,113.940302,35.026845,1,1,1
1689,114.153193,40.395202,1,1,1
1689,114.174277,38.502779,1,1,-1
1689,114.277937,27.83855,1,1,-2
1689,114.755161,34.503741,1,1,1
1689,115.057226,25.894162,1,1,-1
1689,115.371853,33.891772,1,1,-2
1689,116.664142,37.88119,1,1,-2
1689,116.807219,25.598784,1,1,-2
1689,118.894659,28.955098,1,1,-2
1689,120.052509,29.299493,1,1,1
1689,120.180205,30.784307,1,1,-2
1689,121.494508,31.339228,3,2,-1
1689,121.736145,31.023522,1,1,-2
1689,123.437026,41.802868,1,1,-1
1690,103.119198,25.662995,1,1,-1
1690,109.153453,27.229371,1,1,-2
1690,109.552872,34.552675,1,1,-1
1690,109.597866,27.399133,1,1,-2
1690,109.615169,34.967637,1,1,-1
1690,109.711927,19.801371,1,1,-1
1690,109.779873,32.037444,1,1,-2
1690,109.859922,33.893032,1,1,-1
1690,109.966908,33.423271,1,1,-1
1690,109.989832,28.160397,1,1,-2
1690,110.259934,27.894502,1,1,-2
1690,110.386921,35.571728,1,1,-2
1690,110.591022,28.572391,1,1,-2
1690,110.844686,30.481868,1,1,-2
1690,110.965758,24.103024,1,1,-2
1690,111.011298,25.929613,1,1,-2
1690,111.239388,25.193549,1,1,-2
1690,111.368082,30.291679,1,1,-2
1690,111.429775,32.994749,1,1,-2
1690,111.540808,26.131911,1,1,-2
1690,111.710941,23.558455,1,1,-2
1690,111.834605,33.223129,1,1,-2
1690,112.034367,32.681389,1,1,-2
1690,112.052395,38.394142,1,1,-1
1690,112.087422,24.507915,1,1,-2
1690,112.166876,23.969216,1,1,-2
1690,112.401776,27.084921,1,1,-2
1690,112.442002,24.932152,1,1,-2
1690,112.541131,32.967868,1,1,-2
1690,112.756646,34.915678,1,1,-2
1690,112.845739,32.619098,1,1,-2
1690,112.874911,35.129806,1,1,-2
1690,112.891718,23.295994,1,1,-2
1690,112.996799,25.783519,1,1,-2
1690,113.044269,34.939238,1,1,-1
1690,113.072675,36.021537,1,1,-2
1690,113.182444,29.444069,1,1,-2
1690,113.187959,26.212501,1,1,-2
1690,113.379049,30.290531,1,1,-2
1690,113.380395,35.04822,2,2,1
1690,113.451983,25.934368,1,1,-2
1690,113.510188,29.494562,1,1,-2
1690,113.674052,23.679553,1,1,-2
1690,113.721849,34.454104,1,1,-2
1690,113.846896,36.012216,1,1,1
1690,113.911405,33.369256,1,1,-2
1690,113.940302,35.026845,1,1,-2
1690,114.024349,33.602869,1,1,-2
1690,114.143479,34.385856,1,1,-1
1690,114.277937,27.83855,3,3,-2
1690,114.327734,34.829942,1,1,-1
1690,114.379902,40.133757,1,1,-2
1690,114.489139,40.55092,1,1,-2
1690,114.550079,33.518302,1,1,-1
1690,114.755161,34.503741,1,1,-1
1690,115.077955,37.982215,2,1,1
1690,115.371853,33.891772,1,1,-2
1690,115.446597,29.626388,1,1,-2
1690,115.695722,32.131846,2,2,-1
1690,115.740597,24.261492,1,1,-1
1690,115.843575,32.916121,3,2,-2
1690,115.971944,25.916756,1,1,-2
1690,116.063309,23.285786,1,1,-1
1690,116.347494,23.591034,1,1,-2
1690,116.446864,23.266574,1,1,-2
1690,116.626431,23.71796,1,1,-2
1690,116.651049,24.340841,1,1,-2
1690,116.799433,23.514252,1,1,-2
1690,116.807219,25.598784,1,1,-2
1690,116.814339,31.306114,1,1,-2
1690,117.714789,31.646091,2,2,-2
1690,117.775001,29.324258,1,1,-2
1690,117.853489,31.254384,1,1,-2
1690,118.361506,30.594843,1,1,-2
1690,118.523523,32.032504,1,1,-2
1690,118.524543,32.96793,1,1,-2
1690,118.557979,29.868351,1,1,-2
1690,118.595391,28.577979,1,1,-2
1690,118.627269,31.498771,1,1,-2
1690,118.883178,28.937342,1,1,-2
1690,118.884879,29.608818,1,1,-2
1690,118.894659,28.955098,1,1,-2
1690,118.961703,31.332019,1,1,-2
1690,119.157933,31.096462,1,1,-2
1690,119.188204,32.388233,1,1,-2
1690,119.311997,33.880774,1,1,-2
1690,119.707641,28.766648,1,1,-2
1690,119.962155,31.776182,1,1,-2
1690,120.180205,30.784307,2,1,-2
1690,120.397516,31.224485,1,1,-2
1690,120.479444,30.605512,2,1,-2
1690,120.603069,31.309043,2,2,-2
1690,120.95298,31.323023,1,1,-2
1690,121.09057,30.713245,2,2,1
1690,121.145387,29.985842,1,1,-2
1690,121.212828,31.011963,1,1,-2
1690,121.323285,30.179805000000002,1,1,1
1690,121.494508,31.339228,2,2,1
1690,121.496292,31.406519,2,1,-2
1691,109.153453,27.229371,1,1,-2
1691,109.597866,27.399133,1,1,-2
1691,109.711927,19.801371,1,1,-1
1691,109.779873,32.037444,1,1,-2
1691,109.989832,28.160397,1,1,-2
1691,110.016545,34.796995,1,1,-1
1691,110.259934,27.894502,1,1,-2
1691,110.591022,28.572391,1,1,-2
1691,110.619057,32.078644,1,1,-2
1691,111.011298,25.929613,1,1,-2
1691,111.429775,32.994749,1,1,-2
1691,111.540808,26.131911,1,1,-2
1691,111.710941,23.558455,1,1,-2
1691,111.834605,33.223129,2,2,-2
1691,111.986278,37.01979,1,1,-2
1691,112.087422,24.507915,1,1,-2
1691,112.166876,23.969216,1,1,-2
1691,112.401776,27.084921,1,1,-2
1691,112.442002,24.932152,1,1,-2
1691,112.541131,32.967868,1,1,-2
1691,112.554912,28.973582,1,1,-2
1691,112.756646,34.915678,1,1,-2
1691,112.845739,32.619098,1,1,-2
1691,112.874911,35.129806,1,1,-2
1691,112.891718,23.295994,1,1,-2
1691,112.95473,36.881944,2,2,-2
1691,112.97335,36.572961,2,1,-1
1691,112.996799,25.783519,1,1,-2
1691,113.072675,36.021537,1,1,-1
1691,113.182444,29.444069,1,1,-2
1691,113.187959,26.212501,2,2,-2
1691,113.451983,25.934368,2,2,-2
1691,113.510188,29.494562,1,1,-2
1691,113.721849,34.454104,1,1,-2
1691,113.736,37.557154,1,1,-1
1691,113.877453,29.739825,2,2,-2
1691,113.911405,33.369256,1,1,-2
1691,113.940302,35.026845,1,1,-2
1691,114.024349,33.602869,1,1,-2
1691,114.379902,40.133757,1,1,-2
1691,114.489139,40.55092,1,1,-2
1691,114.550079,33.518302,2,2,-1
1691,114.755161,34.503741,1,1,-2
1691,115.077955,37.982215,2,1,1
1691,115.446597,29.626388,1,1,-2
1691,115.740597,24.261492,1,1,-1
1691,115.843575,32.916121,2,1,-2
1691,115.877327,40.947453,1,1,-1
1691,116.063309,23.285786,1,1,-1
1691,116.347494,23.591034,1,1,-2
1691,116.446864,23.266574,1,1,-2
1691,116.626431,23.71796,1,1,-2
1691,116.799433,23.514252,1,1,-2
1691,116.814339,31.306114,1,1,-2
1691,117.714789,31.646091,2,1,-2
1691,117.775001,29.324258,1,1,-2
1691,117.853489,31.254384,1,1,-2
1691,118.361506,30.594843,1,1,-2
1691,118.523523,32.032504,1,1,-1
1691,118.524543,32.96793,1,1,-2
1691,118.557979,29.868351,1,1,-2
1691,118.627269,31.498771,1,1,-2
1691,118.884879,29.608818,1,1,-2
1691,118.961703,31.332019,1,1,-2
1691,119.188204,32.388233,2,2,-2
1691,119.707641,28.766648,1,1,-2
1691,119.920709,31.748661,1,1,-1
1691,119.962155,31.776182,2,2,-2
1691,120.180205,30.784307,1,1,-2
1691,120.397516,31.224485,5,2,-2
1691,120.603069,31.309043,7,3,-2
1691,120.95298,31.323023,1,1,-2
1691,121.09057,30.713245,1,1,1
1691,121.145387,29.985842,1,1,-2
1691,121.212828,31.011963,3,1,-2
1691,121.494508,31.339228,14,2,-2
1691,121.496292,31.406519,2,1,-2
1691,121.521584,29.78289,1,1,-1
1691,123.437026,41.802868,1,1,-1
1692,108.218811,34.293236,1,1,-2
1692,108.540187,34.376811,1,1,-2
1692,109.060707,34.517222,1,1,-2
1692,109.287158,34.502354,1,1,-2
1692,110.40287,25.376121,1,1,-2
1692,110.619057,32.078644,2,1,-2
1692,115.612363,30.011231,1,1,-2
1692,117.186397,24.317259,1,1,-1
1692,119.188204,32.388233,1,1,-1
1693,100.214439,25.687411,1,1,-1
1693,103.698986,25.03936,1,1,-2
1693,105.687125,27.225697,1,1,-1
1693,106.284937,26.407725,1,1,-1
1693,111.126441,38.878744,1,1,-1
1693,112.034367,32.681389,1,1,-2
1693,112.252624,37.142155,1,1,-2
1693,114.327734,34.829942,1,1,1
1693,116.774043,29.240033,1,1,-1
1693,117.605709,35.894811,1,1,-1
1693,118.524543,32.96793,1,1,1
1693,120.29982,31.833936,1,1,1
1693,121.494508,31.339228,1,1,1
1694,99.06602,25.200869,1,1,-2
1694,100.214439,25.687411,1,1,-2
1694,105.32324,27.40503,1,1,-1
1694,105.687125,27.225697,1,1,-1
1694,106.396593,26.001908,1,1,-1
1694,111.126441,38.878744,3,1,-1
1694,112.64018,36.701548,1,1,-1
1694,112.996799,25.783519,2,2,-2
1694,113.044269,34.939238,1,1,-1
1694,114.327734,34.829942,1,1,1
1694,114.351423,25.441629,1,1,-2
1694,114.489139,40.55092,1,1,-1
1694,115.048022,40.547444,1,1,-1
1694,115.060585,35.174867,1,1,-2
1694,115.877327,40.947453,1,1,-1
1694,117.786712,24.401722,1,1,-1
1694,118.068095,39.806847,1,1,-1
1694,118.524543,32.96793,1,1,1
1694,118.691146,25.462277,1,1,1
1694,119.9914,37.184423,1,1,-1
1694,120.29982,31.833936,1,1,1
1694,120.397516,31.224485,1,1,1
1694,121.494508,31.339228,1,1,1
1695,105.109943,37.354831,1,1,-1
1695,109.610753,37.224569,1,1,-1
1695,110.608911,36.731291,1,1,-1
1695,110.619057,32.078644,1,1,-1
1695,110.856364,39.179935,1,1,-1
1695,110.889228,37.954979,2,2,-1
1695,111.126441,38.878744,2,1,-1
1695,111.173742,37.256505,1,1,-1
1695,111.2995,37.541936,1,1,-1
1695,111.592596,38.336745,1,1,-2
1695,111.986278,37.01979,1,1,-1
1695,112.052395,38.394142,1,1,-1
1695,112.64018,36.701548,3,1,-1
1695,113.348855,38.222989,1,1,-1
1695,113.463482,37.339663,1,1,-1
1695,113.463605,37.023644,1,1,-1
1695,113.758619,37.842885,1,1,-1
1695,114.351423,25.441629,1,1,-2
1695,114.428561,32.025791,2,1,-1
1695,114.489139,40.55092,1,1,-1
1695,115.048022,40.547444,1,1,-1
1695,115.529159,35.801377,1,1,-2
1695,115.877327,40.947453,1,1,-1
1695,116.774043,29.240033,1,1,-1
1695,116.807219,25.598784,1,1,-1
1695,116.983447,40.52448,1,1,-1
1695,118.91285,36.537723,1,1,1
1695,119.057288,25.445707,1,1,-1
1695,120.180205,30.784307,1,1,-2
1695,120.29982,31.833936,3,2,-2
1695,120.397516,31.224485,1,1,-1
1695,121.494508,31.339228,2,1,-2
1695,121.496292,31.406519,1,1,-1
1696,109.639675,36.570609,1,1,-1
1696,110.076824,36.876573,1,1,-1
1696,110.889228,37.954979,3,2,1
1696,111.126441,38.878744,2,1,-1
1696,111.150149,36.419057,1,1,-1
1696,111.173742,37.256505,1,1,-1
1696,111.740073,37.311278,1,1,-1
1696,111.986278,37.01979,1,1,-1
1696,111.997073,36.304664,1,1,-1
1696,112.052395,38.394142,2,1,-2
1696,112.276876,36.696715,1,1,-1
1696,112.294898,36.157182,1,1,-1
1696,112.64018,36.701548,1,1,-1
1696,112.95473,36.881944,1,1,-1
1696,113.330104,35.683455,1,1,-1
1696,113.348855,38.222989,1,1,-1
1696,113.463482,37.339663,1,1,-1
1696,114.457776,35.907545,1,1,-1
1696,115.077955,37.982215,1,1,-1
1696,115.350272,24.326808,2,2,-2
1696,115.933445,34.990286,1,1,-1
1696,117.156623,33.726215,1,1,-2
1696,118.842952,37.018886,1,1,1
1696,118.91285,36.537723,1,1,1
1696,120.29982,31.833936,1,1,1
1696,120.507417,36.480518000000004,1,1,-1
1696,121.494508,31.339228,1,1,-2
1696,121.549837,30.915938,1,1,-2
1697,104.357507,25.465168,1,1,1
1697,110.279137,37.180223,1,1,-1
1697,110.889228,37.954979,1,1,1
1697,110.931171,35.920682,1,1,-1
1697,111.126441,38.878744,2,1,-1
1697,111.997073,36.304664,1,1,-1
1697,112.052395,38.394142,1,1,-2
1697,112.276876,36.696715,2,1,-1
1697,112.294898,36.157182,1,1,-1
1697,112.831882,37.642125,1,1,-1
1697,112.95473,36.881944,2,1,-1
1697,113.736,37.557154,1,1,-1
1697,114.489139,40.55092,1,1,-2
1697,115.048022,40.547444,1,1,-2
1697,115.077955,37.982215,1,1,-1
1697,115.877327,40.947453,1,1,-2
1697,117.132507,35.063413,1,1,-1
1697,117.156623,33.726215,1,1,-2
1697,118.53689,28.970845,1,1,-1
1697,118.595391,28.577979,1,1,-1
1697,118.880691,35.650541,1,1,-1
1697,118.883178,28.937342,1,1,-1
1697,119.337835,30.205199,1,1,-1
1697,119.591478,29.016509,1,1,-1
1697,119.707641,28.766648,2,2,-1
1697,120.180205,30.784307,1,1,-2
1697,121.083117,31.126945,1,1,-1
1697,121.494508,31.339228,2,2,-2
1698,111.126441,38.878744,2,1,-1
1698,112.052395,38.394142,1,1,-2
1698,112.20568,22.623762,1,1,-2
1698,114.428561,32.025791,1,1,-1
1698,115.077955,37.982215,1,1,1
1698,117.806879,26.439996,1,1,-2
1698,117.86445,26.906354,1,1,-1
1699,102.448057,23.743009,1,1,-2
1699,110.591022,28.572391,1,1,-1
1699,110.619057,32.078644,2,1,-1
1699,112.20568,22.623762,1,1,-2
1699,113.808131,40.21567,1,1,-1
1699,114.277937,27.83855,1,1,-1
1699,114.489139,40.55092,1,1,-1
1699,115.048022,40.547444,1,1,-1
1699,115.077955,37.982215,1,1,1
1699,115.877327,40.947453,1,1,-1
1699,118.312504,33.963181,1,1,-2
1699,118.523523,32.032504,1,1,-2
1699,118.524543,32.96793,1,1,-1
1699,120.335992,31.567522,1,1,-1
1700,110.619057,32.078644,1,1,0
1700,114.277937,27.83855,1,1,-1
1700,115.446597,29.626388,1,1,-1
1700,117.775001,29.324258,1,1,-2
1700,117.853489,31.254384,1,1,-2
1700,118.312504,33.963181,1,1,-2
1700,118.824123,32.118003,1,1,-2
1700,118.842952,37.018886,1,1,-1
1700,120.180205,30.784307,1,1,-2
1701,101.862409,25.778543,1,1,-2
1701,103.772726,24.512778,1,1,-1
1701,109.552872,34.552675,1,1,-1
1701,109.983926,19.687555,1,1,-1
1701,110.58637,25.602991,1,1,-2
1701,110.591022,28.572391,1,1,-1
1701,113.736,37.557154,1,1,-1
1701,113.758619,37.842885,1,1,-1
1701,114.488338,34.438027,1,1,-1
1701,114.755161,34.503741,1,1,-1
1701,115.077955,37.982215,1,1,-2
1701,115.446597,29.626388,1,1,-1
1701,115.964062,39.865015,1,1,1
1701,116.814339,31.306114,1,1,-2
1701,117.775001,29.324258,1,1,-1
1701,117.806879,26.439996,1,1,-1
1701,117.853489,31.254384,1,1,-2
1701,118.824123,32.118003,2,1,-2
1701,120.180205,30.784307,1,1,-2
1702,103.772726,24.512778,1,1,-1
1702,109.983926,19.687555,1,1,-1
1702,110.601617,22.829626,1,1,-2
1702,110.619057,32.078644,1,1,-2
1702,110.771634,34.434069,1,1,-2
1702,111.682061,22.218461,1,1,-2
1702,113.577562,24.802466,1,1,-2
1702,114.018497,24.419215,1,1,-2
1702,114.488338,34.438027,1,1,-1
1702,115.751783,25.500757,2,2,1
1702,115.964062,39.865015,1,1,1
1702,116.028841,37.008026,1,1,1
1702,116.216608,23.03076,1,1,1
1702,116.421878,37.146913,1,1,1
1702,117.775001,29.324258,1,1,-1
1702,119.450935,26.50178,1,1,-2
1703,110.601617,22.829626,1,1,-2
1703,110.771634,34.434069,1,1,-2
1703,111.682061,22.218461,1,1,-2
1703,112.594368,25.890084,1,1,-2
1703,113.577562,24.802466,1,1,-2
1703,114.018497,24.419215,1,1,-2
1703,114.067859,35.492828,1,1,-1
1703,114.126639,24.06765,1,1,-1
1703,116.028841,37.008026,1,1,1
1703,116.421878,37.146913,1,1,1
1703,117.775001,29.324258,1,1,1
1703,117.974511,35.25341,1,1,1
1703,118.081139,37.760551,1,1,-1
1703,118.382185,35.106435,1,1,1
1703,120.29982,31.833936,1,1,1
1704,111.809731,37.67671,1,1,-1
1704,112.594368,25.890084,1,1,-2
1704,114.126639,24.06765,1,1,-1
1704,114.71675,24.763948,2,2,1
1704,115.971944,25.916756,1,1,0
1704,117.775001,29.324258,1,1,1
1704,117.974511,35.25341,1,1,1
1704,118.382185,35.106435,1,1,1
1704,120.29982,31.833936,1,1,1
1704,120.335992,31.567522,1,1,-2
1704,120.848944,37.655065,1,1,1
1704,121.494508,31.339228,1,1,-2
1705,103.902482,35.526453,1,1,-1
1705,112.64018,36.701548,2,1,-1
1705,112.95473,36.881944,2,1,-1
1705,114.755161,34.503741,1,1,-2
1705,116.404527,34.45225,1,1,-2
1705,116.556013,25.118163,1,1,1
1705,117.205594,34.271614,1,1,-2
1705,117.775001,29.324258,1,1,-1
1706,109.989832,28.160397,1,1,-2
1706,115.971944,25.916756,1,1,-1
1706,117.775001,29.324258,1,1,-1
1706,119.645608,27.054044,1,1,1
1707,113.672035,33.546536,1,1,-1
1707,115.048022,40.547444,1,1,-2
1707,116.330951,35.96158,1,1,-2
1707,117.156623,33.726215,1,1,-1
1707,118.91285,36.537723,1,1,-1
1707,119.156925,36.791958,1,1,-1
1708,107.169429,35.782019,2,1,1
1708,110.608911,36.731291,1,1,-2
1708,111.973941,23.273644,1,1,-1
1708,112.64018,36.701548,4,3,-2
1708,115.529159,35.801377,1,1,-1
1708,116.992333,30.026531,1,1,-1
1708,117.534473,30.197168,1,1,-1
1708,117.562942,37.597476,1,1,-1
1708,118.081139,37.760551,1,1,-1
1708,120.180205,30.784307,1,1,-1
1709,107.169429,35.782019,3,2,1
1709,110.608911,36.731291,1,1,-2
1709,111.126441,38.878744,1,1,-1
1709,115.292203,34.110559,1,1,-1
1709,116.109214,34.737057,1,1,-2
1709,117.562942,37.597476,1,1,-1
1709,118.081139,37.760551,1,1,-1
1709,120.180205,30.784307,1,1,1
1709,121.251353,31.353075,1,1,-1
1710,103.772726,24.512778,1,1,-1
1710,110.608911,36.731291,1,1,-2
1710,114.697842,25.827402,1,1,-2
1710,116.000831,26.585041,1,1,-1
1710,116.651049,24.340841,1,1,-2
1710,118.675336,40.031695,1,1,-2
1710,118.975431,39.911349,1,1,-2
1710,119.311997,33.880774,1,1,-2
1710,120.180205,30.784307,1,1,1
1711,110.308105,19.485155,1,1,-1
1711,112.20568,22.623762,1,1,-1
1711,114.481718,32.540664,1,1,-1
1711,114.697842,25.827402,1,1,-2
1711,115.871578,38.87066,1,1,1
1711,116.446864,23.266574,1,1,-1
1711,118.524543,32.96793,1,1,-2
1711,118.575492,39.783481,1,1,1
1711,118.675336,40.031695,1,1,-2
1711,118.824123,32.118003,3,1,-2
1711,118.975431,39.911349,2,2,-2
1711,119.08945,39.632731,1,1,1
1712,104.338963,24.977843,1,1,-2
1712,109.989832,28.160397,1,1,-1
1712,110.262212,22.247404,1,1,-1
1712,110.601617,22.829626,1,1,-2
1712,110.770395,23.507448,1,1,-2
1712,111.317824,23.486528,2,1,-2
1712,111.710941,23.558455,1,1,-1
1712,112.20568,22.623762,1,1,-1
1712,112.891718,23.295994,1,1,-1
1712,114.481718,32.540664,1,1,-1
1712,116.651049,24.340841,1,1,-1
1712,118.524543,32.96793,1,1,-2
1712,118.824123,32.118003,1,1,-2
1712,118.961703,31.332019,1,1,-1
1713,110.262212,22.247404,1,1,-1
1713,110.770779,19.745448,1,1,-2
1713,114.379902,40.133757,1,1,-2
1713,114.737351,37.00609,1,1,-2
1713,115.253926,37.48851,1,1,-2
1713,116.347494,23.591034,1,1,-2
1713,116.349202,27.922022,1,1,-1
1713,116.604063,28.217876,1,1,-1
1713,118.824123,32.118003,1,1,-2
1713,120.119623,30.234656,1,1,1
1714,110.58637,25.602991,1,1,-2
1714,112.339132,27.773622,1,1,-2
1714,112.79628,28.716401,1,1,-2
1714,112.995361,28.170764,1,1,-2
1714,113.380395,35.04822,1,1,-1
1714,113.642265,35.195744,1,1,-1
1714,113.882888,27.626653,1,1,-2
1714,113.940302,35.026845,1,1,-1
1714,114.01107,26.700307,1,1,-1
1714,114.277937,27.83855,1,1,-2
1714,114.379902,40.133757,1,1,-2
1714,114.737351,37.00609,1,1,-2
1714,115.231629,27.182999,1,1,-2
1714,115.253926,37.48851,1,1,-2
1714,115.29058,28.364089,1,1,-2
1714,116.162124,38.23564,2,2,-2
1714,116.186178,37.660684,1,1,1
1714,116.259384,38.478592,2,2,-2
1714,116.310097,37.902756,1,1,-2
1714,116.330951,35.96158,1,1,-1
1714,116.349202,27.922022,1,1,-1
1714,116.604063,28.217876,1,1,-1
1714,116.908823,28.320905,1,1,-2
1714,117.017926,35.613908,1,1,-2
1714,117.024295,27.743496,1,1,-2
1714,118.524543,32.96793,1,1,-2
1714,120.092824,32.219519,1,1,1
1714,120.625761,31.01201,1,1,1
1715,112.339132,27.773622,1,1,-2
1715,113.377292,22.519411,1,1,1
1715,114.01107,26.700307,1,1,-1
1715,114.222922,30.567491,3,2,-2
1715,114.277937,27.83855,1,1,-2
1715,114.362077,38.068096,1,1,-2
1715,114.664109,27.844127,1,1,-2
1715,115.29058,28.364089,1,1,-2
1715,115.810346,28.110976,1,1,-1
1715,116.277866,29.664389,1,1,-2
1715,116.30516,28.440081,1,1,-2
1715,116.908823,28.320905,1,1,-2
1715,117.0259,39.453619,1,1,-2
1715,117.266288,31.834359,1,1,-2
1715,117.662259,36.945603,1,1,-2
1715,117.903632,30.948407,1,1,-1
1715,118.523523,32.032504,1,1,-2
1715,118.524543,32.96793,2,1,-2
1715,118.555799,36.355552,1,1,1
1715,119.188204,32.388233,1,1,-1
1715,121.251353,31.353075,1,1,1
1716,111.824898,35.697788,1,1,-2
1716,114.222922,30.567491,1,1,-2
1716,114.77882,37.360085,1,1,-2
1716,115.466457,30.927713,1,1,-1
1716,116.158322,32.196645,1,1,-2
1716,116.277866,29.664389,1,1,-2
1716,118.524543,32.96793,1,1,-2
1716,118.961703,31.332019,1,1,-2
1716,119.311997,33.880774,1,1,-2
1716,119.442397,33.221142,1,1,-2
1717,108.766174,34.611552,1,1,-1
1717,109.989832,28.160397,1,1,-2
1717,112.20568,22.623762,1,1,-1
1717,114.77882,37.360085,1,1,-2
1717,116.158322,32.196645,1,1,-2
1717,116.835172,38.560407,1,1,-1
1717,117.903632,30.948407,1,1,-1
1717,118.961703,31.332019,1,1,-2
1717,122.114568,37.43278,1,1,-2
1718,100.275603,26.332558,1,1,-2
1718,108.108531,33.952152,1,1,-1
1718,111.512657,35.703082,1,1,-1
1718,111.701489,29.745373,1,1,-2
1718,112.153296,29.443949,1,1,-2
1718,115.695722,32.131846,1,1,-2
1718,116.013494,29.640973,1,1,-2
1718,116.277866,29.664389,1,1,-2
1718,117.853489,31.254384,1,1,-1
1718,117.903632,30.948407,1,1,-1
1718,118.961703,31.332019,1,1,-2
1718,119.311997,33.880774,1,1,-2
1718,119.490634,32.831306,1,1,-1
1718,120.092824,32.219519,1,1,-2
1718,120.568183,32.264155,1,1,-2
1718,121.006976,32.078142,1,1,-2
1718,121.251353,31.353075,1,1,-2
1718,121.494508,31.339228,1,1,-1
1718,121.496292,31.406519,2,1,-2
1719,100.275603,26.332558,1,1,-2
1719,111.701489,29.745373,1,1,-2
1719,111.740073,37.311278,1,1,-2
1719,112.153296,29.443949,1,1,-2
1719,114.979465,30.654595,1,1,-1
1719,115.695722,32.131846,1,1,-2
1719,116.156333,40.537864,1,1,-2
1719,116.242079,30.10287,1,1,-2
1719,116.538547,30.75048,1,1,-2
1719,116.677558,30.240207,1,1,-2
1719,116.814339,31.306114,1,1,-2
1719,117.12265,30.582931,1,1,-2
1719,117.138699,37.021866,1,1,-2
1719,117.562942,37.597476,1,1,-2
1719,117.779725,37.931604,1,1,-2
1719,117.853489,31.254384,2,2,-2
1719,118.081139,37.760551,1,1,-2
1719,119.311997,33.880774,1,1,-2
1719,120.29982,31.833936,1,1,-2
1719,121.494508,31.339228,1,1,-1
1719,121.636161,31.230935,1,1,-2
1720,107.061533,36.606711,1,1,-1
1720,108.468733,34.595411,1,1,1
1720,108.540187,34.376811,1,1,1
1720,109.610753,37.224569,1,1,-1
1720,110.182781,36.06608,1,1,1
1720,110.279137,37.180223,1,1,1
1720,110.384016,37.51371,1,1,-1
1720,111.646104,36.32054,1,1,1
1720,111.899241,35.949507,1,1,1
1720,111.997073,36.304664,1,1,1
1720,112.20568,22.623762,1,1,-1
1720,112.294898,36.157182,1,1,1
1720,112.400594,25.632114,1,1,-1
1720,112.537606,22.371005,1,1,-1
1720,112.594368,25.890084,1,1,-1
1720,112.64018,36.701548,2,1,-2
1720,112.71889,34.625452,1,1,-2
1720,112.95473,36.881944,2,1,-2
1720,114.859335,36.86833,1,1,-2
1720,116.013494,29.640973,1,1,-2
1720,116.170244,30.493943,1,1,-2
1720,116.538547,30.75048,1,1,-2
1720,116.651049,24.340841,1,1,-2
1720,116.677558,30.240207,1,1,-2
1720,116.992333,30.026531,1,1,-2
1720,117.017926,35.613908,1,1,1
1720,117.077117,35.35248,1,1,1
1720,117.113426,36.607995,1,1,1
1720,117.12265,30.582931,1,1,-2
1720,117.156623,33.726215,1,1,-2
1720,117.833896,37.166847,1,1,-2
1720,117.899611,25.116414,1,1,-2
1720,118.244928,25.667096,1,1,-2
1720,118.264264,28.362973,1,1,-1
1720,118.555799,36.355552,1,1,-2
1720,118.691146,25.462277,1,1,-2
1720,119.311997,33.880774,1,1,-2
1720,119.949511,36.23866,1,1,1
1720,121.251353,31.353075,1,1,-2
1720,121.494508,31.339228,1,1,-2
1720,121.496292,31.406519,1,1,-2
1720,121.549837,30.915938,1,1,-2
1720,121.636161,31.230935,1,1,-2
1721,108.468733,34.595411,1,1,1
1721,108.540187,34.376811,1,1,1
1721,110.279137,37.180223,1,1,1
1721,111.646104,36.32054,1,1,1
1721,111.899241,35.949507,1,1,1
1721,111.997073,36.304664,1,1,1
1721,112.294898,36.157182,1,1,1
1721,112.891718,23.295994,1,1,-2
1721,114.697842,25.827402,1,1,-1
1721,115.751783,25.500757,1,1,-2
1721,116.347494,23.591034,1,1,-1
1721,116.446864,23.266574,1,1,-1
1721,116.626431,23.71796,1,1,-1
1721,116.651049,24.340841,1,1,-2
1721,116.774043,29.240033,1,1,1
1721,116.807219,25.598784,1,1,-1
1721,116.897453,34.699891,1,1,-2
1721,116.992333,30.026531,1,1,-2
1721,117.017926,35.613908,1,1,1
1721,117.073119,25.213487,1,1,-2
1721,117.077117,35.35248,1,1,1
1721,117.113426,36.607995,1,1,1
1721,117.451187,37.795177,1,1,1
1721,117.609583,24.595799,1,1,-2
1721,117.833896,37.166847,2,2,-1
1721,117.899611,25.116414,1,1,-1
1721,118.081139,37.760551,1,1,-1
1721,118.361506,30.594843,1,1,-2
1721,118.555799,36.355552,1,1,-1
1721,118.691146,25.462277,1,1,-2
1721,119.057288,25.445707,1,1,-2
1721,119.109986,26.176298,1,1,-2
1721,119.280564,33.503341,1,1,-1
1721,119.549308,25.909991,1,1,-2
1721,119.949511,36.23866,1,1,1
1721,120.180205,30.784307,1,1,-2
1722,99.302832,25.88846,1,1,-2
1722,107.820923,34.142293,1,1,-1
1722,111.370097,35.869675,1,1,-1
1722,113.346594,34.79618,1,1,-2
1722,114.067859,35.492828,1,1,-2
1722,114.636185,36.760061,1,1,-2
1722,115.240925,36.301099,2,1,-2
1722,115.65728,37.715226,1,1,-1
1722,116.651049,24.340841,1,1,-1
1722,116.992333,30.026531,1,1,-1
1722,117.562942,37.597476,1,1,-1
1722,117.833896,37.166847,2,1,1
1722,117.876391,33.540753,1,1,-1
1722,118.081139,37.760551,1,1,-1
1722,118.361506,30.594843,1,1,-2
1722,118.524543,32.96793,1,1,-1
1722,120.180205,30.784307,2,2,-2
1722,120.625761,31.01201,1,1,-1
1722,121.127022,31.551683,1,1,-1
1722,121.212828,31.011963,1,1,-1
1722,121.736145,31.023522,1,1,-1
1723,108.108531,33.952152,1,1,-2
1723,108.440652,33.533411,1,1,-2
1723,110.128748,36.538574,1,1,-2
1723,112.920027,25.26662,1,1,-2
1723,112.996799,25.783519,1,1,-2
1723,113.187959,26.212501,1,1,-2
1723,113.379049,30.290531,1,1,1
1723,113.451983,25.934368,1,1,-2
1723,114.067859,35.492828,1,1,-2
1723,114.489139,40.55092,1,1,-1
1723,114.636185,36.760061,1,1,-2
1723,115.240925,36.301099,1,1,-2
1723,115.65728,37.715226,1,1,-1
1723,116.081526,37.234976,1,1,1
1723,117.562942,37.597476,1,1,-1
1723,117.833896,37.166847,1,1,1
1723,117.876391,33.540753,1,1,-1
1723,117.899611,25.116414,1,1,-2
1723,118.081139,37.760551,1,1,-1
1723,118.219272,37.18507,1,1,1
1723,118.524543,32.96793,1,1,-1
1723,118.555799,36.355552,1,1,-1
1723,120.180205,30.784307,1,1,-1
1723,120.625761,31.01201,1,1,-1
1723,121.212828,31.011963,1,1,-1
1723,121.636161,31.230935,1,1,-1
1723,121.736145,31.023522,1,1,-1
1724,108.218811,34.293236,1,1,-1
1724,118.523523,32.032504,2,1,-1
1724,118.91285,36.537723,1,1,-2
1724,119.404196,36.01124,1,1,-2
1724,120.180205,30.784307,1,1,1
1724,120.397516,31.224485,1,1,-1
1724,121.496292,31.406519,3,1,-1
1724,122.000076,37.165634,1,1,-2
1724,122.114568,37.43278,1,1,-2
1724,122.382112,37.147567,1,1,-2
1725,102.019361,25.183706,1,1,-2
1725,109.639675,36.570609,1,1,-2
1725,110.182781,36.06608,1,1,-2
1725,114.197763,39.375898,1,1,-1
1725,115.964062,39.865015,1,1,-2
1725,117.413446,23.683491,1,1,-1
1725,118.91285,36.537723,1,1,-2
1725,119.404196,36.01124,1,1,-2
1725,119.9914,37.184423,1,1,-1
1725,121.251353,31.353075,1,1,-2
1725,121.494508,31.339228,1,1,-1
1725,122.000076,37.165634,1,1,-2
1725,122.114568,37.43278,1,1,-2
1725,122.382112,37.147567,1,1,-2
1726,111.011298,25.929613,1,1,-1
1726,114.067859,35.492828,1,1,-1
1726,114.373526,25.183812,1,1,-1
1726,117.13656,37.671779,1,1,-2
1726,117.562942,37.597476,1,1,-2
1726,117.569022,37.366248,1,1,-2
1726,117.779725,37.931604,1,1,-2
1726,118.081139,37.760551,1,1,-2
1726,119.347178,26.144508,1,1,-1
1726,120.397516,31.224485,2,1,-1
1726,120.625761,31.01201,1,1,-2
1726,120.745383,29.582772,1,1,-2
1726,121.494508,31.339228,1,1,-1
1726,121.496292,31.406519,2,2,-1
1727,104.12891,26.909768,1,1,-2
1727,104.139763,26.273787,1,1,-2
1727,106.102518,31.916096,1,1,-2
1727,111.011298,25.929613,1,1,-1
1727,112.737386,36.336311,1,1,-2
1727,113.940302,35.026845,1,1,-1
1727,115.0764,31.213057,1,1,-1
1727,115.948678,29.359015,1,1,-2
1727,116.013494,29.640973,1,1,-2
1727,116.156333,40.537864,1,1,-2
1727,116.277866,29.664389,1,1,-2
1727,116.327735,29.35216,1,1,-2
1727,117.899611,25.116414,1,1,-2
1727,119.810373,30.978497,1,1,1
1727,120.29982,31.833936,1,1,-2
1727,120.397516,31.224485,1,1,-1
1727,120.603069,31.309043,1,1,-1
1727,120.808317,31.655226,1,1,-1
1727,121.249636,37.467374,1,1,-2
1727,121.496292,31.406519,2,2,-1
1728,103.864607,25.638558,1,1,-2
1728,104.139763,26.273787,1,1,-2
1728,106.583617,23.379442,1,1,-1
1728,109.903451,24.996178,1,1,-1
1728,110.770395,23.507448,1,1,-2
1728,110.965758,24.103024,1,1,-1
1728,111.018691,22.922637,2,2,-2
1728,112.737386,36.336311,1,1,-2
1728,113.379204,34.195892,1,1,-1
1728,114.126639,24.06765,1,1,-2
1728,115.048022,40.547444,2,1,-1
1728,119.549308,25.909991,1,1,-2
1728,120.603069,31.309043,1,1,-1
1728,120.625761,31.01201,1,1,-2
1728,120.808317,31.655226,1,1,-1
1729,106.583617,23.379442,1,1,-1
1729,109.560302,28.667995,1,1,-1
1729,109.903451,24.996178,2,1,-1
1729,110.130812,21.642227,1,1,-2
1729,110.770395,23.507448,1,1,-2
1729,110.965758,24.103024,1,1,-1
1729,111.018691,22.922637,1,1,-1
1729,111.317824,23.486528,1,1,-2
1729,111.973941,23.273644,1,1,-2
1729,114.126639,24.06765,1,1,-2
1729,114.477124,23.00851,1,1,-2
1729,114.529796,24.334068,1,1,-2
1729,114.664109,27.844127,1,1,-2
1729,115.048022,40.547444,4,1,-1
1729,115.270407,22.96774,1,1,-2
1729,115.38259,25.228048,1,1,-2
1729,116.013494,29.640973,1,1,-2
1729,116.347494,23.591034,1,1,-2
1729,116.556013,25.118163,1,1,-2
1729,116.626431,23.71796,1,1,-2
1729,116.807219,25.598784,1,1,-2
1729,117.073119,25.213487,1,1,-2
1729,117.438854,25.37568,1,1,-2
1729,117.605709,35.894811,1,1,-1
1729,117.609583,24.595799,1,1,-2
1729,117.800173,24.736195,1,1,-2
1729,118.244928,25.667096,1,1,-2
1729,118.691146,25.462277,1,1,-2
1729,119.442534,26.758676,1,1,-2
1729,121.127022,31.551683,1,1,-1
1730,109.989832,28.160397,1,1,-1
1730,110.130812,21.642227,1,1,-2
1730,112.64018,36.701548,5,2,-1
1730,112.95473,36.881944,3,1,-1
1730,113.346594,34.79618,1,1,-1
1730,114.489139,40.55092,1,1,-1
1730,114.807674,35.895753,1,1,-1
1730,115.026314,35.761865,1,1,-1
1730,115.240925,36.301099,1,1,-1
1730,116.142202,34.221999,1,1,-2
1730,117.024295,27.743496,1,1,-1
1730,117.727182,39.813542,1,1,1
1730,117.833896,37.166847,1,1,-1
1730,118.880691,35.650541,2,2,-2
1731,102.700122,25.054449,1,1,-2
1731,107.672617,36.036959,2,1,-1
1731,112.276876,36.696715,1,1,-1
1731,112.64018,36.701548,1,1,-1
1731,112.95473,36.881944,1,1,-1
1731,114.01107,26.700307,1,1,-1
1731,116.142202,34.221999,1,1,-2
1731,117.017926,35.613908,1,1,-1
1731,117.077117,35.35248,1,1,-1
1731,117.179062,36.151918,1,1,-2
1731,117.534473,30.197168,2,2,-1
1731,117.833896,37.166847,1,1,-1
1731,118.219272,37.18507,1,1,-2
1731,120.553937,32.784224,1,1,1
1731,120.568183,32.264155,1,1,1
1732,102.700122,25.054449,1,1,-2
1732,103.605343,27.428623,1,1,-2
1732,110.771634,34.434069,1,1,-1
1732,112.64018,36.701548,1,1,-1
1732,112.95473,36.881944,1,1,-1
1732,113.379204,34.195892,1,1,-2
1732,113.642265,35.195744,1,1,-2
1732,114.439528,27.359166,1,1,-2
1732,114.757134,35.218604,1,1,-1
1732,114.884114,33.705385,1,1,-2
1732,116.375953,38.081701,1,1,-1
1732,116.79899,34.207434,2,2,-2
1732,116.803207,37.678126,1,1,-1
1732,116.889881,37.226715,1,1,-1
1732,117.113426,36.607995,1,1,-1
1732,117.179062,36.151918,2,2,-2
1732,117.534473,30.197168,1,1,0
1732,118.219272,37.18507,1,1,-2
1732,118.921746,33.658644,1,1,-1
1732,120.553937,32.784224,1,1,1
1732,120.568183,32.264155,1,1,1
1732,120.95298,31.323023,1,1,-1
1732,121.251353,31.353075,2,1,-1
1732,121.496292,31.406519,2,1,-1
1733,103.772726,24.512778,1,1,-1
1733,105.687125,27.225697,1,1,-1
1733,107.038693,37.619094,1,1,-1
1733,108.461457,34.307393,1,1,-1
1733,111.753663,31.643223,1,1,-1
1733,113.379204,34.195892,1,1,-2
1733,115.009617,29.26248,1,1,-1
1733,117.113426,36.607995,2,2,1
1733,117.903632,30.948407,1,1,-1
1733,118.05561,36.643938,1,1,-2
1733,118.462492,36.671324,1,1,-2
1733,118.880691,35.650541,1,1,-1
1733,120.568183,32.264155,1,1,-1
1734,106.070715,31.600007,1,1,-2
1734,112.361781,35.750356,1,1,-2
1734,115.964062,39.865015,1,1,-1
1734,117.853489,31.254384,1,1,1
1734,118.691146,25.462277,1,1,-2
1734,120.568183,32.264155,1,1,-1
1735,114.749265,38.368307,1,1,-1
1735,116.013494,29.640973,1,1,-2
1735,116.556013,25.118163,1,1,-2
1735,117.853489,31.254384,1,1,1
1735,118.244928,25.667096,1,1,-2
1735,119.280564,33.503341,1,1,-1
1736,102.700122,25.054449,1,1,-2
1736,103.605343,27.428623,1,1,-2
1736,103.864607,25.638558,1,1,-2
1736,105.198178,25.839586,1,1,-1
1736,110.601617,22.829626,1,1,-1
1736,114.840176,34.093848,1,1,-2
1736,116.626431,23.71796,2,2,-2
1736,117.266288,31.834359,1,1,-1
1736,117.853489,31.254384,1,1,-2
1736,118.824123,32.118003,1,1,-1
1736,121.249636,37.467374,1,1,-2
1737,110.278129,18.833584,1,1,-2
1737,112.496367,37.8367,1,1,-1
1737,114.477124,23.00851,1,1,-1
1737,117.853489,31.254384,1,1,-2
1737,118.654494,30.157804,1,1,-2
1738,110.190652,26.711178,1,1,-1
1738,110.278129,18.833584,1,1,-2
1738,110.601617,22.829626,1,1,-1
1738,115.150405,32.128014,1,1,-2
1738,115.695722,32.131846,1,1,-2
1739,102.421883,36.502667,1,1,1
1739,105.093201,35.954949,1,1,-1
1739,105.185362,35.208308,1,1,-1
1739,114.301458,36.120215,1,1,-2
1739,115.446597,29.626388,1,1,1
1739,116.774043,29.240033,1,1,1
1739,116.908823,28.320905,1,1,1
1739,117.001896,28.701713,1,1,1
1739,118.691146,25.462277,1,1,-1
1740,105.821558,23.244168,1,1,-2
1740,106.583617,23.379442,1,1,-2
1740,109.180511,23.661923,1,1,-2
1740,109.261435,24.205452,1,1,-2
1740,109.389772,24.364204,1,1,-2
1740,109.757707,24.018382,1,1,-2
1740,110.58637,25.602991,1,1,-2
1740,110.965758,24.103024,1,1,-2
1740,111.297077,24.889069,1,1,-2
1740,112.087422,24.507915,1,1,-2
1740,112.442002,24.932152,1,1,-2
1740,113.655981,34.782404,1,1,-2
1740,113.956584,32.763713,1,1,-1
1740,114.301458,36.120215,1,1,-2
1740,114.664109,27.844127,2,2,1
1740,115.009617,29.26248,2,2,1
1740,115.446597,29.626388,1,1,1
1740,116.774043,29.240033,3,2,1
1740,116.908823,28.320905,3,2,-1
1740,117.001896,28.701713,3,2,1
1740,117.156623,33.726215,1,1,-2
1740,118.361506,30.594843,3,2,-2
1740,120.061609,32.508067,1,1,-2
1740,120.092824,32.219519,1,1,-2
1740,120.553937,32.784224,1,1,-2
1740,120.568183,32.264155,1,1,-2
1740,121.006976,32.078142,1,1,-2
1740,121.249636,37.467374,2,1,-2
1741,108.534896,24.478563,1,1,-2
1741,111.710941,23.558455,1,1,-1
1741,113.956584,32.763713,1,1,-1
1741,114.884114,33.705385,1,1,1
1741,115.695722,32.131846,1,1,-2
1741,116.677558,30.240207,1,1,-2
1741,117.138699,37.021866,1,1,1
1741,120.061609,32.508067,1,1,-2
1741,120.092824,32.219519,1,1,-2
1741,120.553937,32.784224,1,1,-2
1741,120.568183,32.264155,1,1,-2
1741,120.625761,31.01201,1,1,-2
1741,121.006976,32.078142,1,1,-2
1742,111.710941,23.558455,1,1,-1
1742,112.425986,34.657989,1,1,-1
1742,112.79628,28.716401,1,1,-2
1742,112.995361,28.170764,1,1,-2
1742,113.348855,38.222989,1,1,-1
1742,113.956584,32.763713,1,1,-2
1742,114.299273,32.923312,1,1,-2
1742,115.026816,36.737737,1,1,-2
1742,116.677558,30.240207,1,1,-2
1742,117.333408,35.638855,1,1,-2
1742,117.833896,37.166847,1,1,-2
1742,118.921746,33.658644,1,1,-1
1742,119.280564,33.503341,1,1,-2
1742,119.311896,35.396013,1,1,-2
1742,120.044426,30.564224,1,1,-2
1743,104.139763,26.273787,1,1,-1
1743,109.639675,36.570609,1,1,-1
1743,110.128748,36.538574,1,1,-1
1743,110.182781,36.06608,2,1,-2
1743,110.730915,26.784848,1,1,-2
1743,110.771634,34.434069,1,1,-1
1743,111.487858,27.201728,1,1,-1
1743,111.512657,35.703082,1,1,1
1743,111.899241,35.949507,2,1,1
1743,112.345782,28.130859,1,1,-2
1743,112.554912,28.973582,1,1,-1
1743,112.757914,30.337941,1,1,-1
1743,112.789441,36.104415,1,1,1
1743,112.79628,28.716401,1,1,-2
1743,112.920027,25.26662,1,1,1
1743,112.943509,37.133396,1,1,-2
1743,112.995361,28.170764,1,1,-2
1743,113.072675,36.021537,1,1,1
1743,113.115321,30.646001,1,1,-2
1743,113.671034,30.623619,2,2,-1
1743,113.956584,32.763713,1,1,-2
1743,114.143479,34.385856,1,1,-1
1743,114.157529,37.145392,1,1,1
1743,114.174277,38.502779,1,1,1
1743,114.222922,30.567491,1,1,-2
1743,114.329707,38.077604,1,1,1
1743,114.351423,25.441629,1,1,-1
1743,114.414055,37.799363,1,1,1
1743,114.567739,38.188576,2,1,1
1743,114.605078,37.61374,1,1,1
1743,114.737351,37.00609,1,1,1
1743,114.859335,36.86833,1,1,1
1743,114.917019,25.840324,1,1,-2
1743,114.938575,38.179072,2,1,1
1743,114.995162,37.046298,1,1,1
1743,115.026816,36.737737,2,2,-2
1743,115.077955,37.982215,2,1,1
1743,115.185699,37.076712,1,1,1
1743,115.216762,38.191419,2,1,1
1743,115.319173,38.388638,2,2,1
1743,115.573802,37.948909,1,1,1
1743,115.620694,40.340792,1,1,1
1743,115.65728,37.715226,1,1,1
1743,115.695722,32.131846,1,1,-1
1743,115.728181,38.216035,1,1,1
1743,115.747105,37.451966,1,1,1
1743,115.871578,38.87066,1,1,1
1743,115.891692,39.051086,1,1,1
1743,115.909497,38.044664,1,1,1
1743,115.964062,39.865015,1,1,1
1743,116.162124,38.23564,1,1,1
1743,116.186178,37.660684,1,1,1
1743,116.259384,38.478592,1,1,1
1743,116.421878,37.146913,1,1,1
1743,116.499875,37.657434,1,1,1
1743,116.572666,38.660989,1,1,1
1743,116.664142,37.88119,1,1,-1
1743,116.677558,30.240207,1,1,-2
1743,116.699796,39.42201,1,1,1
1743,116.803207,37.678126,1,1,1
1743,116.835172,38.560407,1,1,1
1743,116.851657,38.313006,1,1,-1
1743,116.889881,37.226715,2,2,1
1743,117.009699,39.959367,1,1,1
1743,117.113426,36.607995,1,1,1
1743,117.333408,35.638855,1,1,-2
1743,117.391278,39.011594,1,1,1
1743,117.40389,39.610394,1,1,1
1743,117.43086,40.002451,1,1,1
1743,117.468296,36.733211,1,1,1
1743,117.569022,37.366248,1,1,1
1743,117.679747,39.377375,1,1,1
1743,117.833896,37.166847,3,2,1
1743,117.853489,31.254384,2,1,-2
1743,117.894523,30.598249,1,1,-2
1743,117.943796,40.133707,2,2,1
1743,118.081139,37.760551,1,1,1
1743,118.219272,37.18507,1,1,1
1743,118.961703,31.332019,1,1,-2
1743,118.975431,39.911349,1,1,1
1743,119.188204,32.388233,1,1,-2
1743,119.311896,35.396013,1,1,-2
1743,119.385337,40.006979,1,1,1
1743,120.590028,30.449647,2,2,-1
1743,121.09057,30.713245,1,1,-1
1743,121.323285,30.179805000000002,1,1,-2
1743,121.721276,29.911732,1,1,-2
1744,111.512657,35.703082,1,1,-2
1744,111.899241,35.949507,1,1,-2
1744,113.379204,34.195892,1,1,1
1744,113.463482,37.339663,1,1,-1
1744,116.774043,29.240033,1,1,-2
1744,116.992333,30.026531,1,1,-2
1744,117.001896,28.701713,1,1,-2
1744,117.833896,37.166847,2,1,-1
1744,119.188204,32.388233,1,1,-2
1745,105.737671,29.656974,1,1,-2
1745,107.679721,34.408642,2,2,-1
1745,109.261435,24.205452,1,1,-1
1745,109.389772,24.364204,1,1,-1
1745,111.899241,35.949507,1,1,-1
1745,112.339132,27.773622,1,1,-2
1745,112.496367,37.8367,2,1,-1
1745,112.995361,28.170764,1,1,-2
1745,113.182444,29.444069,1,1,-2
1745,113.187959,26.212501,1,1,-2
1745,113.379204,34.195892,1,1,1
1745,113.510188,29.494562,1,1,-2
1745,113.70889,28.760169,1,1,-2
1745,113.736,37.557154,1,1,-1
1745,114.054103,29.458803,1,1,-2
1745,114.146472,39.764822,1,1,-1
1745,114.696784,39.873253,1,1,-1
1745,115.209711,40.097282,1,1,-1
1745,115.612363,30.011231,1,1,-2
1745,115.760293,30.869218,1,1,-2
1745,115.810346,28.110976,1,1,-1
1745,115.877327,40.947453,1,1,-1
1745,115.877603,38.416262,2,2,-1
1745,116.654207,37.410006,1,1,-2
1745,116.677558,30.240207,1,1,-2
1745,116.774043,29.240033,1,1,-2
1745,116.908823,28.320905,1,1,-2
1745,116.992333,30.026531,2,1,-2
1745,117.001896,28.701713,1,1,-2
1745,117.113426,36.607995,1,1,-2
1745,117.238552,28.998428,1,1,-2
1745,117.468296,36.733211,1,1,-2
1745,118.382185,35.106435,2,1,-2
1745,119.442534,26.758676,1,1,-1
1745,120.061609,32.508067,1,1,-2
1745,120.553937,32.784224,1,1,-2
1745,121.251353,31.353075,1,1,-1
1745,121.541049,37.276968,1,1,-2
1746,105.737671,29.656974,1,1,-1
1746,110.948969,35.057559,1,1,-1
1746,111.378524,28.284686,1,1,-2
1746,111.512657,35.703082,1,1,-1
1746,111.643232,35.499255,1,1,-2
1746,112.339132,27.773622,1,1,-2
1746,112.496367,37.8367,2,1,-1
1746,112.995361,28.170764,2,1,-2
1746,113.182444,29.444069,1,1,-2
1746,113.379204,34.195892,1,1,1
1746,113.510188,29.494562,1,1,-2
1746,114.277937,27.83855,1,1,-1
1746,115.612363,30.011231,1,1,-2
1746,115.751783,25.500757,1,1,-1
1746,115.810346,28.110976,1,1,-1
1746,115.877603,38.416262,1,1,-2
1746,116.654207,37.410006,1,1,-2
1746,116.677558,30.240207,3,1,-2
1746,116.908823,28.320905,1,1,-2
1746,117.113426,36.607995,1,1,-2
1746,117.183693,28.189655,1,1,-2
1746,117.468296,36.733211,1,1,-2
1746,118.382185,35.106435,2,1,-2
1746,120.061609,32.508067,1,1,-2
1746,120.180205,30.784307,1,1,-1
1746,120.509916,37.603823,1,1,1
1746,120.553937,32.784224,1,1,-2
1746,120.568183,32.264155,1,1,-2
1746,120.603069,31.309043,4,1,-1
1746,120.625761,31.01201,1,1,-1
1746,120.95298,31.323023,3,1,-1
1746,121.083117,31.126945,1,1,-1
1746,121.549837,30.915938,1,1,-2
1747,104.12891,26.909768,1,1,-1
1747,109.013357,28.492432,1,1,-2
1747,111.378524,28.284686,1,1,-2
1747,112.345782,28.130859,1,1,1
1747,113.187959,26.212501,1,1,1
1747,113.379204,34.195892,1,1,1
1747,117.534473,30.197168,1,1,1
1747,118.382185,35.106435,1,1,-2
1747,118.654494,30.157804,1,1,-1
1747,118.91285,36.537723,1,1,-1
1747,120.509916,37.603823,1,1,-1
1747,120.568183,32.264155,1,1,-2
1747,120.896588,30.899904,1,1,1
1747,120.95298,31.323023,1,1,1
1747,121.251353,31.353075,1,1,-1
1747,121.494508,31.339228,1,1,-1
1747,121.496292,31.406519,1,1,-1
1747,121.736145,31.023522,1,1,-1
1748,105.265513,34.805461,1,1,-1
1748,106.988026,34.434996,1,1,-1
1748,107.423875,34.569692,1,1,-1
1748,108.468733,34.595411,1,1,-1
1748,108.931101,34.03899,1,1,-1
1748,108.997177,34.31605,1,1,-1
1748,109.061702,33.377455,1,1,-1
1748,109.137646,35.13948,1,1,-1
1748,109.758669,28.315171,1,1,-2
1748,112.20568,22.623762,1,1,1
1748,113.187959,26.212501,1,1,1
1748,113.451983,25.934368,1,1,1
1748,114.752631,30.330987,1,1,-1
1748,115.240925,36.301099,1,1,-2
1748,115.492917,25.929878,1,1,-1
1748,115.810346,28.110976,1,1,1
1748,116.330951,35.96158,1,1,-1
1748,117.534473,30.197168,1,1,1
1748,120.896588,30.899904,1,1,1
1748,120.95298,31.323023,2,1,1
1749,112.166876,23.969216,1,1,-2
1749,113.451983,25.934368,1,1,1
1749,113.895388,33.149775,1,1,-2
1749,114.153193,40.395202,1,1,-1
1749,115.573802,37.948909,1,1,-2
1749,115.810346,28.110976,2,2,1
1749,115.909497,38.044664,1,1,-2
1749,117.13656,37.671779,1,1,-2
1749,117.833896,37.166847,2,1,-2
1749,119.810373,30.978497,1,1,1
1749,120.95298,31.323023,2,2,1
1749,121.494508,31.339228,1,1,-2
1750,109.180511,23.661923,1,1,-1
1750,110.771634,34.434069,1,1,-2
1750,113.164625,40.156114,1,1,0
1750,113.379204,34.195892,1,1,-2
1750,114.067859,35.492828,1,1,-1
1750,114.755161,34.503741,1,1,-2
1750,115.573802,37.948909,1,1,-2
1750,115.810346,28.110976,1,1,-1
1750,115.909497,38.044664,1,1,-2
1750,116.572666,38.660989,1,1,-2
1750,116.835172,38.560407,1,1,-2
1750,117.13656,37.671779,1,1,-2
1750,117.179062,36.151918,1,1,-2
1750,117.833896,37.166847,1,1,-2
1750,118.1872,31.126372,1,1,-1
1750,118.884879,29.608818,1,1,-1
1750,119.949511,36.23866,1,1,-2
1750,119.9914,37.184423,1,1,-2
1751,109.180511,23.661923,1,1,-2
1751,114.153193,40.395202,1,1,0
1751,114.489139,40.55092,1,1,-2
1751,114.77882,37.360085,1,1,-2
1751,115.573802,37.948909,1,1,-2
1751,115.909497,38.044664,1,1,-2
1751,115.964062,39.865015,1,1,1
1751,117.113008,26.862022,1,1,-1
1751,117.853489,31.254384,1,1,-2
1751,117.899611,25.116414,1,1,-2
1751,118.153456,24.744127,1,1,-2
1751,118.961703,31.332019,1,1,-2
1751,119.9914,37.184423,1,1,-2
1751,120.119623,30.234656,1,1,1
1751,120.509916,37.603823,2,1,-2
1751,120.896588,30.899904,1,1,-1
1752,105.92268,28.747043,1,1,-2
1752,110.771634,34.434069,1,1,-2
1752,112.668933,23.430591,1,1,-2
1752,112.845739,32.619098,1,1,-1
1752,113.430454,32.88112,1,1,-2
1752,113.736,37.557154,1,1,-1
1752,114.153193,40.395202,1,1,0
1752,115.612363,30.011231,1,1,-2
1752,115.964062,39.865015,1,1,1
1752,117.853489,31.254384,1,1,-2
1752,118.361506,30.594843,1,1,-1
1752,119.057288,25.445707,1,1,-1
1752,121.496292,31.406519,1,1,-2
1752,121.549837,30.915938,1,1,-2
1753,110.496161,34.897619,1,1,-1
1753,110.771634,34.434069,1,1,-2
1753,110.948969,35.057559,1,1,-1
1753,111.239285,34.885707,1,1,-2
1753,113.379204,34.195892,1,1,1
1753,114.759912,37.164943,1,1,-1
1753,114.862142,27.082288,1,1,-2
1753,115.240925,36.301099,1,1,-2
1753,116.778629,26.817175,1,1,-1
1753,117.132507,35.063413,1,1,-2
1753,120.888912,37.307065,1,1,1
1753,121.496292,31.406519,1,1,-2
1753,121.549837,30.915938,2,2,-2
1754,103.457998,26.458689,1,1,-1
1754,106.799682,23.728982,1,1,-1
1754,109.137646,35.13948,1,1,-1
1754,113.379204,34.195892,1,1,1
1754,115.350272,24.326808,1,1,-1
1754,116.79899,34.207434,1,1,-1
1754,120.397516,31.224485,1,1,-1
1755,107.553804,25.63345,1,1,-2
1755,108.306393,36.010213,1,1,-1
1755,111.528586,38.730031,1,1,-1
1755,112.30075,30.268188,1,1,-2
1755,114.712979,39.360039,1,1,-1
1755,116.259384,38.478592,1,1,-1
1755,116.277866,29.664389,1,1,-1
1755,116.303986,35.047981,1,1,-2
1755,116.327735,29.35216,1,1,-1
1755,116.677558,30.240207,1,1,-2
1755,116.897453,34.699891,1,1,-2
1755,117.495515,30.508803,2,1,-1
1755,117.853489,31.254384,1,1,-1
1755,120.092824,32.219519,1,1,-2
1755,120.29982,31.833936,1,1,-1
1755,120.568183,32.264155,1,1,-2
1755,120.625761,31.01201,1,1,1
1755,121.006976,32.078142,1,1,-2
1755,121.212828,31.011963,1,1,-2
1756,107.679721,34.408642,1,1,-1
1756,113.379049,30.290531,2,2,-1
1756,113.463482,37.339663,1,1,-1
1756,116.259384,38.478592,1,1,-1
1756,116.277866,29.664389,1,1,-1
1756,116.327735,29.35216,1,1,-1
1756,116.677558,30.240207,2,2,-2
1756,116.897453,34.699891,1,1,-2
1756,116.992333,30.026531,2,2,-1
1756,117.495515,30.508803,1,1,-1
1756,120.092824,32.219519,1,1,-2
1756,120.335992,31.567522,1,1,-1
1756,120.568183,32.264155,1,1,-2
1756,120.625761,31.01201,1,1,-1
1756,121.006976,32.078142,1,1,-2
1757,104.139763,26.273787,1,1,-1
1757,105.109943,37.354831,1,1,1
1757,110.361851,38.071727,1,1,-1
1757,110.601617,22.829626,1,1,-1
1757,111.011298,25.929613,1,1,-2
1757,113.721849,34.454104,1,1,-2
1757,114.15262800000001,22.676668,1,1,-1
1757,114.477124,23.00851,1,1,-1
1757,115.292203,34.110559,1,1,-1
1757,117.413446,23.683491,1,1,-2
1757,121.496292,31.406519,1,1,-1
1758,103.495597,36.132975,2,2,1
1758,107.672617,36.036959,1,1,1
1758,111.317824,23.486528,1,1,-2
1758,111.710941,23.558455,1,1,-2
1758,113.028346,23.065631,1,1,-1
1758,113.365183,23.231574,1,1,-1
1758,113.440685,22.889931,1,1,-1
1758,113.721849,34.454104,1,1,-2
1758,114.282941,23.347794,1,1,-2
1758,114.712979,39.360039,1,1,-1
1758,115.350272,24.326808,1,1,-2
1758,116.063309,23.285786,1,1,-2
1758,116.278326,23.911743,1,1,-2
1758,116.893673,23.858549,1,1,-2
1758,117.413446,23.683491,1,1,-2
1758,119.404196,36.01124,1,1,-2
1758,120.590028,30.449647,1,1,1
1759,103.495597,36.132975,1,1,1
1759,104.578666,28.454913,1,1,-1
1759,106.31016,23.146976,1,1,-2
1759,107.672617,36.036959,1,1,1
1759,111.239388,25.193549,1,1,-2
1759,112.789441,36.104415,1,1,-1
1759,113.100409,39.784675,1,1,-1
1759,113.164625,40.156114,2,1,-1
1759,113.196303,28.321876,1,1,-2
1759,114.379902,40.133757,1,1,-1
1759,114.856621,32.408019,1,1,-2
1759,115.877327,40.947453,1,1,-1
1759,117.43086,40.002451,2,1,-2
1759,118.575492,39.783481,2,1,-2
1759,118.975431,39.911349,2,1,-2
1759,119.08945,39.632731,2,1,-2
1759,119.385337,40.006979,2,1,-2
1759,119.404196,36.01124,1,1,-2
1759,120.590028,30.449647,1,1,1
1759,121.496292,31.406519,1,1,1
1760,106.31016,23.146976,1,1,-2
1760,107.672617,36.036959,1,1,1
1760,110.619357,35.145928,1,1,-2
1760,110.965758,24.103024,1,1,-2
1760,115.057226,25.894162,1,1,-2
1760,117.43086,40.002451,1,1,-2
1760,118.264264,28.362973,1,1,1
1760,118.575492,39.783481,1,1,-2
1760,118.975431,39.911349,1,1,-2
1760,119.08945,39.632731,1,1,-2
1760,119.385337,40.006979,1,1,-2
1760,120.263248,32.034773,1,1,-2
1761,104.578666,28.454913,1,1,-2
1761,107.672617,36.036959,3,2,-1
1761,109.136441,22.313843,1,1,-2
1761,112.166876,23.969216,1,1,-2
1761,112.71889,34.625452,1,1,-2
1761,115.350272,24.326808,1,1,-2
1761,118.555799,36.355552,1,1,-2
1761,118.91285,36.537723,1,1,-2
1761,119.145637,36.328617,1,1,-2
1761,119.404196,36.01124,1,1,-2
1761,119.78552,31.358953,1,1,-2
1761,120.263248,32.034773,1,1,-2
1761,120.357725,30.161039,1,1,-2
1761,120.896588,30.899904,2,1,-2
1761,121.145387,29.985842,1,1,-2
1761,121.212828,31.011963,2,1,-2
1761,121.249636,37.467374,1,1,-2
1761,121.251353,31.353075,1,1,-2
1761,121.494508,31.339228,1,1,-2
1761,121.496292,31.406519,1,1,-2
1761,121.549837,30.915938,1,1,-2
1761,122.000076,37.165634,1,1,-2
1761,122.382112,37.147567,1,1,-2
1762,104.578666,28.454913,2,2,-1
1762,105.093201,35.954949,1,1,-1
1762,108.366525,35.414076,1,1,-1
1762,109.136441,22.313843,1,1,-2
1762,113.732694,36.591526,1,1,-2
1762,114.755161,34.503741,1,1,-1
1762,115.350272,24.326808,1,1,-2
1762,116.677558,30.240207,1,1,-2
1762,118.555799,36.355552,1,1,-2
1762,118.91285,36.537723,1,1,-2
1762,118.975431,39.911349,1,1,-1
1762,119.145637,36.328617,1,1,-2
1762,119.404196,36.01124,1,1,-2
1762,120.357725,30.161039,1,1,-2
1762,120.896588,30.899904,2,1,-2
1762,121.09057,30.713245,1,1,-2
1762,121.145387,29.985842,1,1,-2
1762,121.212828,31.011963,2,1,-2
1762,121.249636,37.467374,1,1,-2
1762,121.251353,31.353075,1,1,-2
1762,121.494508,31.339228,1,1,-2
1762,121.496292,31.406519,2,1,-2
1762,121.549837,30.915938,1,1,-2
1762,121.843877,29.376544,1,1,-1
1762,122.000076,37.165634,1,1,-2
1763,104.721326,36.731512,1,1,1
1763,110.278129,18.833584,1,1,-1
1763,113.463482,37.339663,1,1,-1
1763,114.489139,40.55092,1,1,-1
1763,115.185699,37.076712,1,1,-2
1763,115.46172,37.281031,1,1,-2
1763,117.609583,24.595799,1,1,-1
1763,117.677192,24.127242,1,1,-1
1763,121.09057,30.713245,1,1,-2
1764,104.721326,36.731512,1,1,1
1764,110.591022,28.572391,1,1,-1
1764,114.71675,24.763948,1,1,-2
1764,114.917019,25.840324,1,1,-2
1764,115.057226,25.894162,1,1,-2
1764,116.485741,27.112735,1,1,-2
1764,117.113008,26.862022,1,1,-2
1764,119.188204,32.388233,1,1,-2
1764,120.374468,27.635011,1,1,-1
1764,120.625761,31.01201,1,1,-2
1765,103.495597,36.132975,1,1,-1
1765,104.12891,26.909768,1,1,-2
1765,104.721326,36.731512,1,1,1
1765,104.824226,27.565701,1,1,-1
1765,111.956865,26.457849,1,1,-2
1765,114.605078,37.61374,1,1,1
1765,114.71675,24.763948,1,1,-2
1765,114.917019,25.840324,1,1,-2
1765,115.057226,25.894162,1,1,-2
1765,116.485741,27.112735,1,1,-2
1766,104.12891,26.909768,1,1,-2
1766,108.156833,23.660568,1,1,-2
1766,113.671034,30.623619,1,1,-2
1766,114.605078,37.61374,2,2,1
1766,121.231712,30.833118,1,1,-2
1766,121.494508,31.339228,1,1,-2
1766,121.636161,31.230935,1,1,-2
1766,121.736145,31.023522,1,1,-2
1767,102.986897,24.281977,1,1,-2
1767,104.139763,26.273787,1,1,-1
1767,108.156833,23.660568,1,1,-2
1767,110.278129,18.833584,1,1,-1
1767,116.272901,36.323986,1,1,1
1767,121.231712,30.833118,1,1,-2
1767,121.494508,31.339228,1,1,-2
1767,121.636161,31.230935,1,1,-2
1767,121.736145,31.023522,1,1,-2
1768,104.721326,36.731512,1,1,-1
1768,105.198178,25.839586,1,1,-1
1768,108.930351,23.165161,1,1,-2
1768,109.980728,22.684493,1,1,-1
1768,110.278129,18.833584,2,1,-1
1768,110.770395,23.507448,1,1,-2
1768,111.317824,23.486528,2,1,-1
1768,112.166876,23.969216,1,1,-1
1768,114.829398,31.937477,1,1,-2
1768,115.350272,24.326808,1,1,-1
1768,116.272901,36.323986,1,1,1
1768,117.113008,26.862022,1,1,-1
1769,110.285251,34.508917,1,1,-2
1769,110.601617,22.829626,1,1,-2
1769,111.317824,23.486528,1,1,-1
1769,111.540808,26.131911,1,1,-2
1769,111.756205,29.020888,1,1,-2
1769,111.956865,26.457849,1,1,-2
1769,112.166876,23.969216,1,1,-1
1769,112.554912,28.973582,1,1,-2
1769,112.665309,24.505855,1,1,-1
1769,113.182444,29.444069,1,1,-2
1769,115.057226,25.894162,1,1,-2
1769,115.240925,36.301099,1,1,-2
1769,116.774043,29.240033,1,1,-2
1769,119.311997,33.880774,1,1,1
1769,119.638546,29.113251,1,1,-2
1769,120.896588,30.899904,1,1,-2
1770,110.285251,34.508917,1,1,-2
1770,113.430385,38.769493,1,1,-2
1770,115.057226,25.894162,1,1,-2
1770,116.242079,30.10287,1,1,-2
1770,116.794414,30.57652,1,1,-2
1770,117.017926,35.613908,1,1,-1
1770,117.077117,35.35248,1,1,-1
1770,119.311997,33.880774,1,1,1
1770,120.896588,30.899904,2,2,-2
1771,102.986897,24.281977,1,1,-1
1771,103.495597,36.132975,1,1,-1
1771,108.126288,34.777843,1,1,-1
1771,108.931101,34.03899,1,1,-1
1771,109.221297,34.875364,1,1,-1
1771,109.287158,34.502354,1,1,-1
1771,109.798887,34.409983,1,1,-1
1771,110.016545,34.796995,1,1,-1
1771,110.285251,34.508917,1,1,-1
1771,116.774043,29.240033,1,1,-1
1771,120.896588,30.899904,1,1,-2
1772,106.713621,25.978663,1,1,-2
1772,114.605078,37.61374,2,2,1
1772,117.588349,29.868121,1,1,-1
1773,106.713621,25.978663,1,1,-2
1773,113.379049,30.290531,1,1,-1
1773,114.277937,27.83855,1,1,-1
1773,114.605078,37.61374,1,1,-1
1773,115.476275,38.731366,1,1,1
1773,116.034228,39.25906,1,1,1
1773,118.024299,36.986652,2,1,-2
1774,102.997888,25.315,1,1,-1
1774,103.495597,36.132975,2,1,-1
1774,106.897672,27.702517,1,1,-1
1774,114.277937,27.83855,1,1,-1
1774,114.605078,37.61374,1,1,-1
1774,116.835172,38.560407,1,1,-2
1775,98.496231,25.273071,1,1,-2
1775,116.835172,38.560407,1,1,-2
1776,98.496231,25.273071,1,1,-2
1776,103.495597,36.132975,1,1,-1
1776,113.182444,29.444069,1,1,-2
1776,115.270407,22.96774,1,1,-1
1776,116.347494,23.591034,1,1,-1
1776,117.605709,35.894811,1,1,-2
1776,119.355382,30.890992,1,1,-2
1776,119.606003,27.897767,1,1,-2
1776,120.509916,37.603823,1,1,-2
1777,109.550168,35.740378,1,1,-2
1777,112.30075,30.268188,1,1,-1
1777,113.379204,34.195892,1,1,-2
1777,113.671034,30.623619,1,1,-2
1777,115.628362,23.798352,1,1,-1
1777,117.342699,27.652942,1,1,-2
1777,117.605709,35.894811,1,1,-2
1777,119.606003,27.897767,1,1,-2
1777,120.509916,37.603823,2,1,-2
1777,121.323285,30.179805000000002,1,1,-2
1777,121.521584,29.78289,1,1,-2
1777,121.843877,29.376544,1,1,-2
1778,104.139763,26.273787,1,1,-2
1778,106.258238,29.030458,3,2,1
1778,110.279137,37.180223,1,1,-1
1778,110.361851,38.071727,1,1,-1
1778,110.384016,37.51371,1,1,-1
1778,111.683685,30.465326,1,1,-1
1778,111.817681,36.593259,1,1,-1
1778,112.30075,30.268188,1,1,-1
1778,112.789441,36.104415,1,1,-2
1778,112.943509,37.133396,1,1,-2
1778,112.95473,36.881944,1,1,-1
1778,112.97335,36.572961,1,1,-1
1778,113.036799,39.080475,2,1,-1
1778,113.348855,38.222989,1,1,-1
1778,113.35811,35.985173,1,1,-1
1778,113.671034,30.623619,1,1,-2
1778,113.758619,37.842885,1,1,-1
1778,114.481718,32.540664,1,1,1
1778,115.240925,36.301099,1,1,1
1778,116.034228,39.25906,1,1,-1
1778,119.490634,32.831306,1,1,-1
1778,120.509916,37.603823,1,1,1
1778,120.74689,30.74445,1,1,1
1778,120.896588,30.899904,1,1,1
1778,121.323285,30.179805000000002,1,1,-2
1778,121.521584,29.78289,1,1,-2
1778,121.843877,29.376544,1,1,-2
1779,106.258238,29.030458,1,1,0
1779,111.683685,30.465326,1,1,-2
1779,115.240925,36.301099,1,1,1
1779,116.034228,39.25906,1,1,-1
1779,120.509916,37.603823,1,1,1
1779,120.74689,30.74445,1,1,1
1779,120.896588,30.899904,2,1,1
1780,110.279137,37.180223,1,1,-1
1780,114.329707,38.077604,1,1,-1
1780,115.350272,24.326808,1,1,-2
1780,118.23806,26.145263,1,1,-2
1780,120.896588,30.899904,1,1,1
1781,113.181483,22.846525,1,1,-1
1781,114.329707,38.077604,2,2,-1
1781,119.145637,36.328617,1,1,-1
1781,120.509916,37.603823,1,1,-2
1782,110.722338,32.863661,1,1,1
1782,113.348855,38.222989,1,1,-1
1782,114.126639,24.06765,1,1,-2
1782,114.329707,38.077604,1,1,-2
1782,118.055436,27.4046,1,1,-1
1782,120.263248,32.034773,1,1,-1
1782,120.625761,31.01201,1,1,-1
1782,120.896588,30.899904,1,1,1
1783,103.487253,23.340084,1,1,-2
1783,105.02124,30.306583,1,1,-2
1783,105.031031,31.113093,1,1,-2
1783,105.378057,30.904361,1,1,-2
1783,105.466798,31.245062,1,1,-2
1783,113.196303,28.321876,1,1,-1
1783,114.126639,24.06765,1,1,-2
1783,114.477124,23.00851,1,1,-1
1783,114.755161,34.503741,1,1,1
1783,118.055436,27.4046,1,1,-1
1783,118.242298,26.586157,1,1,-1
1783,118.521082,37.143389,1,1,-1
1783,119.188204,32.388233,1,1,-1
1783,121.212828,31.011963,1,1,-2
1784,102.120023,24.696793,1,1,-2
1784,102.574867,24.610875,1,1,-2
1784,102.700122,25.054449,1,1,-2
1784,104.794094,30.882801,2,2,-2
1784,105.02124,30.306583,3,2,-1
1784,105.031031,31.113093,2,2,-2
1784,105.378057,30.904361,2,2,-2
1784,105.388994,29.994098,3,2,-1
1784,105.466798,31.245062,2,2,-2
1784,105.4731,30.418917,2,1,-1
1784,105.539103,30.622227,2,2,-2
1784,105.808705,30.142046,2,2,-2
1784,105.92268,28.747043,1,1,-2
1784,106.307318,30.11438,1,1,-1
1784,112.481079,23.105724,1,1,1
1784,114.755161,34.503741,1,1,1
1784,115.350272,24.326808,1,1,-1
1784,115.457071,35.281923,1,1,1
1784,116.492433,35.711764,1,1,-1
1784,116.774043,29.240033,1,1,-2
1784,118.28158,31.710054,1,1,1
1784,118.880691,35.650541,1,1,-2
1784,119.311896,35.396013,1,1,-2
1784,120.052509,29.299493,1,1,1
1785,110.361851,38.071727,1,1,-2
1785,114.829398,31.937477,1,1,-2
1785,115.009617,29.26248,1,1,-1
1785,115.457071,35.281923,1,1,1
1785,116.421878,37.146913,1,1,1
1785,116.814339,31.306114,1,1,-1
1785,117.132507,35.063413,1,1,1
1785,117.333408,35.638855,1,1,-1
1785,117.662259,36.945603,1,1,1
1785,118.28158,31.710054,1,1,1
1785,118.880691,35.650541,1,1,-1
1785,119.145637,36.328617,1,1,-2
1785,119.156925,36.791958,1,1,-2
1785,119.188204,32.388233,1,1,-2
1785,119.9914,37.184423,1,1,1
1785,120.052509,29.299493,1,1,1
1785,120.479444,30.605512,1,1,1
1785,120.509916,37.603823,1,1,1
1785,120.568183,32.264155,1,1,-2
1785,120.590028,30.449647,1,1,1
1786,100.214439,25.687411,1,1,0
1786,105.185362,35.208308,1,1,-1
1786,110.619057,32.078644,1,1,-2
1786,111.378524,28.284686,1,1,-2
1786,112.445027,28.513175,1,1,-2
1786,112.845739,32.619098,1,1,-1
1786,113.182444,29.444069,2,1,-2
1786,114.43283,28.997489,1,1,-2
1786,114.488338,34.438027,1,1,-1
1786,115.009617,29.26248,1,1,-2
1786,115.29058,28.364089,1,1,-2
1786,115.948678,29.359015,1,1,-2
1786,116.242079,30.10287,1,1,-2
1786,116.774043,29.240033,1,1,-2
1786,119.145637,36.328617,1,1,-2
1786,119.156925,36.791958,1,1,-2
1786,119.404196,36.01124,1,1,-2
1786,119.638546,29.113251,1,1,-2
1786,120.808317,31.655226,1,1,-2
1786,120.95298,31.323023,1,1,1
1786,121.496292,31.406519,1,1,-1
1787,106.307318,30.11438,1,1,-2
1787,108.534896,24.478563,1,1,1
1787,111.368082,30.291679,1,1,-1
1787,112.931745,23.826663,1,1,-1
1787,113.35372,26.578865,1,1,-1
1787,118.547427,24.728931,1,1,-2
1787,118.555799,36.355552,1,1,-1
1787,119.707641,28.766648,1,1,-1
1787,120.95298,31.323023,1,1,1
1788,103.627514,31.037096,2,2,-2
1788,106.307318,30.11438,1,1,-2
1788,109.136441,22.313843,1,1,-2
1788,109.597866,27.399133,1,1,-2
1788,111.368082,30.291679,1,1,-1
1788,112.648399,29.48575,1,1,-1
1788,112.891718,23.295994,1,1,-1
1788,112.931745,23.826663,1,1,-1
1788,113.35372,26.578865,1,1,-1
1788,115.350272,24.326808,1,1,-2
1788,115.740597,24.261492,1,1,-2
1788,116.357326,25.69121,1,1,-2
1788,116.651049,24.340841,1,1,-2
1788,116.812912,24.754797,1,1,-2
1788,117.073119,25.213487,1,1,-2
1788,118.547427,24.728931,1,1,-1
1788,118.781007,25.852191,1,1,-2
1788,119.557319,26.297516,1,1,-2
1788,120.821426,24.560159,1,1,-2
1788,121.017724,24.838722,1,1,-2
1788,121.09057,30.713245,1,1,-2
1789,108.156833,23.660568,1,1,-2
1789,109.597866,27.399133,1,1,-2
1789,110.285251,34.508917,1,1,-1
1789,113.35372,26.578865,1,1,-2
1789,113.950214,33.83907,1,1,-2
1789,114.188351,34.009756,1,1,-2
1789,114.440678,34.720748,1,1,-2
1789,115.38259,25.228048,1,1,-2
1789,117.194373,37.322914,1,1,-1
1789,118.242298,26.586157,1,1,-2
1789,118.883178,28.937342,1,1,-1
1789,118.91285,36.537723,1,1,-1
1789,120.870389,30.521588,1,1,-1
1790,103.879674,36.390528,1,1,-1
1790,110.908784,26.544096,1,1,-2
1790,112.996799,25.783519,1,1,-2
1790,113.35372,26.578865,1,1,-2
1790,114.277937,27.83855,1,1,-2
1790,115.529159,35.801377,1,1,-1
1790,116.609853,28.679305,1,1,-2
1790,116.705411,36.722932,1,1,-1
1790,116.889881,37.226715,1,1,-1
1790,117.001896,28.701713,1,1,-2
1790,117.113426,36.607995,1,1,-1
1790,117.156623,33.726215,1,1,-2
1790,117.342699,27.652942,1,1,-2
1790,117.662259,36.945603,1,1,-1
1790,117.943297,28.417221,1,1,-1
1790,118.024299,36.986652,1,1,-1
1790,118.05561,36.643938,1,1,-1
1790,118.654494,30.157804,1,1,-2
1790,118.842952,37.018886,3,1,-1
1790,118.91285,36.537723,2,1,-1
1790,119.145637,36.328617,1,1,-1
1790,119.156925,36.791958,1,1,-1
1790,119.367906,29.483861,1,1,-2
1790,119.404196,36.01124,1,1,-1
1790,119.450935,26.50178,1,1,-2
1790,119.557319,26.297516,1,1,-2
1790,119.638546,29.113251,1,1,-1
1790,119.694363,36.38105,1,1,-1
1790,119.707641,28.766648,1,1,-1
1790,119.942679,36.782432,1,1,-1
1790,119.949511,36.23866,2,1,-1
1790,119.9914,37.184423,1,1,-1
1790,120.092824,32.219519,1,1,-1
1790,120.180205,30.784307,2,1,-2
1790,120.568183,32.264155,1,1,-1
1790,121.843877,29.376544,2,2,-2
1791,111.540808,26.131911,1,1,-2
1791,112.339132,27.773622,1,1,-2
1791,112.920027,25.26662,1,1,-2
1791,113.182444,29.444069,1,1,-2
1791,113.196303,28.321876,1,1,-2
1791,113.70889,28.760169,1,1,-2
1791,114.277937,27.83855,1,1,-2
1791,115.86364,36.144362,1,1,-1
1791,116.272901,36.323986,1,1,-1
1791,116.395348,36.188024,1,1,-2
1791,116.908823,28.320905,1,1,-2
1791,117.001896,28.701713,1,1,-2
1791,117.138699,37.021866,1,1,-1
1791,117.156623,33.726215,1,1,-2
1791,117.562942,37.597476,1,1,-1
1791,117.737722,28.937922,2,2,-1
1791,117.943297,28.417221,1,1,-1
1791,118.595391,28.577979,1,1,-2
1791,118.654494,30.157804,1,1,-2
1791,118.883178,28.937342,1,1,-2
1791,119.367906,29.483861,1,1,-2
1791,119.638546,29.113251,2,1,-1
1791,119.707641,28.766648,1,1,-2
1791,120.052509,29.299493,1,1,-2
1791,120.061609,32.508067,1,1,-2
1791,120.093664,28.934114,1,1,-1
1791,120.180205,30.784307,1,1,-2
1791,120.263248,32.034773,1,1,-2
1791,120.553937,32.784224,1,1,-2
1791,120.590028,30.449647,1,1,-1
1791,120.870389,30.521588,1,1,-1
1791,120.896588,30.899904,1,1,-2
1791,121.006976,32.078142,1,1,-2
1791,121.09057,30.713245,1,1,-2
1791,121.173645,28.590553,1,1,-2
1792,100.555933,23.365619,1,1,-2
1792,110.619057,32.078644,2,2,-1
1792,111.540808,26.131911,1,1,-2
1792,112.339132,27.773622,1,1,-2
1792,112.789441,36.104415,1,1,-1
1792,113.196303,28.321876,1,1,-2
1792,113.70889,28.760169,1,1,-2
1792,113.743824,23.337513,1,1,-1
1792,114.472757,37.051396,1,1,-2
1792,116.889881,37.226715,1,1,-1
1792,117.391278,39.011594,1,1,-2
1792,118.883178,28.937342,1,1,-2
1792,120.052509,29.299493,1,1,-2
1792,120.180205,30.784307,1,1,1
1792,120.603069,31.309043,1,1,1
1792,120.625761,31.01201,1,1,1
1792,120.808317,31.655226,1,1,1
1792,121.494508,31.339228,1,1,1
1792,123.437026,41.802868,1,1,1
1793,112.554912,28.973582,1,1,-1
1793,113.430454,32.88112,1,1,1
1793,114.362077,38.068096,1,1,-1
1793,115.185699,37.076712,1,1,-2
1793,117.806879,26.439996,1,1,-2
1793,118.273423,30.892843,1,1,-1
1793,118.921746,33.658644,1,1,1
1793,120.180205,30.784307,1,1,1
1793,120.603069,31.309043,1,1,1
1793,120.625761,31.01201,1,1,1
1793,120.808317,31.655226,1,1,1
1793,121.494508,31.339228,1,1,1
1794,100.555933,23.365619,1,1,-2
1794,102.700122,25.054449,1,1,-1
1794,104.12891,26.909768,1,1,-2
1794,106.727116,26.57191,1,1,1
1794,110.591022,28.572391,1,1,-1
1794,110.619057,32.078644,1,1,-2
1794,113.430454,32.88112,1,1,1
1794,114.362077,38.068096,1,1,-1
1794,115.000017,24.44484,1,1,-1
1794,115.078911,24.816284,1,1,-1
1794,115.185699,37.076712,1,1,-2
1794,115.434161,39.611103,1,1,-1
1794,116.058604,28.623079,1,1,-1
1794,116.484072,38.905601,1,1,-1
1794,116.814339,31.306114,1,1,-1
1794,116.889881,37.226715,1,1,-2
1794,119.404196,36.01124,1,1,1
1794,119.689557,32.536571,1,1,-1
1794,119.810373,30.978497,1,1,-2
1794,120.180205,30.784307,1,1,-2
1794,120.397516,31.224485,1,1,-2
1794,120.590028,30.449647,1,1,1
1794,120.625761,31.01201,1,1,-2
1794,120.808317,31.655226,1,1,-2
1794,121.494508,31.339228,1,1,-1
1794,121.496292,31.406519,1,1,-2
1795,99.917037,24.603661,1,1,-2
1795,115.948678,29.359015,1,1,-1
1795,116.327735,29.35216,1,1,-1
1795,116.484072,38.905601,2,2,-2
1795,119.404196,36.01124,1,1,1
1795,120.357029,29.23291,1,1,-2
1795,120.590028,30.449647,2,2,1
1795,121.323285,30.179805000000002,1,1,-2
1795,121.496292,31.406519,1,1,-2
1795,121.521584,29.78289,1,1,-2
1795,121.843877,29.376544,1,1,-2
1796,104.57766,28.038882,1,1,-2
1796,104.578666,28.454913,1,1,-2
1796,109.757707,24.018382,1,1,-2
1796,109.779873,32.037444,1,1,-1
1796,112.943509,37.133396,1,1,-2
1796,114.664109,27.844127,1,1,-2
1796,115.29058,28.364089,1,1,-2
1796,115.58844,28.833876,1,1,-2
1796,115.930696,28.805688,1,1,-2
1796,115.948678,29.359015,1,1,-2
1796,116.327735,29.35216,1,1,-2
1796,116.615462,29.830764,1,1,-1
1796,116.745557,27.93256,1,1,-1
1796,117.43086,40.002451,1,1,-2
1796,117.588349,29.868121,1,1,-1
1796,117.806879,26.439996,1,1,-1
1796,118.264264,28.362973,1,1,-2
1796,118.575492,39.783481,1,1,-2
1796,118.91285,36.537723,1,1,-2
1796,118.975431,39.911349,1,1,-2
1796,119.08945,39.632731,1,1,-2
1796,119.156925,36.791958,1,1,-2
1796,119.337835,30.205199,1,1,-2
1796,119.367906,29.483861,1,1,-2
1796,119.404196,36.01124,1,1,-2
1796,119.548052,29.834181,1,1,-2
1796,119.638546,29.113251,2,2,-2
1796,119.834077,28.440495,1,1,-2
1796,119.9914,37.184423,1,1,-2
1796,120.044426,30.564224,1,1,-2
1796,120.052509,29.299493,1,1,-2
1796,120.093664,28.934114,1,1,-2
1796,120.175516,28.661372,1,1,-1
1796,120.180205,30.784307,1,1,-2
1796,120.216189,27.324522,1,1,-2
1796,120.29982,31.833936,1,1,-2
1796,120.335992,31.567522,1,1,-2
1796,120.357029,29.23291,1,1,-2
1796,120.357725,30.161039,1,1,-2
1796,120.397516,31.224485,2,1,-2
1796,120.472939,27.82982,1,1,-1
1796,120.479444,30.605512,1,1,-2
1796,120.589649,30.005993,1,1,-2
1796,120.590028,30.449647,1,1,-2
1796,120.625761,31.01201,1,1,-2
1796,120.670994,28.000701,2,2,-1
1796,120.74689,30.74445,1,1,-2
1796,120.808317,31.655226,1,1,-2
1796,120.870389,30.521588,1,1,-2
1796,120.896588,30.899904,1,1,-2
1796,120.95298,31.323023,1,1,-2
1796,121.001502,28.256333,1,1,-2
1796,121.083117,31.126945,2,1,-2
1796,121.09057,30.713245,1,1,-2
1796,121.127022,31.551683,1,1,-2
1796,121.173645,28.590553,1,1,-2
1796,121.207132,28.851324,1,1,-2
1796,121.212828,31.011963,1,1,-2
1796,121.231712,30.833118,1,1,-2
1796,121.323285,30.179805000000002,1,1,-2
1796,121.403967,28.40108,2,1,-1
1796,121.521584,29.78289,1,1,-2
1796,121.843877,29.376544,1,1,-2
1796,122.382112,37.147567,1,1,-2
1797,105.138355,29.628438,1,1,1
1797,106.258238,29.030458,1,1,-1
1797,112.943509,37.133396,1,1,-2
1797,113.426713,34.510027,1,1,-2
1797,114.054103,29.458803,1,1,-1
1797,114.127189,23.668627,1,1,-2
1797,117.266288,31.834359,1,1,-2
1797,117.391278,39.011594,1,1,1
1797,118.781007,25.852191,1,1,-1
1797,119.404196,36.01124,1,1,-2
1797,119.638546,29.113251,1,1,-1
1797,120.357725,30.161039,1,1,-1
1797,120.589649,30.005993,1,1,-2
1798,105.138355,29.628438,1,1,1
1798,106.258238,29.030458,1,1,-1
1798,110.016545,34.796995,1,1,-2
1798,111.540808,26.131911,1,1,-2
1798,112.339132,27.773622,1,1,-2
1798,112.345782,28.130859,1,1,-2
1798,112.79628,28.716401,1,1,-1
1798,113.196303,28.321876,1,1,-2
1798,113.426713,34.510027,1,1,-2
1798,113.70889,28.760169,1,1,-2
1798,114.054103,29.458803,1,1,-1
1798,116.034228,39.25906,1,1,-2
1798,116.794414,30.57652,1,1,-2
1798,117.266288,31.834359,1,1,-2
1798,117.391278,39.011594,3,2,1
1798,120.357725,30.161039,2,1,1
1798,120.479444,30.605512,1,1,1
1798,120.509916,37.603823,1,1,1
1798,120.670994,28.000701,1,1,-2
1798,120.896588,30.899904,1,1,-2
1798,121.006976,32.078142,2,1,1
1798,121.083117,31.126945,1,1,-2
1798,121.212828,31.011963,1,1,-2
1798,121.494508,31.339228,1,1,-2
1798,121.549837,30.915938,2,1,-2
1799,106.258238,29.030458,1,1,-1
1799,108.737995,24.015524,1,1,-2
1799,110.016545,34.796995,1,1,-2
1799,110.062207,32.236199,1,1,-2
1799,110.279137,37.180223,1,1,-2
1799,111.540808,26.131911,1,1,-2
1799,112.339132,27.773622,1,1,-2
1799,112.345782,28.130859,1,1,-2
1799,112.79628,28.716401,1,1,-1
1799,112.943509,37.133396,1,1,-2
1799,113.182444,29.444069,1,1,-1
1799,113.196303,28.321876,1,1,-2
1799,113.70889,28.760169,1,1,-2
1799,113.846896,36.012216,1,1,-2
1799,116.327735,29.35216,1,1,-1
1799,116.794414,30.57652,1,1,-2
1799,117.391278,39.011594,1,1,1
1799,118.361506,30.594843,1,1,-1
1799,120.479444,30.605512,1,1,1
1799,120.509916,37.603823,1,1,-2
1799,120.670994,28.000701,1,1,-2
1800,104.12891,26.909768,1,1,-2
1800,108.633479,23.520022,1,1,-2
1800,108.930351,23.165161,1,1,-2
1800,109.153453,27.229371,1,1,-2
1800,111.239388,25.193549,1,1,-2
1800,111.540808,26.131911,1,1,-1
1800,112.339132,27.773622,1,1,-2
1800,112.79628,28.716401,1,1,-1
1800,112.996799,25.783519,1,1,-2
1800,113.196303,28.321876,1,1,-2
1800,113.70889,28.760169,1,1,-2
1800,113.846896,36.012216,1,1,-2
1800,114.321987,28.208046,1,1,-2
1800,114.862142,27.082288,2,1,-2
1800,114.893082,26.741135,2,2,-2
1800,115.29058,28.364089,1,1,-1
1800,116.745557,27.93256,1,1,-1
1800,117.238552,28.998428,1,1,-2
1800,117.322622,34.311265,1,1,-2
1800,117.342699,27.652942,1,1,-2
1800,117.737722,28.937922,1,1,-2
1800,118.361506,30.594843,1,1,-2
1800,118.654494,30.157804,1,1,-2
1800,119.367906,29.483861,1,1,-2
1800,119.638546,29.113251,1,1,-2
1800,119.83493,29.995611,1,1,-2
1800,120.044426,30.564224,1,1,-2
1800,120.180205,30.784307,1,1,-2
1800,120.357029,29.23291,1,1,-2
1800,120.357725,30.161039,1,1,-2
1800,120.479444,30.605512,1,1,-2
1800,120.74689,30.74445,1,1,-2
1800,120.896588,30.899904,1,1,-2
1800,121.09057,30.713245,1,1,-2
1800,121.323285,30.179805000000002,1,1,-2
1800,121.521584,29.78289,1,1,-2
1800,121.721276,29.911732,1,1,-2
1800,121.843877,29.376544,1,1,-2
1801,104.12891,26.909768,1,1,-2
1801,104.922844,31.945701,2,2,-2
1801,110.496161,34.897619,1,1,-1
1801,112.943509,37.133396,1,1,-2
1801,115.619667,29.40058,1,1,-2
1801,115.928853,29.995718,1,1,-2
1801,116.013494,29.640973,1,1,-2
1801,116.277866,29.664389,1,1,-2
1801,117.322622,34.311265,1,1,-2
1801,119.834077,28.440495,1,1,-1
1801,121.006976,32.078142,1,1,-1
1802,103.990386,28.697902,1,1,-2
1802,104.12891,26.909768,1,1,-1
1802,106.307318,30.11438,1,1,-1
1802,110.591022,28.572391,1,1,-2
1802,111.740073,37.311278,1,1,-1
1802,111.997073,36.304664,1,1,-1
1802,115.164104,38.667253,1,1,-1
1802,118.575492,39.783481,1,1,-2
1802,119.949511,36.23866,1,1,-2
1802,120.357725,30.161039,1,1,-1
1802,120.509916,37.603823,1,1,-2
1802,120.568183,32.264155,1,1,-2
1802,120.670994,28.000701,1,1,-1
1803,106.307318,30.11438,1,1,-1
1803,111.834605,33.223129,1,1,-1
1803,112.180354,33.070036,1,1,-1
1803,112.665309,24.505855,1,1,-2
1803,114.472757,37.051396,1,1,1
1803,114.636185,36.760061,1,1,-2
1803,117.974511,35.25341,1,1,-2
1803,118.575492,39.783481,1,1,-2
1803,118.842952,37.018886,1,1,-2
1803,119.027201,31.595081,1,1,-2
1803,119.145637,36.328617,1,1,-2
1803,119.156925,36.791958,1,1,-2
1803,119.19589,31.928152,1,1,-2
1803,119.404196,36.01124,1,1,-1
1803,119.949511,36.23866,1,1,-2
1803,120.180205,30.784307,1,1,-2
1803,122.000076,37.165634,1,1,-2
1803,122.382112,37.147567,1,1,-2
1804,104.393341,32.44118,1,1,1
1804,111.643232,35.499255,2,2,1
1804,111.834605,33.223129,1,1,-1
1804,113.029033,22.443041,1,1,-1
1804,113.164625,40.156114,1,1,-1
1804,114.127189,23.668627,1,1,-1
1804,114.472757,37.051396,1,1,-1
1804,118.024299,36.986652,1,1,-2
1804,118.52155,32.470418,1,1,-1
1804,119.027201,31.595081,1,1,-2
1804,119.156925,36.791958,1,1,-2
1804,119.9914,37.184423,1,1,-1
1804,120.808317,31.655226,1,1,-1
1804,121.251353,31.353075,2,1,-1
1805,102.700122,25.054449,1,1,-1
1805,103.698986,25.03936,1,1,-1
1805,110.278129,18.833584,1,1,-1
1805,112.858822,35.467683,1,1,-2
1805,115.541511,36.134269,1,1,-1
1805,115.86364,36.144362,1,1,-2
1805,116.168725,36.579578,1,1,-1
1805,116.292507,35.423597,1,1,-1
1805,116.303986,35.047981,1,1,-1
1805,116.330951,35.96158,1,1,-1
1805,116.565018,35.370941,1,1,-1
1805,116.922183,35.831134,1,1,-2
1805,117.132507,35.063413,1,1,-2
1805,117.806879,26.439996,1,1,-2
1805,118.547427,24.728931,1,1,-2
1805,120.180205,30.784307,1,1,-1
1805,120.509916,37.603823,1,1,1
1805,120.568183,32.264155,1,1,1
1806,100.555933,23.365619,1,1,-1
1806,107.169429,35.782019,1,1,-1
1806,110.016545,34.796995,1,1,1
1806,110.040906,34.533134,1,1,1
1806,110.278129,18.833584,1,1,-1
1806,112.75974,32.089828,1,1,-2
1806,112.858822,35.467683,1,1,-2
1806,117.132507,35.063413,1,1,-2
1806,118.961273,32.716928,1,1,1
1807,100.555933,23.365619,1,1,-1
1807,103.864607,25.638558,1,1,-2
1807,109.136441,22.313843,1,1,-2
1807,110.016545,34.796995,1,1,1
1807,110.040906,34.533134,1,1,1
1807,110.619057,32.078644,1,1,-1
1807,112.831882,37.642125,1,1,-1
1807,117.943297,28.417221,1,1,-1
1807,118.961273,32.716928,2,2,1
1808,102.997888,25.315,1,1,-2
1808,103.698986,25.03936,1,1,-1
1808,104.12891,26.909768,1,1,-2
1808,104.338963,24.977843,1,1,-1
1808,104.721326,36.731512,1,1,-1
1808,106.396593,26.001908,1,1,-2
1808,106.668002,28.872341,1,1,-1
1808,107.169429,35.782019,2,1,1
1808,109.136441,22.313843,1,1,-2
1808,109.345547,21.699334,1,1,-1
1808,111.487858,27.201728,1,1,-2
1808,111.589972,25.495041,1,1,-2
1808,112.920027,25.26662,1,1,-2
1808,112.931745,23.826663,1,1,-2
1808,113.379204,34.195892,1,1,-1
1808,114.636185,36.760061,1,1,-2
1808,117.391278,39.011594,1,1,-2
1808,117.943297,28.417221,1,1,-1
1808,118.575492,39.783481,1,1,1
1808,118.975431,39.911349,1,1,1
1808,119.057288,25.445707,1,1,-1
1808,121.001502,28.256333,1,1,-1
1809,99.909924,26.068771,1,1,-2
1809,103.87839,30.832078,1,1,-2
1809,107.169429,35.782019,2,1,1
1809,110.311502,26.321387,1,1,-1
1809,111.753663,31.643223,1,1,-2
1809,112.665309,24.505855,1,1,-2
1809,114.321987,28.208046,1,1,-2
1809,114.789218,38.896392,1,1,-1
1809,115.964062,39.865015,3,2,1
1809,116.251361,32.657811,1,1,-1
1809,116.79899,34.207434,1,1,-2
1809,117.588349,29.868121,1,1,-2
1809,117.943297,28.417221,1,1,-1
1809,118.05561,36.643938,1,1,-1
1809,118.319558,29.185184,1,1,-1
1809,118.575492,39.783481,1,1,1
1809,118.595391,28.577979,1,1,-1
1809,118.961273,32.716928,1,1,-2
1809,118.975431,39.911349,1,1,1
1809,120.509916,37.603823,1,1,-2
1809,121.212828,31.011963,1,1,-2
1809,121.231712,30.833118,1,1,-2
1809,121.494508,31.339228,1,1,-2
1810,103.87839,30.832078,1,1,-2
1810,105.031031,31.113093,1,1,-2
1810,110.619057,32.078644,1,1,-2
1810,111.239388,25.193549,1,1,-1
1810,111.368082,30.291679,1,1,-2
1810,114.843793,30.070238,1,1,-2
1810,116.79899,34.207434,1,1,-2
1810,117.943297,28.417221,1,1,-1
1810,118.781007,25.852191,1,1,-1
1810,118.961273,32.716928,1,1,-2
1810,120.509916,37.603823,1,1,-2
1810,121.083117,31.126945,1,1,-2
1810,121.212828,31.011963,1,1,-2
1810,121.231712,30.833118,1,1,-2
1810,121.494508,31.339228,1,1,-2
1810,121.843877,29.376544,1,1,-2
1811,111.487858,27.201728,1,1,-2
1811,112.669469,38.829925,1,1,-1
1811,120.509916,37.603823,1,1,-2
1811,120.625761,31.01201,1,1,-2
1811,120.657173,28.329071,1,1,-2
1811,120.670994,28.000701,1,1,1
1811,120.896588,30.899904,1,1,-2
1811,121.843877,29.376544,1,1,-2
1812,105.783864,26.646707,1,1,-1
1812,107.169429,35.782019,1,1,-1
1812,111.487858,27.201728,1,1,-2
1812,112.391808,35.099834,1,1,-2
1812,112.554157,25.338643,1,1,-2
1812,115.86364,36.144362,1,1,-1
1812,115.880455,35.608819,1,1,-1
1812,116.664142,37.88119,1,1,-2
1812,117.391278,39.011594,1,1,-2
1812,117.401864,28.44708,1,1,-2
1812,118.264264,28.362973,1,1,-1
1812,118.575492,39.783481,1,1,-2
1812,118.842952,37.018886,1,1,-2
1812,118.975431,39.911349,1,1,-2
1812,119.145637,36.328617,1,1,-2
1812,119.156925,36.791958,1,1,-2
1812,119.404196,36.01124,1,1,-2
1813,103.698986,25.03936,1,1,-1
1813,107.169429,35.782019,1,1,-1
1813,108.997177,34.31605,1,1,-1
1813,109.779873,32.037444,1,1,1
1813,110.722338,32.863661,1,1,1
1813,110.770395,23.507448,1,1,-1
1813,112.037102,28.864739,1,1,-1
1813,112.421785,34.059515,1,1,-1
1813,112.527859,33.024811,1,1,-1
1813,112.797158,34.159442,1,1,-1
1813,113.000805,33.296358,1,1,-1
1813,113.218528,34.002851,1,1,-1
1813,113.379204,34.195892,1,1,-1
1813,113.426713,34.510027,1,1,-1
1813,113.672035,33.546536,1,1,-1
1813,113.824642,34.045349,1,1,-1
1813,113.837486,26.377312,1,1,-2
1813,113.940302,35.026845,1,1,-1
1813,113.950214,33.83907,1,1,-1
1813,114.024349,33.602869,1,1,-1
1813,114.421492,34.09855,3,1,-1
1813,114.462506,33.787811,2,1,-1
1813,114.550079,33.518302,1,1,-1
1813,114.664109,27.844127,1,1,-2
1813,114.840176,34.093848,1,1,-1
1813,114.877995,33.272712,1,1,-1
1813,114.884114,33.705385,1,1,-1
1813,115.292203,34.110559,1,1,-1
1813,115.371853,33.891772,1,1,-1
1813,115.843575,32.916121,1,1,-1
1813,116.492433,35.711764,1,1,-1
1813,116.572666,38.660989,1,1,-1
1813,116.835172,38.560407,1,1,-1
1813,117.001896,28.701713,1,1,-2
1813,117.132507,35.063413,1,1,-1
1813,117.516503,34.850293,1,1,-1
1813,117.974511,35.25341,1,1,-1
1813,118.264264,28.362973,1,1,-2
1813,118.53689,28.970845,1,1,-2
1813,118.842952,37.018886,1,1,-2
1813,119.145637,36.328617,1,1,-2
1813,119.156925,36.791958,1,1,-2
1813,119.404196,36.01124,1,1,-2
1813,120.509916,37.603823,1,1,1
1813,121.006976,32.078142,1,1,-2
1814,102.490561,24.367589,1,1,-1
1814,105.687125,27.225697,1,1,-1
1814,107.398182,35.068299,1,1,-1
1814,108.534896,24.478563,2,1,-2
1814,108.633479,23.520022,1,1,-1
1814,108.930351,23.165161,1,1,-1
1814,109.452816,37.845802,1,1,-1
1814,109.779873,32.037444,1,1,1
1814,110.174284,37.82237,1,1,-1
1814,110.259934,27.894502,1,1,-2
1814,110.722338,32.863661,1,1,1
1814,110.770395,23.507448,1,1,-2
1814,110.889228,37.954979,1,1,-1
1814,111.239388,25.193549,1,1,-2
1814,111.710941,23.558455,1,1,-2
1814,112.345775,35.421572,1,1,1
1814,112.361781,35.750356,1,1,1
1814,112.442002,24.932152,1,1,-2
1814,112.75974,32.089828,1,1,-2
1814,112.920027,25.26662,1,1,-2
1814,113.426713,34.510027,1,1,-2
1814,113.430454,32.88112,1,1,-2
1814,114.664109,27.844127,1,1,-2
1814,115.058402,38.917385,1,1,-1
1814,115.164104,38.667253,1,1,-1
1814,115.476275,38.731366,1,1,-1
1814,115.573802,37.948909,1,1,-1
1814,115.619667,29.40058,1,1,-2
1814,115.909497,38.044664,1,1,-1
1814,115.928853,29.995718,2,1,-2
1814,115.948678,29.359015,1,1,-2
1814,116.013494,29.640973,2,1,-2
1814,116.034228,39.25906,1,1,-1
1814,116.058604,28.623079,1,1,-2
1814,116.277866,29.664389,1,1,-2
1814,116.327735,29.35216,1,1,-2
1814,116.615462,29.830764,1,1,-2
1814,116.664142,37.88119,1,1,-1
1814,116.79899,34.207434,1,1,-2
1814,116.851657,38.313006,1,1,-1
1814,117.156623,33.726215,1,1,-2
1814,117.627505,28.511365,1,1,-2
1814,119.145637,36.328617,1,1,-1
1814,119.188204,32.388233,1,1,-2
1814,119.83493,29.995611,1,1,-1
1814,120.180205,30.784307,2,1,-2
1814,120.509916,37.603823,3,3,1
1814,121.006976,32.078142,1,1,-1
1814,121.127022,31.551683,2,2,-2
1815,101.032621,25.093085,1,1,-1
1815,104.794094,30.882801,1,1,-2
1815,106.897672,27.702517,1,1,-2
1815,108.534896,24.478563,2,2,-2
1815,108.966235,34.70529,1,1,-2
1815,109.983926,19.687555,1,1,-2
1815,110.130812,21.642227,1,1,-2
1815,110.278129,18.833584,1,1,-2
1815,110.308105,19.485155,1,1,-1
1815,110.496161,34.897619,1,1,-1
1815,110.770395,23.507448,1,1,-2
1815,111.239285,34.885707,1,1,-1
1815,111.710941,23.558455,1,1,-2
1815,112.345775,35.421572,1,1,1
1815,112.361781,35.750356,1,1,1
1815,112.442002,24.932152,1,1,-2
1815,112.554912,28.973582,1,1,-1
1815,112.75974,32.089828,2,1,-2
1815,113.430454,32.88112,1,1,-2
1815,113.70889,28.760169,1,1,-2
1815,114.174277,38.502779,1,1,-1
1815,114.329707,38.077604,1,1,-1
1815,115.540685,34.826094,1,1,-1
1815,115.541511,36.134269,1,1,-2
1815,115.61468,35.101482,1,1,-1
1815,115.928853,29.995718,1,1,-2
1815,116.013494,29.640973,1,1,-2
1815,116.058604,28.623079,1,1,-2
1815,116.109214,34.737057,1,1,-1
1815,116.168725,36.579578,1,1,-2
1815,116.186178,37.660684,1,1,-2
1815,116.322292,37.449157,1,1,-2
1815,116.615462,29.830764,1,1,-2
1815,116.664142,37.88119,1,1,-2
1815,117.132507,35.063413,1,1,-1
1815,117.156623,33.726215,1,1,-2
1815,117.238552,28.998428,1,1,-2
1815,117.627505,28.511365,1,1,-2
1815,117.700673,28.107485,1,1,-1
1815,119.404196,36.01124,1,1,-2
1815,119.645608,27.054044,1,1,-2
1815,120.180205,30.784307,1,1,-1
1815,120.397516,31.224485,1,1,-1
1815,120.509916,37.603823,2,1,-2
1815,120.516135,24.051796,1,1,-2
1815,120.625761,31.01201,1,1,-1
1815,120.821426,24.560159,1,1,-2
1815,120.896588,30.899904,1,1,-1
1815,121.017724,24.838722,1,1,-2
1816,99.746319,26.434437,1,1,-1
1816,100.175292,25.24144,1,1,-2
1816,108.534896,24.478563,2,2,-1
1816,110.130812,21.642227,1,1,-2
1816,110.278129,18.833584,1,1,-2
1816,110.308105,19.485155,1,1,-1
1816,112.345775,35.421572,1,1,-2
1816,112.361781,35.750356,1,1,-2
1816,113.380395,35.04822,1,1,-1
1816,113.70889,28.760169,2,1,-2
1816,114.054103,29.458803,1,1,-2
1816,114.321987,28.208046,1,1,-2
1816,114.329707,38.077604,1,1,-1
1816,115.38259,25.228048,2,2,-2
1816,115.797805,33.78086,1,1,-2
1816,115.948678,29.359015,1,1,-2
1816,116.013494,29.640973,1,1,-2
1816,116.277866,29.664389,1,1,-2
1816,116.322292,37.449157,1,1,-2
1816,116.327735,29.35216,1,1,-2
1816,117.342699,27.652942,1,1,-2
1816,117.943297,28.417221,1,1,-1
1816,119.450935,26.50178,1,1,-2
1816,119.949511,36.23866,1,1,-1
1816,120.061609,32.508067,1,1,-1
1816,120.516135,24.051796,1,1,-2
1816,120.553937,32.784224,1,1,-2
1816,120.625761,31.01201,1,1,1
1816,120.821426,24.560159,1,1,-2
1816,121.017724,24.838722,1,1,-2
1817,99.746319,26.434437,1,1,-1
1817,99.909924,26.068771,1,1,-1
1817,103.380359,24.223359,1,1,-1
1817,107.169429,35.782019,3,3,-1
1817,108.534896,24.478563,1,1,-2
1817,113.350148,35.303807,1,1,-1
1817,113.877453,29.739825,1,1,-2
1817,114.271101,36.931317,1,1,-2
1817,115.058402,38.917385,1,1,-1
1817,115.164104,38.667253,1,1,-1
1817,115.38259,25.228048,1,1,-1
1817,115.476275,38.731366,1,1,-1
1817,115.744602,39.20604,1,1,-1
1817,115.797805,33.78086,1,1,-2
1817,115.948678,29.359015,1,1,-2
1817,115.964062,39.865015,1,1,-1
1817,115.983542,39.477356,1,1,-1
1817,116.034228,39.25906,1,1,-1
1817,116.277866,29.664389,1,1,-2
1817,116.322292,37.449157,1,1,-2
1817,116.615462,29.830764,2,2,-1
1817,116.835172,38.560407,1,1,-2
1817,116.992333,30.026531,1,1,-2
1817,117.943297,28.417221,2,1,-1
1817,120.180205,30.784307,1,1,-1
1818,99.06602,25.200869,1,1,-2
1818,107.169429,35.782019,3,2,-1
1818,108.534896,24.478563,1,1,-1
1818,111.589972,25.495041,1,1,-1
1818,114.174277,38.502779,1,1,-2
1818,114.271101,36.931317,1,1,-2
1818,114.636185,36.760061,1,1,-1
1818,115.964062,39.865015,2,2,-1
1818,116.322292,37.449157,1,1,-2
1818,117.943297,28.417221,1,1,-1
1819,106.727116,26.57191,2,2,-2
1819,107.169429,35.782019,1,1,-2
1819,108.810509,24.900026,1,1,-2
1819,108.930351,23.165161,1,1,-2
1819,108.931101,34.03899,1,1,-2
1819,108.966235,34.70529,1,1,-2
1819,109.552872,34.552675,1,1,-2
1819,109.888414,35.221708,1,1,-2
1819,110.350647,24.523701,1,1,-2
1819,110.361851,38.071727,1,1,-2
1819,110.619357,35.145928,1,1,-1
1819,113.164625,40.156114,1,1,-2
1819,114.174277,38.502779,1,1,-2
1819,114.253201,36.496268,1,1,-2
1819,114.621031,37.903269,1,1,-2
1819,114.803023,38.045109,1,1,-2
1819,114.969381,25.280093,1,1,1
1819,115.000017,24.44484,1,1,-2
1819,115.026816,36.737737,1,1,-2
1819,115.077955,37.982215,1,1,-2
1819,115.371853,33.891772,1,1,-1
1819,115.541511,36.134269,1,1,-2
1819,115.573802,37.948909,1,1,-2
1819,115.628362,23.798352,1,1,-1
1819,115.680216,37.033508,1,1,-2
1819,115.747105,37.451966,1,1,-2
1819,115.909497,38.044664,1,1,-2
1819,115.933445,34.990286,1,1,-2
1819,116.034228,39.25906,1,1,-2
1819,116.109214,34.737057,1,1,-2
1819,116.247879,36.830456,1,1,-2
1819,116.272901,36.323986,1,1,-2
1819,116.330951,35.96158,1,1,-2
1819,116.565018,35.370941,1,1,-2
1819,116.572185,39.102738,1,1,-2
1819,118.555799,36.355552,1,1,-2
1819,119.404196,36.01124,1,1,-2
1819,119.441771,36.825935,1,1,-1
1819,120.590028,30.449647,1,1,1
1819,121.006976,32.078142,1,1,1
1819,121.09057,30.713245,1,1,-1
1820,99.302832,25.88846,1,1,-2
1820,108.534896,24.478563,1,1,-2
1820,108.810509,24.900026,1,1,-2
1820,108.930351,23.165161,1,1,-2
1820,109.757707,24.018382,1,1,-2
1820,110.074161,23.330039,1,1,-1
1820,110.350647,24.523701,1,1,-2
1820,113.736,37.557154,1,1,-2
1820,114.253201,36.496268,1,1,-2
1820,114.567739,38.188576,1,1,-2
1820,114.636185,36.760061,1,1,-2
1820,114.77882,37.360085,1,1,-2
1820,114.803023,38.045109,1,1,-2
1820,114.884114,33.705385,1,1,-1
1820,114.938575,38.179072,1,1,-2
1820,114.969381,25.280093,1,1,1
1820,115.000017,24.44484,1,1,-2
1820,115.026816,36.737737,1,1,-2
1820,115.039849,38.460863,1,1,-2
1820,115.045273,37.266765,1,1,-2
1820,115.077955,37.982215,1,1,-2
1820,115.185699,37.076712,1,1,-2
1820,115.216762,38.191419,1,1,-2
1820,115.24256,36.091722,1,1,-2
1820,115.319173,38.388638,1,1,-2
1820,115.371853,33.891772,2,1,-1
1820,115.457071,35.281923,1,1,-1
1820,115.46172,37.281031,1,1,-2
1820,115.476275,38.731366,1,1,-2
1820,115.529159,35.801377,1,1,-1
1820,115.541511,36.134269,1,1,-2
1820,115.573802,37.948909,1,1,-2
1820,115.61468,35.101482,1,1,-2
1820,115.628362,23.798352,1,1,-1
1820,115.747105,37.451966,1,1,-2
1820,115.825643,28.738125,1,1,1
1820,115.86364,36.144362,1,1,-1
1820,115.880455,35.608819,1,1,-1
1820,115.909497,38.044664,1,1,-2
1820,115.933445,34.990286,1,1,-2
1820,116.034228,39.25906,2,1,-2
1820,116.081526,37.234976,1,1,-2
1820,116.109214,34.737057,1,1,-2
1820,116.154422,38.737234,1,1,-2
1820,116.162124,38.23564,1,1,-2
1820,116.168725,36.579578,1,1,-2
1820,116.247879,36.830456,1,1,-2
1820,116.272901,36.323986,1,1,-2
1820,116.330951,35.96158,1,1,-2
1820,116.484072,38.905601,1,1,-2
1820,116.499875,37.657434,1,1,-2
1820,116.565018,35.370941,1,1,-2
1820,116.572666,38.660989,2,1,-2
1820,116.654207,37.410006,1,1,-2
1820,116.664142,37.88119,2,1,-2
1820,116.705411,36.722932,1,1,0
1820,116.851657,38.313006,2,1,-2
1820,116.853372,38.013247,2,2,-2
1820,116.889881,37.226715,1,1,-2
1820,117.257485,37.954032,1,1,-2
1820,117.342699,27.652942,1,1,1
1820,117.451187,37.795177,1,1,-2
1820,117.516503,34.850293,1,1,-2
1820,118.555799,36.355552,2,1,-2
1820,118.975431,39.911349,1,1,-2
1820,119.156925,36.791958,1,1,-2
1820,119.441771,36.825935,1,1,-1
1820,119.866925,35.858868,1,1,0
1820,120.507417,36.480518000000004,1,1,-2
1820,120.509916,37.603823,1,1,-2
1820,120.888912,37.307065,1,1,-2
1820,121.323285,30.179805000000002,1,1,-1
1821,99.302832,25.88846,1,1,-2
1821,102.120023,24.696793,1,1,-1
1821,106.727116,26.57191,1,1,-1
1821,106.872293,28.406665,1,1,-1
1821,109.757707,24.018382,1,1,-2
1821,110.259934,27.894502,1,1,1
1821,110.591022,28.572391,1,1,-1
1821,111.23033,27.869814,1,1,-1
1821,111.540808,26.131911,2,1,-2
1821,113.196303,28.321876,1,1,-2
1821,114.054103,29.458803,1,1,-2
1821,114.321987,28.208046,1,1,-2
1821,114.603109,29.555069,1,1,-2
1821,114.636185,36.760061,1,1,-2
1821,115.045273,37.266765,1,1,-2
1821,115.077955,37.982215,1,1,-1
1821,115.216762,38.191419,1,1,-1
1821,115.457071,35.281923,1,1,-1
1821,115.540685,34.826094,1,1,-1
1821,116.109214,34.737057,1,1,-2
1821,116.499875,37.657434,1,1,-2
1821,116.922183,35.831134,1,1,-1
1821,117.333408,35.638855,1,1,-1
1821,117.516503,34.850293,1,1,-2
1821,117.943297,28.417221,1,1,-1
1821,118.555799,36.355552,2,2,-2
1821,119.441771,36.825935,1,1,-1
1821,119.949511,36.23866,1,1,-1
1821,120.507417,36.480518000000004,1,1,-2
1821,120.509916,37.603823,1,1,-2
1821,121.721276,29.911732,1,1,-1
1822,106.897672,27.702517,1,1,-1
1822,110.591022,28.572391,1,1,-1
1822,112.345782,28.130859,1,1,-2
1822,114.054103,29.458803,1,1,-2
1822,114.43283,28.997489,1,1,-2
1822,115.540685,34.826094,1,1,-1
1822,115.810346,28.110976,1,1,-2
1822,116.028841,37.008026,1,1,-2
1822,116.109214,34.737057,1,1,-1
1822,116.277866,29.664389,1,1,-2
1822,116.547253,39.294747,1,1,-2
1822,117.943297,28.417221,1,1,-1
1822,118.842952,37.018886,1,1,-2
1822,120.180205,30.784307,1,1,-2
1822,120.896588,30.899904,1,1,-2
1822,121.09057,30.713245,1,1,-2
1822,121.721276,29.911732,1,1,-1
1823,105.476361,29.057939,1,1,-2
1823,110.889228,37.954979,1,1,-1
1823,112.345782,28.130859,1,1,-2
1823,113.379049,30.290531,1,1,-2
1823,113.430454,32.88112,1,1,-2
1823,114.253201,36.496268,1,1,-1
1823,114.470919,35.037312,1,1,-1
1823,114.80934,26.440379,1,1,-2
1823,114.988865,27.095623,1,1,-2
1823,115.057226,25.894162,1,1,-2
1823,116.572666,38.660989,1,1,1
1823,116.609853,28.679305,1,1,-2
1823,118.975431,39.911349,1,1,-2
1823,119.527931,28.129786,1,1,-2
1823,119.866925,35.858868,1,1,-1
1823,120.745383,29.582772,1,1,-1
1823,121.006976,32.078142,1,1,-1
1823,121.212828,31.011963,2,2,-1
1823,121.251353,31.353075,2,1,-1
1824,105.476361,29.057939,1,1,-2
1824,111.378524,28.284686,1,1,-2
1824,113.379049,30.290531,1,1,-2
1824,115.587813,30.324486,1,1,-1
1824,115.928853,29.995718,1,1,-2
1824,118.975431,39.911349,2,1,-2
1824,121.212828,31.011963,1,1,-1
1824,121.251353,31.353075,1,1,-1
1825,102.382271,24.854128,1,1,-2
1825,106.284937,26.407725,1,1,-1
1825,111.956865,26.457849,2,1,-2
1825,112.345775,35.421572,1,1,-2
1825,112.361781,35.750356,1,1,-2
1825,112.891718,23.295994,1,1,-1
1825,113.824642,34.045349,1,1,-1
1825,115.078911,24.816284,1,1,-2
1825,116.315022,33.96941,1,1,1
1825,116.327735,29.35216,1,1,-2
1825,117.974511,35.25341,1,1,1
1825,118.975431,39.911349,1,1,-2
1825,119.08945,39.632731,1,1,-2
1825,119.367906,29.483861,1,1,-2
1825,119.385337,40.006979,1,1,1
1825,120.093664,28.934114,1,1,-1
1825,120.175516,28.661372,1,1,-2
1825,120.357029,29.23291,1,1,-1
1825,120.622126,28.728672,1,1,-2
1825,121.366093,29.614276,1,1,-2
1826,108.931101,34.03899,1,1,-1
1826,108.997177,34.31605,1,1,-1
1826,109.798887,34.409983,1,1,-1
1826,110.71989,35.382397,1,1,-2
1826,110.889228,37.954979,1,1,-2
1826,110.96678,22.031322,1,1,-2
1826,112.345782,28.130859,1,1,-2
1826,112.358753,31.671547,1,1,-1
1826,112.891718,23.295994,1,1,-1
1826,112.909285,26.420584,1,1,1
1826,113.365183,23.231574,1,1,-2
1826,114.757134,35.218604,1,1,1
1826,115.240925,36.301099,1,1,1
1826,115.350272,24.326808,1,1,-1
1826,116.242079,30.10287,1,1,1
1826,116.851657,38.313006,1,1,-2
1826,117.714789,31.646091,1,1,-1
1826,119.156925,36.791958,1,1,1
1826,121.366093,29.614276,1,1,-2
1827,102.382271,24.854128,1,1,-1
1827,109.888414,35.221708,1,1,-1
1827,110.71989,35.382397,1,1,-2
1827,112.339132,27.773622,1,1,-2
1827,113.164625,40.156114,1,1,-2
1827,114.253201,36.496268,1,1,-1
1827,114.757134,35.218604,1,1,1
1827,114.789218,38.896392,1,1,1
1827,114.995162,37.046298,1,1,-1
1827,115.209711,40.097282,1,1,-2
1827,115.240925,36.301099,1,1,1
1827,116.203811,40.213454,1,1,1
1827,118.575492,39.783481,1,1,1
1827,118.675336,40.031695,1,1,1
1827,118.975431,39.911349,1,1,1
1827,119.145637,36.328617,1,1,1
1827,119.156925,36.791958,2,1,1
1827,119.634331,39.958169,1,1,1
1827,120.015625,40.295726,1,1,1
1828,105.242127,29.361706,1,1,-2
1828,106.668002,28.872341,1,1,1
1828,109.798887,34.409983,1,1,1
1828,109.888414,35.221708,1,1,-1
1828,111.23033,27.869814,1,1,1
1828,111.528586,38.730031,1,1,-2
1828,111.540808,26.131911,1,1,-2
1828,112.339132,27.773622,2,2,-2
1828,112.92561,35.804133,1,1,-1
1828,113.218528,34.002851,1,1,-2
1828,115.292203,34.110559,1,1,-1
1828,117.516503,34.850293,1,1,-2
1828,118.555799,36.355552,1,1,1
1828,118.975431,39.911349,1,1,-2
1828,119.027201,31.595081,1,1,-1
1828,119.19589,31.928152,1,1,-1
1828,120.180205,30.784307,1,1,-2
1828,120.625761,31.01201,1,1,-2
1828,121.083117,31.126945,1,1,-2
1828,121.212828,31.011963,1,1,-2
1829,105.242127,29.361706,1,1,-2
1829,106.668002,28.872341,1,1,1
1829,109.798887,34.409983,1,1,1
1829,111.23033,27.869814,1,1,1
1829,112.339132,27.773622,1,1,1
1829,112.345782,28.130859,1,1,-2
1829,113.218528,34.002851,1,1,-2
1829,118.575492,39.783481,1,1,-2
1829,118.975431,39.911349,2,1,-2
1829,119.385337,40.006979,3,2,-2
1830,107.398182,35.068299,1,1,-2
1830,112.153296,29.443949,1,1,-2
1830,112.345775,35.421572,1,1,-1
1830,112.345782,28.130859,1,1,-2
1830,112.3723,37.583745,1,1,-2
1830,112.995361,28.170764,1,1,-2
1830,114.321987,28.208046,1,1,-1
1830,114.818929,37.763684,1,1,-1
1830,116.303986,35.047981,1,1,-2
1830,116.651049,24.340841,1,1,-2
1830,117.516503,34.850293,1,1,-2
1830,117.876958,33.944061,1,1,-1
1830,118.975431,39.911349,1,1,-2
1830,119.188204,32.388233,1,1,-1
1830,119.404196,36.01124,1,1,-2
1831,107.874025,32.509419,1,1,-2
1831,109.757707,24.018382,1,1,-2
1831,110.948969,35.057559,1,1,-2
1831,110.95187,35.592766,2,1,-2
1831,111.157892,35.627343,1,1,-2
1831,111.368082,30.291679,1,1,-2
1831,111.370097,35.869675,1,1,-2
1831,111.483327,32.172862,1,1,-1
1831,111.512657,35.703082,1,1,-2
1831,111.643232,35.499255,1,1,-2
1831,111.740073,37.311278,1,1,-2
1831,111.834605,33.223129,2,1,-2
1831,111.947582,37.45225,1,1,-2
1831,111.997073,36.304664,1,1,-2
1831,112.153296,29.443949,1,1,-2
1831,112.294898,36.157182,1,1,-2
1831,112.345775,35.421572,1,1,-2
1831,112.345782,28.130859,1,1,-2
1831,112.361781,35.750356,1,1,-2
1831,112.3723,37.583745,2,1,-2
1831,112.572861,31.241273,1,1,-2
1831,112.668933,23.430591,1,1,-2
1831,112.831882,37.642125,1,1,-2
1831,112.995361,28.170764,1,1,-2
1831,113.019823,38.507659,1,1,-2
1831,113.028346,23.065631,1,1,-2
1831,113.105225,23.027345,1,1,-2
1831,113.181483,22.846525,1,1,-2
1831,113.35811,35.985173,1,1,-2
1831,113.379049,30.290531,1,1,-1
1831,113.440685,22.889931,1,1,-2
1831,113.642265,35.195744,1,1,-2
1831,113.824642,34.045349,1,1,-2
1831,113.950214,33.83907,1,1,-2
1831,114.024349,33.602869,1,1,-2
1831,114.127189,23.668627,1,1,-1
1831,114.174277,38.502779,1,1,-2
1831,114.188351,34.009756,1,1,-2
1831,114.440678,34.720748,1,1,-2
1831,114.470919,35.037312,1,1,-2
1831,114.550079,33.518302,1,1,-1
1831,114.636185,36.760061,1,1,-2
1831,114.686809,36.418043,1,1,-2
1831,114.737351,37.00609,1,1,-2
1831,115.009117,37.60311,1,1,-2
1831,115.026314,35.761865,1,1,-2
1831,115.058402,38.917385,1,1,-2
1831,115.164104,38.667253,1,1,-2
1831,115.240925,36.301099,1,1,-2
1831,115.319173,38.388638,1,1,-2
1831,115.476275,38.731366,1,1,-2
1831,115.540685,34.826094,1,1,-2
1831,115.740597,24.261492,1,1,-1
1831,115.744602,39.20604,1,1,-2
1831,115.891692,39.051086,1,1,-2
1831,116.034228,39.25906,1,1,-2
1831,116.109214,34.737057,1,1,-2
1831,116.303986,35.047981,1,1,-2
1831,116.572666,38.660989,1,1,-2
1831,116.615462,29.830764,1,1,-2
1831,116.705411,36.722932,1,1,-2
1831,117.132507,35.063413,1,1,-1
1831,117.516503,34.850293,1,1,-2
1831,119.188204,32.388233,1,1,-1
1831,119.385337,40.006979,2,1,-2
1831,119.694363,36.38105,1,1,-1
1831,119.866925,35.858868,1,1,-2
1831,120.29982,31.833936,1,1,-1
1831,120.357029,29.23291,1,1,-1
1831,120.397516,31.224485,2,1,-2
1831,120.553937,32.784224,1,1,-1
1831,120.625761,31.01201,2,1,-2
1831,120.670994,28.000701,1,1,-1
1831,120.896588,30.899904,1,1,-2
1831,121.443222,29.310874,1,1,-1
1832,104.139763,26.273787,1,1,-1
1832,105.388994,29.994098,2,1,-2
1832,105.502077,29.466288,1,1,-2
1832,107.874025,32.509419,2,2,-2
1832,108.434346,32.451059,1,1,-1
1832,109.046048,25.334807,1,1,-2
1832,109.060077,26.154832,1,1,-1
1832,109.506373,30.3085,1,1,-2
1832,109.757707,24.018382,1,1,-2
1832,109.798887,34.409983,1,1,1
1832,109.980728,22.684493,1,1,-1
1832,110.549079,24.13073,1,1,-2
1832,110.58637,25.602991,1,1,-2
1832,110.591022,28.572391,1,1,-1
1832,110.696724,35.626408,1,1,-2
1832,110.948969,35.057559,1,1,-2
1832,110.95187,35.592766,3,1,-2
1832,111.157892,35.627343,1,1,-2
1832,111.317824,23.486528,1,1,-1
1832,111.368082,30.291679,1,1,-2
1832,111.370097,35.869675,2,1,-2
1832,111.512657,35.703082,1,1,-2
1832,111.643232,35.499255,1,1,-2
1832,111.710941,23.558455,1,1,-2
1832,111.740073,37.311278,2,2,-2
1832,111.834605,33.223129,2,1,-2
1832,111.947582,37.45225,1,1,-2
1832,111.997073,36.304664,2,2,-2
1832,112.12356,32.038704,1,1,-2
1832,112.276876,36.696715,1,1,-2
1832,112.294898,36.157182,2,2,-2
1832,112.339132,27.773622,1,1,-2
1832,112.345775,35.421572,1,1,-2
1832,112.345782,28.130859,1,1,-2
1832,112.358753,31.671547,2,2,1
1832,112.361781,35.750356,1,1,-2
1832,112.3723,37.583745,1,1,-2
1832,112.442002,24.932152,1,1,-2
1832,112.590938,38.431261,1,1,-2
1832,112.594368,25.890084,1,1,-1
1832,112.668933,23.430591,1,1,-2
1832,112.669469,38.829925,1,1,-1
1832,112.95473,36.881944,1,1,-2
1832,112.995361,28.170764,1,1,-2
1832,113.019823,38.507659,2,2,-2
1832,113.028346,23.065631,2,2,-2
1832,113.100409,39.784675,1,1,-1
1832,113.105225,23.027345,1,1,-2
1832,113.123221,37.82222,2,2,-2
1832,113.181483,22.846525,1,1,-2
1832,113.310965,24.221002,2,2,-2
1832,113.348855,38.222989,2,1,-2
1832,113.350148,35.303807,2,1,-2
1832,113.35811,35.985173,1,1,-2
1832,113.377292,22.519411,2,2,-2
1832,113.379049,30.290531,1,1,-1
1832,113.440685,22.889931,1,1,-2
1832,113.676676,35.537564,1,1,-2
1832,113.697567,39.625756,1,1,-1
1832,113.756557,25.20394,1,1,-2
1832,113.824642,34.045349,1,1,-2
1832,113.950214,33.83907,1,1,-2
1832,114.018497,24.419215,2,1,-2
1832,114.024349,33.602869,1,1,-2
1832,114.127189,23.668627,2,1,-1
1832,114.188351,34.009756,1,1,-2
1832,114.197763,39.375898,1,1,-1
1832,114.253201,36.496268,1,1,-2
1832,114.271101,36.931317,1,1,-2
1832,114.279636,37.617672,1,1,-2
1832,114.321987,28.208046,1,1,-1
1832,114.414055,37.799363,1,1,-2
1832,114.440678,34.720748,1,1,-2
1832,114.470919,35.037312,2,1,-2
1832,114.550079,33.518302,1,1,-1
1832,114.605078,37.61374,1,1,-2
1832,114.636185,36.760061,2,1,-2
1832,114.686809,36.418043,1,1,-2
1832,114.737351,37.00609,1,1,-2
1832,114.789218,38.896392,1,1,-2
1832,114.807674,35.895753,1,1,-2
1832,114.893082,26.741135,1,1,-1
1832,115.009117,37.60311,1,1,-2
1832,115.026314,35.761865,2,1,-2
1832,115.058402,38.917385,1,1,-2
1832,115.077955,37.982215,1,1,-2
1832,115.164104,38.667253,1,1,-2
1832,115.197748,27.585336,1,1,-2
1832,115.240925,36.301099,3,1,-2
1832,115.319173,38.388638,1,1,-2
1832,115.457071,35.281923,1,1,-2
1832,115.46172,37.281031,1,1,-2
1832,115.476275,38.731366,1,1,-2
1832,115.529159,35.801377,2,1,-2
1832,115.540685,34.826094,2,1,-2
1832,115.628362,23.798352,2,2,-1
1832,115.652338,24.8995,1,1,-1
1832,115.740597,24.261492,2,1,-1
1832,115.744602,39.20604,1,1,-2
1832,115.747105,37.451966,1,1,-1
1832,115.891692,39.051086,1,1,-2
1832,116.034228,39.25906,1,1,-2
1832,116.109214,34.737057,1,1,-2
1832,116.156333,40.537864,1,1,-1
1832,116.357326,25.69121,1,1,-2
1832,116.375953,38.081701,1,1,-1
1832,116.603152,34.690638,1,1,-1
1832,116.615462,29.830764,1,1,-2
1832,116.705411,36.722932,1,1,-2
1832,116.803207,37.678126,1,1,-1
1832,116.889881,37.226715,1,1,-1
1832,116.940069,30.969716,1,1,-2
1832,117.134033,40.207472,1,1,-1
1832,117.516503,34.850293,2,1,-2
1832,118.055436,27.4046,1,1,-2
1832,118.575492,39.783481,2,1,-2
1832,118.975431,39.911349,2,1,-2
1832,119.385337,40.006979,1,1,-2
1832,119.404196,36.01124,1,1,-1
1832,119.549308,25.909991,1,1,-2
1832,119.606003,27.897767,1,1,-2
1832,119.634331,39.958169,2,2,-2
1832,119.694363,36.38105,1,1,-1
1832,119.755383,25.531928,1,1,-2
1832,119.834077,28.440495,1,1,-1
1832,119.866925,35.858868,1,1,-2
1832,119.949511,36.23866,1,1,-2
1832,119.9914,37.184423,1,1,-2
1832,120.015625,40.295726,2,2,-2
1832,120.26852,29.69283,1,1,-2
1832,120.29982,31.833936,1,1,-2
1832,120.397516,31.224485,1,1,-2
1832,120.553937,32.784224,1,1,-1
1832,120.625761,31.01201,1,1,-2
1832,120.670994,28.000701,1,1,-2
1832,120.745383,29.582772,2,1,-2
1832,120.896588,30.899904,2,2,-1
1832,121.006976,32.078142,1,1,-2
1832,121.09057,30.713245,1,1,-1
1833,104.824226,27.565701,1,1,-1
1833,105.198178,25.839586,1,1,-1
1833,105.388994,29.994098,1,1,-2
1833,105.783864,26.646707,1,1,-1
1833,106.052802,26.196239,1,1,-1
1833,107.958765,31.983237,1,1,-2
1833,108.434346,32.451059,1,1,-1
1833,108.660878,22.04219,1,1,-2
1833,108.730243,31.888698,1,1,-1
1833,109.046048,25.334807,1,1,-2
1833,109.060077,26.154832,1,1,-1
1833,109.506373,30.3085,1,1,-2
1833,109.798887,34.409983,1,1,1
1833,110.549079,24.13073,1,1,-2
1833,110.58637,25.602991,1,1,-2
1833,110.591022,28.572391,1,1,-1
1833,111.317824,23.486528,1,1,-1
1833,111.370097,35.869675,1,1,-2
1833,111.487858,27.201728,1,1,-2
1833,111.710941,23.558455,1,1,-2
1833,111.834605,33.223129,1,1,-2
1833,112.180354,33.070036,1,1,-2
1833,112.339132,27.773622,2,2,-2
1833,112.345775,35.421572,1,1,-1
1833,112.358753,31.671547,3,2,-1
1833,112.442002,24.932152,1,1,-2
1833,112.590938,38.431261,1,1,-2
1833,112.717394,33.748044,1,1,-1
1833,112.931745,23.826663,2,1,-2
1833,113.028346,23.065631,1,1,-1
1833,113.123221,37.82222,2,1,-1
1833,113.181483,22.846525,1,1,-2
1833,113.350148,35.303807,1,1,-2
1833,113.756557,25.20394,1,1,-2
1833,114.018497,24.419215,1,1,-2
1833,114.126639,24.06765,1,1,-2
1833,114.146472,39.764822,1,1,-1
1833,114.271101,36.931317,1,1,-2
1833,114.321987,28.208046,1,1,-1
1833,114.395196,33.300271,1,1,-1
1833,114.660591,35.470076,1,1,-2
1833,114.789218,38.896392,1,1,-2
1833,114.822,36.566658,1,1,-2
1833,114.893082,26.741135,1,1,-1
1833,115.060585,35.174867,1,1,-2
1833,115.185699,37.076712,1,1,-2
1833,115.197748,27.585336,1,1,-2
1833,115.240925,36.301099,2,1,-2
1833,115.457071,35.281923,1,1,-2
1833,115.540685,34.826094,1,1,-2
1833,115.61468,35.101482,1,1,-2
1833,115.628362,23.798352,1,1,-2
1833,115.740597,24.261492,1,1,-1
1833,115.971944,25.916756,2,1,-2
1833,116.330951,35.96158,1,1,-2
1833,116.421878,37.146913,1,1,-2
1833,116.565018,35.370941,1,1,-2
1833,116.778629,26.817175,1,1,-2
1833,116.897453,34.699891,1,1,-2
1833,116.940069,30.969716,2,2,-2
1833,117.132507,35.063413,1,1,-2
1833,117.315183,25.913328,1,1,-2
1833,117.516503,34.850293,2,1,-2
1833,117.591744,32.7898,1,1,-2
1833,117.806879,26.439996,1,1,-2
1833,118.055436,27.4046,4,1,-2
1833,118.575492,39.783481,1,1,-2
1833,118.975431,39.911349,1,1,1
1833,119.156925,36.791958,1,1,-2
1833,119.404196,36.01124,1,1,-2
1833,119.441771,36.825935,1,1,-2
1833,119.503724,31.722212,1,1,-1
1833,119.527931,28.129786,1,1,-2
1833,119.606003,27.897767,1,1,-2
1833,119.755383,25.531928,1,1,-2
1833,119.834077,28.440495,1,1,-2
1833,119.874124,27.53544,1,1,-1
1833,119.920709,31.748661,1,1,-1
1833,120.180205,30.784307,2,2,-1
1833,120.26852,29.69283,1,1,-1
1833,120.29982,31.833936,2,2,-2
1833,120.397516,31.224485,2,1,-1
1833,120.625761,31.01201,4,2,-1
1833,120.670994,28.000701,1,1,-2
1833,120.745383,29.582772,1,1,-2
1833,120.891372,29.944437,1,1,-1
1833,120.896588,30.899904,1,1,-2
1833,121.006976,32.078142,1,1,-2
1833,121.212828,31.011963,1,1,-2
1833,121.366093,29.614276,1,1,-2
1833,121.494508,31.339228,2,1,-1
1834,106.668002,28.872341,1,1,1
1834,108.931101,34.03899,1,1,-1
1834,109.798887,34.409983,1,1,-1
1834,112.339132,27.773622,2,1,1
1834,112.572861,31.241273,1,1,-2
1834,112.995361,28.170764,1,1,-2
1834,113.123221,37.82222,3,1,-1
1834,113.768075,31.003732,2,2,-1
1834,113.800877,31.677651,1,1,-2
1834,114.126639,24.06765,1,1,-2
1834,114.356715,26.340542,1,1,-2
1834,114.388914,25.934323,1,1,-1
1834,114.567739,38.188576,1,1,-2
1834,114.749265,38.368307,1,1,-2
1834,114.818929,37.763684,1,1,-1
1834,115.971944,25.916756,2,1,-2
1834,116.186178,37.660684,1,1,-1
1834,116.330951,35.96158,1,1,-2
1834,116.421878,37.146913,1,1,-2
1834,116.565018,35.370941,1,1,-2
1834,116.664142,37.88119,1,1,-1
1834,117.073119,25.213487,1,1,-2
1834,117.132507,35.063413,1,1,-2
1834,117.401864,28.44708,1,1,-2
1834,117.516503,34.850293,1,1,-2
1834,117.806879,26.439996,2,1,-2
1834,118.055436,27.4046,2,2,-2
1834,118.510969,27.941544,1,1,-2
1834,118.842952,37.018886,1,1,-1
1834,119.156925,36.791958,1,1,-2
1834,119.441771,36.825935,1,1,-2
1834,119.445274,32.406239,1,1,-1
1834,119.490634,32.831306,1,1,-1
1834,119.527931,28.129786,1,1,-2
1834,119.606003,27.897767,1,1,-2
1834,119.834077,28.440495,1,1,-2
1834,119.874124,27.53544,1,1,-2
1834,119.899254,29.521366,1,1,-2
1834,119.942679,36.782432,1,1,1
1834,119.949511,36.23866,1,1,1
1834,120.180205,30.784307,1,1,-2
1834,120.335992,31.567522,1,1,-2
1834,120.397516,31.224485,1,1,-1
1834,120.507417,36.480518000000004,2,2,-1
1834,120.625761,31.01201,1,1,-1
1834,120.891372,29.944437,1,1,-1
1834,120.95298,31.323023,1,1,-1
1834,121.366093,29.614276,1,1,-2
1835,99.302832,25.88846,1,1,-2
1835,104.139763,26.273787,1,1,-1
1835,109.136441,22.313843,1,1,-1
1835,110.262212,22.247404,1,1,-2
1835,110.457979,22.524855,1,1,-2
1835,111.115743,22.42864,1,1,-2
1835,111.973941,23.273644,1,1,-2
1835,112.276876,36.696715,1,1,-1
1835,112.339132,27.773622,1,1,1
1835,112.345775,35.421572,1,1,-1
1835,112.361781,35.750356,1,1,-1
1835,112.64018,36.701548,1,1,-1
1835,112.668933,23.430591,1,1,-2
1835,112.671022,22.81968,1,1,-2
1835,112.97335,36.572961,1,1,-1
1835,112.995361,28.170764,2,2,-2
1835,113.028346,23.065631,1,1,-2
1835,113.123221,37.82222,2,1,-1
1835,113.330104,35.683455,1,1,-1
1835,113.35811,35.985173,1,1,-1
1835,113.463482,37.339663,1,1,-2
1835,113.800877,31.677651,1,1,-1
1835,113.877453,29.739825,1,1,-2
1835,114.477124,23.00851,1,1,-1
1835,115.628362,23.798352,2,1,-2
1835,117.401864,28.44708,1,1,-2
1835,117.714789,31.646091,1,1,-1
1835,120.509916,37.603823,1,1,-1
1835,120.848944,37.655065,2,2,-1
1835,121.231712,30.833118,1,1,-1
1835,121.541049,37.276968,1,1,-2
1836,108.997177,34.31605,1,1,-1
1836,109.136441,22.313843,1,1,-1
1836,109.345547,21.699334,1,1,-1
1836,109.888414,35.221708,1,1,1
1836,109.980728,22.684493,2,2,-1
1836,110.074161,23.330039,1,1,-2
1836,110.262212,22.247404,1,1,-2
1836,110.601617,22.829626,1,1,-2
1836,110.770395,23.507448,1,1,-2
1836,111.115743,22.42864,1,1,-2
1836,111.317824,23.486528,1,1,-2
1836,111.368082,30.291679,1,1,1
1836,111.682061,22.218461,1,1,-2
1836,111.973941,23.273644,1,1,-2
1836,112.405569,39.999114,1,1,-1
1836,112.445027,28.513175,1,1,-1
1836,112.481079,23.105724,1,1,-2
1836,112.671022,22.81968,1,1,-2
1836,112.707218,22.026497,1,1,-2
1836,112.737386,36.336311,1,1,-2
1836,113.027601,34.695689,1,1,-2
1836,113.028346,23.065631,3,2,-2
1836,113.181483,22.846525,1,1,-2
1836,113.365183,23.231574,2,1,-2
1836,113.377292,22.519411,1,1,-2
1836,113.440685,22.889931,1,1,-2
1836,113.877453,29.739825,1,1,-2
1836,114.054103,29.458803,1,1,-1
1836,114.127189,23.668627,1,1,-2
1836,114.381408,29.850263,1,1,-1
1836,114.477124,23.00851,1,1,-1
1836,115.371853,33.891772,1,1,-1
1836,115.628362,23.798352,2,1,-2
1836,116.239228,27.392578,1,1,-1
1836,118.575492,39.783481,1,1,-2
1836,118.975431,39.911349,1,1,-2
1836,119.156925,36.791958,1,1,-2
1836,119.920709,31.748661,1,1,-2
1836,120.263248,32.034773,1,1,1
1837,108.931101,34.03899,1,1,-1
1837,109.345547,21.699334,1,1,-1
1837,109.798887,34.409983,1,1,-1
1837,109.888414,35.221708,1,1,1
1837,110.074161,23.330039,1,1,-1
1837,112.737386,36.336311,1,1,-2
1837,112.995361,28.170764,1,1,1
1837,113.027601,34.695689,1,1,-2
1837,113.671034,30.623619,1,1,-1
1837,114.054103,29.458803,3,1,-1
1837,114.381408,29.850263,1,1,-1
1837,115.747105,37.451966,1,1,1
1837,116.572666,38.660989,1,1,0
1837,118.575492,39.783481,1,1,-2
1837,118.975431,39.911349,2,1,-2
1837,119.156925,36.791958,1,1,-2
1837,119.920709,31.748661,1,1,-2
1837,119.942679,36.782432,1,1,1
1837,120.180205,30.784307,1,1,-1
1837,120.263248,32.034773,1,1,1
1837,120.357725,30.161039,1,1,1
1837,120.670994,28.000701,1,1,1
1838,99.909924,26.068771,1,1,-2
1838,103.545309,29.771864,1,1,-1
1838,103.73695,30.053452,1,1,-1
1838,110.074161,23.330039,1,1,-1
1838,114.414055,37.799363,1,1,-1
1838,115.747105,37.451966,1,1,1
1838,115.769528,36.774602,1,1,-1
1838,116.572666,38.660989,1,1,0
1838,116.853372,38.013247,1,1,-1
1838,117.132507,35.063413,1,1,-1
1838,117.853489,31.254384,1,1,-2
1838,118.961273,32.716928,1,1,-1
1838,118.975431,39.911349,2,1,-2
1838,119.145637,36.328617,2,1,-1
1838,119.942679,36.782432,1,1,1
1838,120.357725,30.161039,1,1,1
1838,120.670994,28.000701,1,1,1
1838,121.212828,31.011963,1,1,-1
1838,121.403967,28.40108,1,1,-2
1838,121.541049,37.276968,1,1,-1
1838,121.736145,31.023522,1,1,-1
1839,103.879674,36.390528,1,1,-1
1839,103.902482,35.526453,1,1,-1
1839,104.794094,30.882801,1,1,1
1839,106.668002,28.872341,1,1,1
1839,106.727116,26.57191,1,1,0
1839,109.506373,30.3085,1,1,-1
1839,110.174284,37.82237,1,1,-2
1839,110.361851,38.071727,1,1,-2
1839,110.619357,35.145928,3,1,1
1839,110.71989,35.382397,1,1,1
1839,110.856364,39.179935,1,1,-2
1839,111.157892,35.627343,1,1,1
1839,111.370097,35.869675,1,1,1
1839,111.512657,35.703082,1,1,1
1839,112.345775,35.421572,1,1,-2
1839,112.361781,35.750356,1,1,-2
1839,112.79628,28.716401,1,1,-2
1839,113.281379,31.886745,1,1,-2
1839,113.768075,31.003732,2,2,-1
1839,114.253201,36.496268,3,2,-2
1839,114.621031,37.903269,1,1,-2
1839,114.752631,30.330987,1,1,-2
1839,115.060585,35.174867,1,1,-1
1839,115.253926,37.48851,1,1,-1
1839,115.86364,36.144362,1,1,-1
1839,116.021003,35.279264,1,1,-1
1839,116.664142,37.88119,1,1,-2
1839,116.853372,38.013247,1,1,0
1839,117.132507,35.063413,1,1,-1
1839,117.257485,37.954032,1,1,0
1839,117.649859,32.469781,1,1,-1
1839,117.662259,36.945603,1,1,-1
1839,117.853489,31.254384,1,1,-2
1839,119.638546,29.113251,1,1,-1
1839,119.694363,36.38105,1,1,-1
1839,119.949511,36.23866,1,1,-1
1839,119.981765,32.956244,1,1,-2
1839,120.093664,28.934114,1,1,-2
1839,120.180205,30.784307,2,2,-2
1839,120.29982,31.833936,1,1,-2
1839,120.357725,30.161039,1,1,-2
1839,120.397516,31.224485,1,1,-2
1839,120.589649,30.005993,1,1,-2
1839,120.625761,31.01201,2,1,-2
1839,120.670994,28.000701,1,1,-1
1839,120.896588,30.899904,1,1,-2
1839,121.006976,32.078142,1,1,-2
1839,121.083117,31.126945,1,1,-2
1839,121.09057,30.713245,1,1,-2
1839,121.127022,31.551683,1,1,0
1839,121.212828,31.011963,2,2,1
1839,121.251353,31.353075,2,2,1
1839,121.323285,30.179805000000002,1,1,-2
1839,121.514319,31.653919,1,1,1
1839,121.521584,29.78289,1,1,-2
1839,121.549837,30.915938,1,1,-2
1839,121.636161,31.230935,2,2,1
1839,121.721276,29.911732,1,1,-2
1840,110.174284,37.82237,1,1,-2
1840,110.361851,38.071727,1,1,-2
1840,110.856364,39.179935,1,1,-2
1840,112.79628,28.716401,1,1,-2
1840,114.495002,36.612862,1,1,-1
1840,114.621031,37.903269,1,1,-2
1840,114.752631,30.330987,1,1,-2
1840,115.540685,34.826094,2,1,-1
1840,115.747105,37.451966,1,1,1
1840,116.021003,35.279264,1,1,-1
1840,116.327735,29.35216,1,1,-2
1840,116.347494,23.591034,1,1,-2
1840,116.664142,37.88119,1,1,-2
1840,117.943796,40.133707,1,1,0
1840,118.273423,30.892843,1,1,-2
1840,118.555799,36.355552,1,1,-1
1840,118.557979,29.868351,1,1,-1
1840,118.575492,39.783481,1,1,-2
1840,118.675336,40.031695,1,1,-1
1840,118.975431,39.911349,2,2,0
1840,119.638546,29.113251,1,1,-1
1840,119.83493,29.995611,1,1,-2
1840,120.093664,28.934114,1,1,-2
1840,120.357725,30.161039,1,1,-2
1840,120.568183,32.264155,1,1,-1
1840,120.589649,30.005993,1,1,-2
1840,120.870389,30.521588,1,1,-2
1840,121.145387,29.985842,1,1,-2
1841,106.284937,26.407725,1,1,-2
1841,110.948969,35.057559,1,1,1
1841,112.757914,30.337941,1,1,-2
1841,113.379049,30.290531,1,1,-2
1841,113.70889,28.760169,1,1,-2
1841,114.054103,29.458803,1,1,-2
1841,114.253201,36.496268,1,1,-2
1841,114.277937,27.83855,1,1,-2
1841,114.381408,29.850263,1,1,-2
1841,114.603109,29.555069,1,1,-2
1841,114.752631,30.330987,1,1,-2
1841,114.846933,28.197387,1,1,-1
1841,114.979465,30.654595,1,1,-2
1841,115.009617,29.26248,1,1,-2
1841,115.0764,31.213057,1,1,-2
1841,115.168369,28.711692,1,1,-1
1841,115.222594,28.944139,1,1,-1
1841,115.261162,30.503278,1,1,-2
1841,115.408006,28.002406,1,1,-2
1841,115.466457,30.927713,1,1,-2
1841,115.587813,30.324486,1,1,-2
1841,115.612363,30.011231,1,1,-2
1841,115.747105,37.451966,1,1,1
1841,115.760293,30.869218,1,1,-2
1841,115.810346,28.110976,1,1,-1
1841,115.825643,28.738125,2,1,-1
1841,115.86364,36.144362,1,1,-2
1841,115.928853,29.995718,1,1,-2
1841,115.948678,29.359015,1,1,-2
1841,116.170244,30.493943,1,1,-2
1841,116.242079,30.10287,1,1,-2
1841,116.327735,29.35216,1,1,-1
1841,116.538547,30.75048,1,1,-2
1841,116.609853,28.679305,1,1,-1
1841,116.774043,29.240033,1,1,-1
1841,117.266288,31.834359,2,1,-2
1841,117.495515,30.508803,1,1,-2
1841,117.588349,29.868121,1,1,-2
1841,117.650323,36.286172,1,1,-2
1841,118.135085,30.155219,1,1,-2
1841,118.557979,29.868351,1,1,-2
1841,118.575492,39.783481,1,1,-1
1841,118.595391,28.577979,1,1,-1
1841,118.784919,30.939445,1,1,-2
1841,118.842952,37.018886,1,1,-2
1841,118.91285,36.537723,2,1,-2
1841,118.961703,31.332019,1,1,-2
1841,118.975431,39.911349,1,1,-1
1841,118.987309,30.498788,1,1,-2
1841,119.145637,36.328617,3,2,-2
1841,119.156925,36.791958,1,1,-2
1841,119.188204,32.388233,1,1,-2
1841,119.355382,30.890992,2,1,-2
1841,119.367906,29.483861,1,1,-2
1841,119.404196,36.01124,1,1,-2
1841,119.441771,36.825935,1,1,-2
1841,119.505288,32.116972,2,2,-1
1841,119.52399,29.280686,1,1,-1
1841,119.548052,29.834181,1,1,-2
1841,119.78552,31.358953,1,1,-2
1841,119.810373,30.978497,1,1,-2
1841,119.83493,29.995611,2,2,-2
1841,119.942679,36.782432,1,1,-2
1841,119.949511,36.23866,1,1,-2
1841,119.9914,37.184423,1,1,-2
1841,120.021305,30.371123,1,1,-2
1841,120.044426,30.564224,1,1,-2
1841,120.119623,30.234656,1,1,-2
1841,120.180205,30.784307,3,1,-2
1841,120.263248,32.034773,1,1,-2
1841,120.29982,31.833936,1,1,-2
1841,120.357725,30.161039,2,1,-2
1841,120.386905,37.337216,1,1,-2
1841,120.479444,30.605512,2,1,-2
1841,120.507417,36.480518000000004,1,1,-2
1841,120.509916,37.603823,1,1,-2
1841,120.589649,30.005993,1,1,-2
1841,120.590028,30.449647,1,1,-2
1841,120.603069,31.309043,1,1,-2
1841,120.625761,31.01201,1,1,-2
1841,120.670994,28.000701,2,2,-2
1841,120.74689,30.74445,1,1,-2
1841,120.808317,31.655226,1,1,-2
1841,120.848944,37.655065,1,1,-2
1841,120.870389,30.521588,1,1,-2
1841,120.888912,37.307065,1,1,-2
1841,120.891372,29.944437,1,1,-2
1841,121.083117,31.126945,1,1,-2
1841,121.09057,30.713245,1,1,-2
1841,121.127022,31.551683,3,2,-1
1841,121.145387,29.985842,1,1,-2
1841,121.173645,28.590553,1,1,-1
1841,121.212828,31.011963,1,1,-2
1841,121.231712,30.833118,1,1,-2
1841,121.249636,37.467374,1,1,-2
1841,121.251353,31.353075,1,1,-2
1841,121.323285,30.179805000000002,1,1,-2
1841,121.366093,29.614276,1,1,-2
1841,121.496292,31.406519,1,1,-2
1841,121.514319,31.653919,1,1,-2
1841,121.521584,29.78289,1,1,-2
1841,121.549837,30.915938,1,1,-2
1841,121.721276,29.911732,1,1,-2
1841,121.736145,31.023522,1,1,-2
1841,122.000076,37.165634,1,1,-2
1842,98.496231,25.273071,1,1,-1
1842,103.902482,35.526453,1,1,-1
1842,105.929163,34.410691,1,1,-1
1842,109.410737,32.900944,1,1,-2
1842,112.757914,30.337941,1,1,-2
1842,113.379049,30.290531,1,1,-2
1842,113.70889,28.760169,1,1,-2
1842,114.054103,29.458803,1,1,-2
1842,114.277937,27.83855,1,1,-2
1842,114.381408,29.850263,1,1,-2
1842,114.752631,30.330987,1,1,-2
1842,114.846933,28.197387,1,1,-1
1842,114.979465,30.654595,1,1,-2
1842,115.009617,29.26248,1,1,-2
1842,115.0764,31.213057,1,1,-2
1842,115.222594,28.944139,1,1,-1
1842,115.261162,30.503278,1,1,-2
1842,115.408006,28.002406,1,1,-2
1842,115.446597,29.626388,1,1,-2
1842,115.466457,30.927713,1,1,-2
1842,115.587813,30.324486,1,1,-2
1842,115.612363,30.011231,1,1,-2
1842,115.760293,30.869218,1,1,-2
1842,115.810346,28.110976,1,1,-1
1842,115.825643,28.738125,2,1,-1
1842,116.170244,30.493943,1,1,-2
1842,116.242079,30.10287,1,1,-2
1842,116.327735,29.35216,1,1,-1
1842,116.538547,30.75048,1,1,-2
1842,116.609853,28.679305,1,1,-1
1842,116.814339,31.306114,1,1,-2
1842,116.940069,30.969716,1,1,-2
1842,117.266288,31.834359,3,2,-2
1842,117.321217,31.269636,1,1,-2
1842,117.495515,30.508803,1,1,-2
1842,117.588349,29.868121,1,1,-2
1842,118.135085,30.155219,1,1,-2
1842,118.557979,29.868351,1,1,-2
1842,118.595391,28.577979,1,1,-1
1842,118.784919,30.939445,1,1,-2
1842,118.961703,31.332019,1,1,-2
1842,119.188204,32.388233,3,2,-1
1842,119.355382,30.890992,2,1,-2
1842,119.404196,36.01124,1,1,-1
1842,119.445274,32.406239,1,1,1
1842,119.505288,32.116972,3,3,-2
1842,119.52399,29.280686,1,1,-1
1842,119.694363,36.38105,1,1,-2
1842,119.78552,31.358953,1,1,-2
1842,119.810373,30.978497,1,1,-2
1842,120.021305,30.371123,1,1,-2
1842,120.119623,30.234656,1,1,-2
1842,120.180205,30.784307,3,1,-2
1842,120.263248,32.034773,1,1,-2
1842,120.29982,31.833936,1,1,-2
1842,120.479444,30.605512,1,1,1
1842,120.589649,30.005993,1,1,-2
1842,120.590028,30.449647,1,1,1
1842,120.603069,31.309043,1,1,-2
1842,120.74689,30.74445,1,1,-2
1842,120.808317,31.655226,1,1,-2
1842,120.870389,30.521588,1,1,-2
1842,120.891372,29.944437,1,1,-2
1842,120.896588,30.899904,1,1,-2
1842,121.083117,31.126945,1,1,-2
1842,121.09057,30.713245,1,1,-2
1842,121.127022,31.551683,1,1,-2
1842,121.145387,29.985842,1,1,-2
1842,121.173645,28.590553,1,1,-1
1842,121.212828,31.011963,2,1,-2
1842,121.231712,30.833118,1,1,-2
1842,121.251353,31.353075,1,1,-2
1842,121.366093,29.614276,1,1,-2
1842,121.496292,31.406519,1,1,-2
1842,121.514319,31.653919,1,1,-2
1842,121.521584,29.78289,1,1,-2
1843,105.539103,30.622227,1,1,-2
1843,106.668002,28.872341,1,1,1
1843,107.958765,31.983237,1,1,-1
1843,109.013357,28.492432,1,1,-1
1843,113.545086,30.926626,1,1,1
1843,115.29058,28.364089,1,1,-2
1843,115.747105,37.451966,1,1,-2
1843,117.001896,28.701713,1,1,-2
1843,117.266288,31.834359,1,1,-1
1843,119.188204,32.388233,1,1,-1
1843,119.311997,33.880774,1,1,-1
1843,119.355382,30.890992,1,1,-2
1843,121.212828,31.011963,1,1,-2
1843,121.231712,30.833118,1,1,-2
1844,109.013357,28.492432,1,1,-1
1844,115.29058,28.364089,1,1,-2
1844,116.357326,25.69121,1,1,-2
1844,116.538547,30.75048,1,1,-2
1844,117.001896,28.701713,1,1,-2
1844,119.355382,30.890992,1,1,-2
1844,119.404196,36.01124,1,1,-2
1844,119.9914,37.184423,1,1,-2
1845,110.058312,25.297679,1,1,-2
1845,110.771634,34.434069,1,1,-2
1845,111.26463,34.76703,1,1,-2
1845,112.496367,37.8367,1,1,-2
1845,115.747105,37.451966,1,1,-2
1845,116.277866,29.664389,1,1,-2
1845,116.538547,30.75048,1,1,-2
1845,119.69293,33.708995,2,1,-2
1845,119.834077,28.440495,1,1,-2
1845,120.093664,28.934114,1,1,-2
1845,120.175516,28.661372,1,1,-2
1845,120.507417,36.480518000000004,1,1,-1
1845,120.509916,37.603823,2,2,-1
1845,120.625761,31.01201,2,1,-2
1845,120.896588,30.899904,1,1,-2
1845,121.496292,31.406519,1,1,-2
1846,106.258238,29.030458,1,1,1
1846,106.668002,28.872341,1,1,-1
1846,110.771634,34.434069,1,1,-2
1846,112.087422,24.507915,1,1,-2
1846,112.442002,24.932152,1,1,-2
1846,112.445027,28.513175,1,1,-2
1846,112.496367,37.8367,1,1,-2
1846,112.831882,37.642125,1,1,-1
1846,113.000805,33.296358,1,1,-1
1846,114.253201,36.496268,1,1,1
1846,114.988865,27.095623,1,1,-2
1846,116.277866,29.664389,1,1,-2
1846,118.842952,37.018886,1,1,1
1846,119.145637,36.328617,1,1,1
1846,119.69293,33.708995,3,2,-2
1846,120.093664,28.934114,1,1,-2
1846,120.175516,28.661372,1,1,-2
1846,120.507417,36.480518000000004,1,1,-1
1846,120.509916,37.603823,1,1,-2
1846,120.625761,31.01201,1,1,-2
1846,121.366093,29.614276,1,1,-2
1846,121.496292,31.406519,1,1,-2
1847,106.668002,28.872341,2,2,-1
1847,108.534896,24.478563,1,1,-2
1847,110.058312,25.297679,1,1,-2
1847,110.308105,19.485155,1,1,-2
1847,110.730915,26.784848,1,1,-2
1847,112.087422,24.507915,1,1,-2
1847,112.442002,24.932152,1,1,-2
1847,112.77544,27.667837,1,1,-2
1847,114.253201,36.496268,2,2,1
1847,114.356715,26.340542,1,1,-2
1847,118.382185,35.106435,1,1,-2
1847,118.842952,37.018886,1,1,1
1847,119.145637,36.328617,2,2,1
1847,119.355382,30.890992,1,1,1
1847,120.670994,28.000701,2,2,1
1847,121.366093,29.614276,1,1,-2
1847,122.149692,29.978884,1,1,-1
1848,104.824226,27.565701,1,1,-1
1848,106.134567,34.737282,1,1,-2
1848,106.668002,28.872341,1,1,-2
1848,111.062603,25.453038,1,1,-2
1848,113.768075,31.003732,1,1,-1
1848,113.956584,32.763713,1,1,-1
1848,114.066878,37.982819,1,1,-1
1848,114.439528,27.359166,1,1,-2
1848,114.481718,32.540664,1,1,-2
1848,114.988865,27.095623,1,1,-2
1848,116.940069,30.969716,2,2,-1
1848,118.264264,28.362973,1,1,-2
1848,118.319558,29.185184,1,1,-1
1848,119.188204,32.388233,1,1,-2
1848,119.337835,30.205199,1,1,-2
1848,119.503724,31.722212,1,1,-2
1848,120.507417,36.480518000000004,1,1,-2
1848,120.670994,28.000701,1,1,-2
1848,121.323285,30.179805000000002,1,1,-2
1848,121.494508,31.339228,4,2,-1
1848,121.521584,29.78289,1,1,-2
1848,121.636161,31.230935,2,2,-1
1849,107.874025,32.509419,1,1,-1
1849,109.221297,34.875364,1,1,-2
1849,109.552872,34.552675,1,1,-2
1849,109.597866,27.399133,1,1,-1
1849,110.771634,34.434069,1,1,-1
1849,111.035669,29.797585,1,1,-1
1849,111.26463,34.76703,1,1,-1
1849,112.30075,30.268188,1,1,-1
1849,112.572861,31.241273,1,1,-1
1849,112.79628,28.716401,1,1,-1
1849,113.706137,28.231983,1,1,-1
1849,113.768075,31.003732,2,1,-1
1849,114.066878,37.982819,1,1,-1
1849,114.481718,32.540664,1,1,-2
1849,115.747105,37.451966,1,1,-1
1849,115.760293,30.869218,1,1,-1
1849,118.264264,28.362973,2,1,-2
1849,118.91285,36.537723,1,1,1
1849,119.145637,36.328617,1,1,1
1849,119.503724,31.722212,1,1,-2
1849,120.479444,30.605512,1,1,-1
1849,121.212828,31.011963,1,1,-1
1850,108.214233,34.526319,1,1,-2
1850,108.931101,34.03899,1,1,-2
1850,109.560302,28.667995,1,1,-2
1850,110.465015,29.159187,1,1,-2
1850,111.834605,33.223129,1,1,-1
1850,112.831882,37.642125,1,1,-2
1850,114.489139,40.55092,1,1,-1
1850,114.567739,38.188576,1,1,-1
1850,116.664142,37.88119,1,1,-2
1850,117.134033,40.207472,1,1,-2
1850,117.138699,37.021866,1,1,-1
1850,117.238552,28.998428,1,1,-2
1850,118.575492,39.783481,1,1,-2
1850,118.91285,36.537723,1,1,1
1850,118.975431,39.911349,1,1,-2
1850,119.145637,36.328617,1,1,1
1850,119.385337,40.006979,1,1,-1
1850,119.404196,36.01124,1,1,-1
1850,119.694363,36.38105,1,1,-1
1850,120.509916,37.603823,1,1,-1
1850,120.848944,37.655065,1,1,-1
1851,106.668002,28.872341,2,1,1
1851,109.560302,28.667995,1,1,-2
1851,110.402982,23.534232,1,1,-2
1851,110.771634,34.434069,2,2,1
1851,111.834605,33.223129,1,1,-1
1851,113.379049,30.290531,1,1,-2
1851,114.439528,27.359166,1,1,-2
1851,114.757134,35.218604,1,1,-2
1851,115.0764,31.213057,2,1,-2
1851,115.744602,39.20604,1,1,-1
1851,117.516503,34.850293,1,1,-2
1851,117.588349,29.868121,1,1,-2
1851,117.974511,35.25341,1,1,-2
1851,118.382185,35.106435,1,1,-2
1851,119.145637,36.328617,1,1,1
1851,119.490634,32.831306,1,1,1
1851,119.549308,25.909991,1,1,-2
1851,120.848944,37.655065,1,1,-2
1851,121.212828,31.011963,1,1,-2
1851,121.231712,30.833118,1,1,-2
1851,121.494508,31.339228,2,2,-2
1852,110.308105,19.485155,1,1,-1
1852,110.700697,30.172256,1,1,-1
1852,111.683685,30.465326,1,1,1
1852,112.75974,32.089828,1,1,-1
1852,114.79785,23.908841,1,1,-2
1852,115.253926,37.48851,1,1,1
1852,115.446597,29.626388,1,1,-1
1852,116.572666,38.660989,1,1,-2
1852,116.835172,38.560407,1,1,-2
1852,116.851657,38.313006,1,1,-1
1852,116.853372,38.013247,1,1,-1
1852,116.897453,34.699891,1,1,-2
1852,116.940069,30.969716,1,1,-1
1852,117.257485,37.954032,1,1,-2
1852,117.588349,29.868121,1,1,-2
1852,117.899466,30.009308,1,1,-2
1852,118.219272,37.18507,1,1,-2
1852,119.145637,36.328617,1,1,1
1852,119.942679,36.782432,1,1,-2
1852,120.357725,30.161039,1,1,0
1852,120.745383,29.582772,1,1,-2
1852,121.521584,29.78289,1,1,1
1853,106.668002,28.872341,1,1,-1
1853,110.308105,19.485155,1,1,-1
1853,110.700697,30.172256,1,1,-1
1853,112.671022,22.81968,1,1,-2
1853,113.457459,27.661007,1,1,-1
1853,114.439528,27.359166,1,1,-1
1853,115.253926,37.48851,1,1,1
1853,115.747105,37.451966,1,1,-2
1853,115.880455,35.608819,1,1,-2
1853,116.021003,35.279264,1,1,-2
1853,116.051158,27.71364,1,1,-1
1853,116.303986,35.047981,1,1,-1
1853,116.330951,35.96158,2,1,-2
1853,116.357326,25.69121,1,1,-2
1853,116.485741,27.112735,1,1,-2
1853,116.538547,30.75048,1,1,-2
1853,116.565018,35.370941,2,1,-2
1853,116.664142,37.88119,1,1,-2
1853,116.897453,34.699891,1,1,-2
1853,116.940069,30.969716,2,1,-1
1853,116.962676,38.854792,1,1,-2
1853,117.679747,39.377375,2,1,1
1853,117.899466,30.009308,1,1,-2
1853,118.575492,39.783481,1,1,-2
1853,118.961273,32.716928,1,1,-1
1853,119.385337,40.006979,1,1,-2
1853,119.942679,36.782432,1,1,-2
1853,120.180205,30.784307,1,1,-1
1853,120.357725,30.161039,1,1,0
1853,120.745383,29.582772,1,1,-2
1853,121.207132,28.851324,1,1,-2
1854,105.502077,29.466288,1,1,-2
1854,110.699448,21.440841,1,1,-2
1854,112.345782,28.130859,1,1,-1
1854,112.671022,22.81968,1,1,-2
1854,112.79628,28.716401,1,1,-1
1854,112.831882,37.642125,1,1,-2
1854,112.95473,36.881944,1,1,-2
1854,114.749265,38.368307,1,1,-2
1854,114.752631,30.330987,1,1,-1
1854,114.79785,23.908841,1,1,-1
1854,114.818929,37.763684,1,1,-2
1854,114.979465,30.654595,1,1,-1
1854,115.261162,30.503278,1,1,-1
1854,115.529159,35.801377,2,1,-2
1854,115.86364,36.144362,1,1,-2
1854,115.880455,35.608819,1,1,-2
1854,116.021003,35.279264,1,1,-2
1854,116.538547,30.75048,1,1,-2
1854,116.572666,38.660989,1,1,-2
1854,116.664142,37.88119,1,1,-2
1854,117.679747,39.377375,2,1,1
1854,119.442397,33.221142,1,1,-1
1854,120.180205,30.784307,1,1,-1
1854,121.212828,31.011963,1,1,-2
1854,121.736145,31.023522,1,1,-2
1855,104.747232,30.088514,1,1,1
1855,110.402982,23.534232,1,1,-2
1855,110.699448,21.440841,1,1,-2
1855,112.345782,28.130859,1,1,-2
1855,115.740597,24.261492,1,1,-1
1855,117.342699,27.652942,1,1,-2
1855,117.974511,35.25341,1,1,-1
1855,118.880691,35.650541,1,1,-2
1855,119.145637,36.328617,1,1,1
1855,119.404196,36.01124,1,1,-1
1855,119.503724,31.722212,1,1,-2
1855,120.093664,28.934114,2,2,-2
1855,121.145387,29.985842,1,1,-2
1855,121.494508,31.339228,1,1,1
1855,121.736145,31.023522,2,2,-2
1856,100.175292,25.24144,1,1,-2
1856,102.382271,24.854128,1,1,-1
1856,102.700122,25.054449,1,1,-2
1856,102.850933,24.866147,1,1,-2
1856,104.455694,31.235358,1,1,-1
1856,104.747232,30.088514,1,1,1
1856,105.242127,29.361706,1,1,-2
1856,105.502077,29.466288,1,1,-2
1856,105.737671,29.656974,1,1,-2
1856,106.18691,29.561947,1,1,-2
1856,110.402982,23.534232,1,1,-2
1856,110.699448,21.440841,1,1,-2
1856,110.770779,19.745448,1,1,-1
1856,110.96678,22.031322,2,2,-2
1856,112.345782,28.130859,1,1,-2
1856,112.92561,35.804133,1,1,-2
1856,113.028346,23.065631,1,1,-2
1856,113.181483,22.846525,1,1,-2
1856,113.545086,30.926626,1,1,-1
1856,114.362077,38.068096,1,1,-1
1856,115.078911,24.816284,1,1,-1
1856,115.270407,22.96774,1,1,-2
1856,115.292203,34.110559,1,1,1
1856,115.58844,28.833876,1,1,-2
1856,115.740597,24.261492,2,2,-2
1856,115.948678,29.359015,1,1,-2
1856,116.23351,31.283136,1,1,1
1856,116.484072,38.905601,1,1,1
1856,116.538547,30.75048,1,1,-1
1856,117.342699,27.652942,1,1,-2
1856,119.145637,36.328617,2,1,1
1856,119.503724,31.722212,1,1,-2
1856,119.810373,30.978497,1,1,1
1856,120.093664,28.934114,2,2,-2
1856,120.263248,32.034773,2,1,-1
1856,120.335992,31.567522,1,1,-1
1856,121.083117,31.126945,1,1,-2
1856,121.212828,31.011963,3,2,1
1856,121.323285,30.179805000000002,1,1,-2
1856,121.494508,31.339228,1,1,1
1856,121.636161,31.230935,1,1,1
1857,103.698986,25.03936,1,1,-1
1857,103.864607,25.638558,1,1,-1
1857,104.583023,29.59479,2,1,-1
1857,104.607628,30.722965,1,1,-2
1857,111.809811,35.216396,1,1,-2
1857,112.756646,34.915678,1,1,-2
1857,112.92561,35.804133,1,1,-2
1857,113.545086,30.926626,1,1,-1
1857,114.362077,38.068096,1,1,-1
1857,115.292203,34.110559,2,2,1
1857,116.484072,38.905601,1,1,1
1857,117.516503,34.850293,1,1,-2
1857,117.974511,35.25341,1,1,-2
1857,119.404196,36.01124,1,1,-1
1857,119.505288,32.116972,1,1,-1
1857,119.694363,36.38105,1,1,-1
1857,120.821426,24.560159,1,1,-2
1857,120.896588,30.899904,1,1,-2
1857,121.017724,24.838722,1,1,-2
1857,121.212828,31.011963,1,1,-1
1857,121.636161,31.230935,1,1,-1
1858,102.850933,24.866147,1,1,-1
1858,104.607628,30.722965,1,1,1
1858,110.188729,29.915163,1,1,-1
1858,110.771634,34.434069,1,1,-2
1858,111.512657,35.703082,1,1,-2
1858,111.809811,35.216396,1,1,-2
1858,112.765345,39.994142,1,1,-1
1858,112.92561,35.804133,1,1,-1
1858,113.028346,23.065631,1,1,-1
1858,113.181483,22.846525,1,1,-1
1858,115.930696,28.805688,1,1,-2
1858,117.974511,35.25341,1,1,-2
1858,118.273423,30.892843,1,1,-2
1858,118.312504,33.963181,1,1,-1
1858,119.145637,36.328617,1,1,1
1858,119.404196,36.01124,1,1,-1
1858,119.505288,32.116972,1,1,-1
1858,119.69293,33.708995,1,1,-1
1859,99.746319,26.434437,1,1,-2
1859,109.779873,32.037444,1,1,-2
1859,111.756205,29.020888,1,1,-1
1859,112.92561,35.804133,1,1,-1
1859,113.181483,22.846525,1,1,-1
1859,113.377292,22.519411,2,2,-1
1859,113.663553,25.549548,1,1,-1
1859,113.837486,26.377312,1,1,-2
1859,118.024299,36.986652,1,1,-2
1859,118.273423,30.892843,1,1,-2
1859,119.145637,36.328617,1,1,1
1859,119.404196,36.01124,1,1,-2
1859,119.694363,36.38105,1,1,-2
1859,120.848944,37.655065,1,1,1
1859,121.083117,31.126945,2,1,-2
1859,121.173645,28.590553,1,1,-2
1859,121.251353,31.353075,2,1,-1
1859,121.494508,31.339228,2,1,-2
1859,121.636161,31.230935,2,2,-2
1860,101.320649,24.868338,1,1,-1
1860,103.698986,25.03936,1,1,-1
1860,103.879674,36.390528,1,1,1
1860,109.779873,32.037444,1,1,-2
1860,111.574532,31.176312,1,1,-2
1860,111.686616,30.101522,1,1,-2
1860,111.754212,32.433518,1,1,-2
1860,112.153296,29.443949,1,1,-2
1860,112.345782,28.130859,1,1,-2
1860,112.401776,27.084921,1,1,-1
1860,112.669469,38.829925,1,1,-1
1860,112.909285,26.420584,1,1,-1
1860,112.995361,28.170764,1,1,-2
1860,113.100409,39.784675,1,1,-2
1860,113.123221,37.82222,1,1,-1
1860,113.348855,38.222989,1,1,-1
1860,113.697567,39.625756,1,1,-2
1860,113.824642,34.045349,1,1,-2
1860,113.950214,33.83907,1,1,-2
1860,114.024349,33.602869,1,1,-2
1860,114.054103,29.458803,1,1,-1
1860,114.188351,34.009756,1,1,-2
1860,114.197763,39.375898,1,1,-2
1860,114.329707,38.077604,1,1,-2
1860,114.489139,40.55092,1,1,-2
1860,114.789218,38.896392,2,1,-2
1860,114.822,36.566658,1,1,-2
1860,114.884114,33.705385,1,1,-2
1860,115.253926,37.48851,2,1,-2
1860,115.29058,28.364089,1,1,-2
1860,115.86364,36.144362,1,1,-2
1860,115.880455,35.608819,1,1,-2
1860,116.021003,35.279264,1,1,-2
1860,116.162124,38.23564,1,1,-2
1860,116.239228,27.392578,1,1,-2
1860,116.242079,30.10287,1,1,-2
1860,116.277866,29.664389,1,1,-2
1860,116.745557,27.93256,1,1,-1
1860,117.562942,37.597476,1,1,-1
1860,117.569022,37.366248,1,1,-2
1860,117.650323,36.286172,1,1,-2
1860,117.853489,31.254384,2,1,-2
1860,118.024299,36.986652,3,2,-2
1860,118.081139,37.760551,1,1,-1
1860,118.219272,37.18507,1,1,-2
1860,118.930879,39.353574,1,1,-2
1860,119.145637,36.328617,1,1,-2
1860,119.370599,31.423776,1,1,-1
1860,119.404196,36.01124,1,1,-2
1860,119.503724,31.722212,2,1,-1
1860,119.505288,32.116972,3,2,-1
1860,119.633618,31.95808,1,1,-1
1860,119.78552,31.358953,1,1,-1
1860,119.810373,30.978497,1,1,-1
1860,119.920709,31.748661,1,1,-2
1860,120.092824,32.219519,1,1,-2
1860,120.119623,30.234656,1,1,-2
1860,120.29982,31.833936,1,1,-2
1860,120.335992,31.567522,1,1,-2
1860,120.479444,30.605512,1,1,-1
1860,120.568183,32.264155,1,1,-1
1860,120.603069,31.309043,1,1,-2
1860,120.808317,31.655226,1,1,-1
1860,120.848944,37.655065,1,1,1
1860,120.95298,31.323023,1,1,-1
1860,121.006976,32.078142,1,1,-2
1860,121.083117,31.126945,2,2,-1
1860,121.127022,31.551683,1,1,-1
1860,121.173645,28.590553,2,1,-1
1860,121.212828,31.011963,4,2,-1
1860,121.251353,31.353075,2,2,-2
1860,121.323285,30.179805000000002,1,1,-2
1860,121.403967,28.40108,2,2,-1
1860,121.496292,31.406519,1,1,-2
1860,121.514319,31.653919,1,1,-2
1861,98.496231,25.273071,1,1,-2
1861,103.879674,36.390528,1,1,1
1861,105.125604,33.285917,1,1,-2
1861,105.460374,28.094373,1,1,-2
1861,105.629218,33.279267,1,1,-2
1861,106.977646,30.946431,1,1,-1
1861,107.193846,28.140086,1,1,-2
1861,107.480243,27.755353,1,1,-2
1861,107.481114,26.775017,1,1,-2
1861,108.468733,34.595411,1,1,-2
1861,109.15396,27.671839,2,1,-2
1861,110.058312,25.297679,1,1,-2
1861,110.308105,19.485155,2,2,1
1861,110.730915,26.784848,1,1,-2
1861,110.926708,29.396102,1,1,-2
1861,111.035669,29.797585,1,1,-2
1861,111.259721,28.912218,1,1,-2
1861,111.487858,27.201728,1,1,-2
1861,111.686616,30.101522,1,1,-2
1861,111.701489,29.745373,1,1,-2
1861,111.754212,32.433518,1,1,-2
1861,112.037102,28.864739,1,1,-2
1861,112.143924,29.95283,1,1,-1
1861,112.153296,29.443949,1,1,-2
1861,112.30075,30.268188,1,1,-1
1861,112.339132,27.773622,1,1,-2
1861,112.345782,28.130859,2,1,-2
1861,112.572861,31.241273,1,1,-2
1861,112.757914,30.337941,1,1,-1
1861,112.75974,32.089828,1,1,-2
1861,112.858822,35.467683,1,1,-2
1861,112.988852,29.844611,1,1,-1
1861,112.995361,28.170764,2,1,-2
1861,113.330049,33.546068,2,2,-2
1861,113.457459,27.661007,1,1,-2
1861,113.510188,29.494562,1,1,-2
1861,113.545086,30.926626,1,1,1
1861,113.706137,28.231983,1,1,-2
1861,113.70889,28.760169,1,1,-2
1861,113.824642,34.045349,2,2,-2
1861,113.877453,29.739825,1,1,-2
1861,113.950214,33.83907,2,2,-2
1861,114.024349,33.602869,2,2,-2
1861,114.054103,29.458803,2,2,-1
1861,114.188351,34.009756,3,2,-1
1861,114.277937,27.83855,2,2,-2
1861,114.321987,28.208046,1,1,-2
1861,114.440678,34.720748,1,1,-2
1861,114.752631,30.330987,1,1,-2
1861,114.789218,38.896392,1,1,-2
1861,114.822,36.566658,1,1,-2
1861,114.843793,30.070238,1,1,-2
1861,114.884114,33.705385,1,1,-2
1861,115.009617,29.26248,1,1,-1
1861,115.168369,28.711692,2,1,-2
1861,115.253926,37.48851,1,1,-2
1861,115.29058,28.364089,1,1,-2
1861,115.408006,28.002406,1,1,-2
1861,115.587813,30.324486,1,1,-2
1861,115.61468,35.101482,1,1,-2
1861,115.760293,30.869218,2,1,-2
1861,115.810346,28.110976,1,1,-1
1861,115.928853,29.995718,1,1,-2
1861,116.021003,35.279264,1,1,-2
1861,116.170244,30.493943,1,1,-2
1861,116.239228,27.392578,2,1,-2
1861,116.242079,30.10287,2,1,-2
1861,116.395348,36.188024,1,1,-2
1861,116.538547,30.75048,1,1,-2
1861,116.615462,29.830764,1,1,-2
1861,117.238552,28.998428,1,1,-2
1861,117.266288,31.834359,1,1,-2
1861,117.321217,31.269636,1,1,-2
1861,117.401864,28.44708,1,1,-2
1861,117.495515,30.508803,1,1,-2
1861,117.588349,29.868121,1,1,-2
1861,117.650323,36.286172,1,1,-2
1861,117.775001,29.324258,2,2,-2
1861,117.853489,31.254384,1,1,-2
1861,118.05561,36.643938,1,1,-1
1861,118.273423,30.892843,1,1,-2
1861,118.319558,29.185184,1,1,-2
1861,118.53689,28.970845,1,1,-2
1861,118.557979,29.868351,1,1,-2
1861,118.595391,28.577979,1,1,-2
1861,118.781007,25.852191,1,1,-1
1861,119.367906,29.483861,1,1,-2
1861,119.370599,31.423776,1,1,-2
1861,119.404196,36.01124,4,2,-2
1861,119.52399,29.280686,2,1,-2
1861,119.638546,29.113251,1,1,-2
1861,119.78552,31.358953,1,1,-2
1861,119.83493,29.995611,1,1,-2
1861,119.899254,29.521366,2,1,-2
1861,120.263248,32.034773,1,1,-2
1861,120.568183,32.264155,1,1,-1
1861,120.625761,31.01201,1,1,-2
1861,120.891372,29.944437,1,1,-2
1861,121.083117,31.126945,1,1,-2
1861,121.09057,30.713245,1,1,-2
1861,121.145387,29.985842,1,1,-2
1861,121.251353,31.353075,1,1,-2
1861,121.366093,29.614276,1,1,-2
1861,121.403967,28.40108,1,1,-2
1861,121.521584,29.78289,1,1,-2
1861,121.843877,29.376544,1,1,-2
1862,99.302832,25.88846,1,1,-1
1862,104.578666,28.454913,1,1,-2
1862,105.460374,28.094373,1,1,-2
1862,105.92268,28.747043,1,1,-2
1862,106.069028,30.782265,1,1,-2
1862,106.307318,30.11438,1,1,-2
1862,106.977646,30.946431,1,1,-1
1862,107.193846,28.140086,1,1,-2
1862,107.480243,27.755353,1,1,-2
1862,107.481114,26.775017,1,1,-2
1862,108.468733,34.595411,1,1,-2
1862,108.703486,29.433461,1,1,-2
1862,109.560302,28.667995,4,2,-2
1862,109.980728,22.684493,1,1,-1
1862,110.058312,25.297679,2,1,-2
1862,110.262212,22.247404,1,1,-2
1862,110.308105,19.485155,1,1,-2
1862,110.457979,22.524855,1,1,-2
1862,110.619357,35.145928,1,1,-1
1862,110.699448,21.440841,1,1,-2
1862,110.730915,26.784848,2,1,-2
1862,110.813874,31.321547,1,1,-2
1862,110.948969,35.057559,1,1,-2
1862,111.1813,21.659665,1,1,-1
1862,111.487858,27.201728,1,1,-2
1862,111.947582,37.45225,1,1,-1
1862,112.339132,27.773622,1,1,-2
1862,112.345782,28.130859,1,1,-2
1862,112.757914,30.337941,1,1,-1
1862,112.79628,28.716401,1,1,-2
1862,112.831882,37.642125,1,1,-1
1862,112.858822,35.467683,1,1,-2
1862,112.988852,29.844611,1,1,-1
1862,112.995361,28.170764,2,1,-2
1862,113.310965,24.221002,1,1,-2
1862,113.379049,30.290531,1,1,-2
1862,113.510188,29.494562,1,1,-2
1862,113.671034,30.623619,1,1,-2
1862,113.706137,28.231983,2,2,-2
1862,113.70889,28.760169,2,1,-2
1862,113.877453,29.739825,1,1,-2
1862,114.054103,29.458803,3,2,-2
1862,114.277937,27.83855,2,2,-1
1862,114.321987,28.208046,2,1,-2
1862,114.356715,26.340542,1,1,-2
1862,114.381408,29.850263,1,1,-2
1862,114.603109,29.555069,1,1,-2
1862,114.752631,30.330987,1,1,-2
1862,114.843793,30.070238,1,1,-2
1862,115.009617,29.26248,2,2,-1
1862,115.168369,28.711692,1,1,-2
1862,115.29058,28.364089,1,1,-2
1862,115.408006,28.002406,1,1,-2
1862,115.431618,26.422068,2,1,-2
1862,115.446597,29.626388,3,2,-2
1862,115.492493,27.736264,1,1,-2
1862,115.587813,30.324486,2,1,-2
1862,115.58844,28.833876,1,1,-2
1862,115.619667,29.40058,1,1,-2
1862,115.729122,29.140734,1,1,-2
1862,115.760293,30.869218,2,1,-2
1862,115.810346,28.110976,1,1,-1
1862,115.928853,29.995718,1,1,-2
1862,115.948678,29.359015,2,1,-2
1862,115.971944,25.916756,2,2,-2
1862,116.013494,29.640973,1,1,-2
1862,116.170244,30.493943,1,1,-2
1862,116.239228,27.392578,1,1,-2
1862,116.242079,30.10287,1,1,-2
1862,116.277866,29.664389,1,1,-2
1862,116.30516,28.440081,1,1,-2
1862,116.327735,29.35216,1,1,-2
1862,116.349202,27.922022,1,1,-2
1862,116.538547,30.75048,1,1,-2
1862,116.604063,28.217876,1,1,-2
1862,116.609853,28.679305,2,1,-2
1862,116.615462,29.830764,1,1,-2
1862,116.774043,29.240033,1,1,-2
1862,116.893673,23.858549,1,1,-1
1862,116.897453,34.699891,1,1,-1
1862,116.908823,28.320905,3,2,-2
1862,116.940069,30.969716,1,1,-2
1862,117.001896,28.701713,1,1,-2
1862,117.183693,28.189655,1,1,-2
1862,117.238552,28.998428,1,1,-2
1862,117.266288,31.834359,1,1,-2
1862,117.321217,31.269636,1,1,-2
1862,117.401864,28.44708,1,1,-2
1862,117.495515,30.508803,1,1,-2
1862,117.588349,29.868121,1,1,-2
1862,117.775001,29.324258,2,2,-2
1862,117.974511,35.25341,1,1,1
1862,118.264264,28.362973,1,1,-2
1862,118.273423,30.892843,2,1,-2
1862,118.312504,33.963181,1,1,-1
1862,118.319558,29.185184,1,1,-2
1862,118.476427,30.316963,1,1,-1
1862,118.53689,28.970845,1,1,-2
1862,118.557979,29.868351,1,1,-2
1862,118.595391,28.577979,1,1,-2
1862,118.880691,35.650541,1,1,-2
1862,118.883178,28.937342,2,2,-1
1862,118.894659,28.955098,1,1,-2
1862,118.987309,30.498788,1,1,-2
1862,119.337835,30.205199,2,1,-2
1862,119.355382,30.890992,1,1,-2
1862,119.367906,29.483861,2,1,-2
1862,119.404196,36.01124,1,1,-1
1862,119.441771,36.825935,1,1,-1
1862,119.505288,32.116972,1,1,1
1862,119.52399,29.280686,3,1,-2
1862,119.548052,29.834181,1,1,-2
1862,119.638546,29.113251,1,1,-2
1862,119.69293,33.708995,3,2,-2
1862,119.810373,30.978497,2,2,-2
1862,119.83493,29.995611,3,1,-2
1862,119.899254,29.521366,3,1,-2
1862,119.920709,31.748661,1,1,-1
1862,120.180205,30.784307,1,1,-2
1862,120.26852,29.69283,1,1,-2
1862,120.335992,31.567522,1,1,-2
1862,120.357725,30.161039,1,1,-2
1862,120.397516,31.224485,1,1,-2
1862,120.509916,37.603823,1,1,1
1862,120.625761,31.01201,1,1,-2
1862,120.891372,29.944437,2,2,-2
1862,120.896588,30.899904,2,2,-1
1862,120.95298,31.323023,1,1,-2
1862,121.083117,31.126945,3,2,-2
1862,121.09057,30.713245,2,1,-2
1862,121.127022,31.551683,2,1,-2
1862,121.145387,29.985842,1,1,-2
1862,121.212828,31.011963,3,2,-2
1862,121.231712,30.833118,3,2,-2
1862,121.251353,31.353075,2,2,-2
1862,121.323285,30.179805000000002,1,1,-2
1862,121.366093,29.614276,1,1,-2
1862,121.403967,28.40108,1,1,-2
1862,121.494508,31.339228,4,3,-2
1862,121.496292,31.406519,2,1,-2
1862,121.514319,31.653919,1,1,-2
1862,121.521584,29.78289,2,1,-2
1862,121.549837,30.915938,2,2,-2
1862,121.636161,31.230935,4,3,-1
1862,121.721276,29.911732,2,1,-2
1862,121.736145,31.023522,2,1,-2
1862,121.843877,29.376544,1,1,-2
1862,122.149692,29.978884,1,1,-2
1863,104.215589,29.98234,1,1,-1
1863,106.526703,31.440466,1,1,-2
1863,107.398182,35.068299,1,1,-1
1863,107.874025,32.509419,1,1,-2
1863,108.468733,34.595411,1,1,-2
1863,109.060077,26.154832,1,1,-2
1863,110.016545,34.796995,1,1,-1
1863,110.040906,34.533134,1,1,-1
1863,110.496161,34.897619,1,1,-1
1863,110.699448,21.440841,1,1,-1
1863,110.71989,35.382397,1,1,-1
1863,110.771634,34.434069,2,1,-1
1863,110.813874,31.321547,1,1,-2
1863,111.26463,34.76703,1,1,-1
1863,111.370097,35.869675,1,1,-1
1863,111.512657,35.703082,1,1,-2
1863,111.809731,37.67671,1,1,-2
1863,112.345782,28.130859,1,1,1
1863,112.858822,35.467683,1,1,-2
1863,112.995361,28.170764,1,1,-2
1863,113.027601,34.695689,1,1,-2
1863,113.218528,34.002851,1,1,-1
1863,113.330049,33.546068,1,1,-1
1863,113.346594,34.79618,1,1,-1
1863,113.379049,30.290531,1,1,-2
1863,113.426713,34.510027,1,1,-1
1863,113.671034,30.623619,1,1,-2
1863,113.706137,28.231983,1,1,-2
1863,113.882888,27.626653,1,1,-2
1863,114.054103,29.458803,2,2,-1
1863,114.381408,29.850263,1,1,-2
1863,114.697842,25.827402,1,1,-1
1863,114.843793,30.070238,1,1,-2
1863,114.846933,28.197387,1,1,-1
1863,115.026314,35.761865,1,1,-2
1863,115.222594,28.944139,1,1,-2
1863,115.760293,30.869218,1,1,-2
1863,115.971944,25.916756,1,1,0
1863,116.327735,29.35216,1,1,-2
1863,116.349202,27.922022,1,1,-2
1863,117.342699,27.652942,1,1,-2
1863,117.650323,36.286172,1,1,-2
1863,117.943297,28.417221,1,1,-1
1863,117.974511,35.25341,2,2,1
1863,118.273423,30.892843,1,1,-2
1863,118.319558,29.185184,1,1,-1
1863,118.883178,28.937342,2,1,-2
1863,118.987309,30.498788,1,1,-2
1863,119.549308,25.909991,1,1,-2
1863,120.509916,37.603823,3,2,-1
1864,104.455694,31.235358,1,1,-2
1864,104.607628,30.722965,1,1,-1
1864,108.214233,34.526319,1,1,-2
1864,108.766174,34.611552,1,1,-2
1864,109.060077,26.154832,1,1,-2
1864,109.136441,22.313843,1,1,-2
1864,109.15396,27.671839,1,1,-2
1864,109.552872,34.552675,1,1,-2
1864,109.597866,27.399133,1,1,-1
1864,110.130812,21.642227,1,1,-2
1864,110.402982,23.534232,1,1,-2
1864,110.699448,21.440841,2,2,-1
1864,110.844686,30.481868,1,1,1
1864,110.96678,22.031322,1,1,-2
1864,111.368082,30.291679,2,2,-2
1864,111.62663,37.10845,1,1,-2
1864,111.740073,37.311278,2,1,-2
1864,111.947582,37.45225,1,1,-2
1864,112.339132,27.773622,2,2,-2
1864,112.345782,28.130859,1,1,-2
1864,112.3723,37.583745,1,1,-2
1864,112.931745,23.826663,1,1,-1
1864,112.995361,28.170764,4,2,-2
1864,113.310965,24.221002,1,1,-2
1864,113.348855,38.222989,1,1,-2
1864,113.451983,25.934368,1,1,-2
1864,113.475516,27.170459,1,1,-2
1864,113.577562,24.802466,1,1,-2
1864,113.706137,28.231983,3,1,-1
1864,113.800877,31.677651,1,1,-1
1864,114.054103,29.458803,1,1,-2
1864,114.277937,27.83855,2,2,-1
1864,114.477124,23.00851,1,1,-1
1864,114.495002,36.612862,1,1,-1
1864,114.567739,38.188576,1,1,-2
1864,114.621031,37.903269,1,1,-2
1864,114.822,36.566658,1,1,-2
1864,114.843793,30.070238,1,1,-2
1864,114.877995,33.272712,1,1,-2
1864,114.884114,33.705385,1,1,-2
1864,115.060585,35.174867,1,1,-1
1864,115.168369,28.711692,1,1,-2
1864,115.185699,37.076712,1,1,-1
1864,115.240925,36.301099,1,1,-1
1864,115.457071,35.281923,1,1,-1
1864,115.46172,37.281031,1,1,-2
1864,115.492917,25.929878,1,1,-2
1864,115.810346,28.110976,1,1,-2
1864,115.86364,36.144362,1,1,-2
1864,115.880455,35.608819,1,1,-2
1864,115.971944,25.916756,5,2,-2
1864,116.021003,35.279264,1,1,-2
1864,116.347494,23.591034,1,1,-1
1864,116.349202,27.922022,1,1,-2
1864,116.395348,36.188024,2,1,-2
1864,116.604063,28.217876,1,1,-2
1864,116.745557,27.93256,1,1,-2
1864,116.893673,23.858549,1,1,-1
1864,116.992333,30.026531,2,1,-2
1864,117.183693,28.189655,1,1,-1
1864,117.342699,27.652942,1,1,-2
1864,117.401864,28.44708,1,1,-2
1864,117.700673,28.107485,1,1,-2
1864,117.737722,28.937922,1,1,-2
1864,117.775001,29.324258,1,1,-1
1864,117.943297,28.417221,2,1,-1
1864,118.024299,36.986652,1,1,-2
1864,118.555799,36.355552,2,1,-2
1864,118.883178,28.937342,1,1,-2
1864,119.370599,31.423776,1,1,-2
1864,119.404196,36.01124,1,1,-2
1864,119.78552,31.358953,1,1,-2
1864,119.920709,31.748661,2,1,-2
1864,120.26852,29.69283,1,1,-2
1864,120.374468,27.635011,1,1,-2
1864,121.843877,29.376544,1,1,-2
1865,104.455694,31.235358,1,1,-2
1865,108.214233,34.526319,1,1,-1
1865,108.468733,34.595411,1,1,-1
1865,108.966235,34.70529,3,2,-2
1865,109.046048,25.334807,1,1,1
1865,109.136441,22.313843,1,1,-2
1865,109.15396,27.671839,1,1,-2
1865,109.180511,23.661923,1,1,-2
1865,109.980728,22.684493,1,1,-2
1865,110.262212,22.247404,1,1,-2
1865,110.457979,22.524855,1,1,-2
1865,110.619057,32.078644,1,1,-1
1865,110.722338,32.863661,1,1,-2
1865,110.844686,30.481868,2,2,1
1865,111.011298,25.929613,1,1,-1
1865,111.199943,31.718832,1,1,-1
1865,111.487858,27.201728,1,1,-2
1865,111.740073,37.311278,1,1,-2
1865,111.947582,37.45225,1,1,-1
1865,112.339132,27.773622,1,1,1
1865,112.401776,27.084921,1,1,-2
1865,112.572861,31.241273,2,1,-2
1865,112.594368,25.890084,1,1,-2
1865,112.75974,32.089828,1,1,-2
1865,113.028346,23.065631,1,1,1
1865,113.181483,22.846525,1,1,1
1865,113.281379,31.886745,1,1,-2
1865,113.346594,34.79618,1,1,-1
1865,113.35372,26.578865,1,1,-2
1865,113.384091,36.612552,1,1,1
1865,113.706137,28.231983,2,1,-1
1865,113.800877,31.677651,1,1,-1
1865,114.054103,29.458803,1,1,-1
1865,114.222922,30.567491,1,1,-2
1865,114.233796,36.390886,1,1,-2
1865,114.277937,27.83855,1,1,-2
1865,114.329707,38.077604,1,1,-2
1865,114.440678,34.720748,1,1,-2
1865,114.495002,36.612862,1,1,-2
1865,114.567739,38.188576,2,1,-2
1865,114.636185,36.760061,2,1,-2
1865,114.749265,38.368307,1,1,-2
1865,114.752631,30.330987,1,1,-1
1865,114.822,36.566658,2,1,-2
1865,114.843793,30.070238,1,1,-2
1865,114.877995,33.272712,1,1,-2
1865,114.979465,30.654595,1,1,-1
1865,114.995162,37.046298,1,1,-1
1865,115.060585,35.174867,1,1,-1
1865,115.0764,31.213057,2,1,-2
1865,115.240925,36.301099,1,1,-1
1865,115.371853,33.891772,2,1,-1
1865,115.457071,35.281923,1,1,-1
1865,115.46172,37.281031,1,1,-2
1865,115.540685,34.826094,2,2,-1
1865,115.61468,35.101482,1,1,-2
1865,115.680216,37.033508,2,2,-1
1865,115.769528,36.774602,2,1,-1
1865,115.86364,36.144362,1,1,-1
1865,115.971944,25.916756,3,2,-2
1865,116.021003,35.279264,1,1,-1
1865,116.185721,24.362739,1,1,1
1865,116.277866,29.664389,1,1,-1
1865,116.327735,29.35216,1,1,-2
1865,116.349202,27.922022,1,1,-2
1865,116.538547,30.75048,1,1,-2
1865,116.562335,35.01677,1,1,-2
1865,116.604063,28.217876,1,1,-2
1865,116.654207,37.410006,1,1,-2
1865,116.664142,37.88119,1,1,-2
1865,116.79899,34.207434,1,1,-1
1865,116.889881,37.226715,1,1,-2
1865,117.943297,28.417221,2,1,-1
1865,117.974511,35.25341,1,1,-1
1865,118.024299,36.986652,1,1,-2
1865,118.055436,27.4046,1,1,-2
1865,118.312504,33.963181,1,1,-1
1865,118.382185,35.106435,1,1,-1
1865,118.521082,37.143389,1,1,-1
1865,118.555799,36.355552,1,1,-2
1865,118.930879,39.353574,1,1,-1
1865,119.311896,35.396013,1,1,-2
1865,119.370599,31.423776,1,1,-2
1865,119.404196,36.01124,1,1,-1
1865,119.438411,28.404181,1,1,-2
1865,119.527931,28.129786,1,1,-2
1865,119.645608,27.054044,1,1,-2
1865,119.78552,31.358953,1,1,-2
1865,119.920709,31.748661,2,1,-1
1865,120.657173,28.329071,1,1,-1
1865,120.848944,37.655065,1,1,-2
1865,121.207132,28.851324,1,1,-1
1865,121.212828,31.011963,1,1,-2
1865,121.403967,28.40108,1,1,-1
1865,121.494508,31.339228,1,1,-1
1866,104.455694,31.235358,1,1,-2
1866,106.897672,27.702517,1,1,-2
1866,109.180511,23.661923,1,1,-2
1866,109.269495,33.691621,1,1,-2
1866,110.619357,35.145928,1,1,1
1866,110.722338,32.863661,1,1,-2
1866,110.844686,30.481868,1,1,-2
1866,110.981421,33.96956,1,1,-1
1866,111.178182,32.565795,1,1,-2
1866,112.79628,28.716401,1,1,1
1866,112.92561,35.804133,2,2,-1
1866,114.054103,29.458803,2,1,-1
1866,114.440678,34.720748,1,1,-2
1866,114.481718,32.540664,1,1,-1
1866,114.843793,30.070238,2,2,-1
1866,115.168369,28.711692,1,1,-1
1866,115.253926,37.48851,1,1,1
1866,115.529159,35.801377,1,1,-2
1866,115.61468,35.101482,1,1,1
1866,115.680216,37.033508,1,1,-2
1866,116.242079,30.10287,1,1,-2
1866,116.327735,29.35216,1,1,-2
1866,116.983447,40.52448,1,1,-2
1866,117.876958,33.944061,1,1,-2
1866,117.943297,28.417221,2,1,-1
1866,117.974511,35.25341,1,1,-1
1866,118.91285,36.537723,1,1,1
1866,119.145637,36.328617,1,1,1
1866,119.156925,36.791958,1,1,1
1866,119.490634,32.831306,1,1,1
1866,119.505288,32.116972,1,1,1
1866,119.645608,27.054044,1,1,1
1866,120.657173,28.329071,1,1,1
1867,99.909924,26.068771,1,1,-2
1867,101.210609,25.50924,1,1,-1
1867,101.320649,24.868338,1,1,-2
1867,104.455694,31.235358,1,1,-2
1867,104.656592,25.769099,1,1,1
1867,105.669523,35.429038,1,1,-2
1867,106.152635,33.378178,1,1,-1
1867,110.308105,19.485155,1,1,1
1867,110.619057,32.078644,1,1,-1
1867,110.619357,35.145928,1,1,1
1867,110.722338,32.863661,1,1,-1
1867,110.771634,34.434069,1,1,-1
1867,111.540808,26.131911,1,1,-1
1867,111.62663,37.10845,1,1,-2
1867,111.701489,29.745373,1,1,1
1867,112.339132,27.773622,1,1,1
1867,112.345782,28.130859,1,1,1
1867,112.590938,38.431261,1,1,0
1867,112.79628,28.716401,1,1,-2
1867,112.92561,35.804133,1,1,1
1867,113.000805,33.296358,1,1,-1
1867,114.053214,36.740128,2,2,-2
1867,114.379902,40.133757,1,1,-2
1867,115.253926,37.48851,1,1,1
1867,115.810346,28.110976,1,1,-2
1867,116.013494,29.640973,1,1,-1
1867,116.455781,31.710417,1,1,-2
1867,116.699796,39.42201,1,1,-1
1867,116.983447,40.52448,1,1,-2
1867,117.943297,28.417221,2,1,-1
1867,118.91285,36.537723,1,1,1
1867,119.145637,36.328617,1,1,1
1867,119.156925,36.791958,1,1,1
1867,120.29982,31.833936,1,1,-1
1867,120.657173,28.329071,1,1,1
1868,99.746319,26.434437,1,1,-1
1868,100.214439,25.687411,1,1,-2
1868,100.792112,24.389131,1,1,-1
1868,101.320649,24.868338,1,1,-2
1868,103.265746,36.609801,1,1,-2
1868,104.455694,31.235358,1,1,-2
1868,104.656592,25.769099,1,1,1
1868,111.99614,39.16436,1,1,-2
1868,112.339132,27.773622,1,1,1
1868,112.345782,28.130859,1,1,1
1868,112.669469,38.829925,1,1,-2
1868,112.75974,32.089828,1,1,-1
1868,112.79628,28.716401,1,1,-1
1868,113.028346,23.065631,1,1,-1
1868,113.181483,22.846525,1,1,1
1868,113.196303,28.321876,1,1,-1
1868,113.377292,22.519411,1,1,-1
1868,113.800877,31.677651,1,1,-1
1868,114.329707,38.077604,1,1,-2
1868,114.481718,32.540664,2,2,-2
1868,114.567739,38.188576,1,1,-2
1868,114.77882,37.360085,1,1,0
1868,114.803023,38.045109,1,1,-1
1868,114.843793,30.070238,1,1,-2
1868,115.058402,38.917385,1,1,-2
1868,115.164104,38.667253,1,1,-2
1868,115.253926,37.48851,1,1,-2
1868,115.292203,34.110559,1,1,-1
1868,115.434161,39.611103,1,1,-2
1868,115.476275,38.731366,1,1,-2
1868,116.021003,35.279264,1,1,-2
1868,116.565018,35.370941,1,1,-2
1868,116.654207,37.410006,1,1,1
1868,117.943297,28.417221,1,1,-1
1868,119.145637,36.328617,1,1,1
1868,120.509916,37.603823,2,2,-2
1869,103.026385,29.925597,1,1,-1
1869,104.455694,31.235358,1,1,-2
1869,106.872293,28.406665,1,1,-1
1869,110.308105,19.485155,1,1,0
1869,110.730915,26.784848,1,1,1
1869,111.997073,36.304664,1,1,-2
1869,112.294898,36.157182,1,1,-2
1869,112.669469,38.829925,1,1,-2
1869,113.70889,28.760169,1,1,-1
1869,113.800877,31.677651,1,1,-1
1869,114.448463,35.68335,1,1,-1
1869,114.481718,32.540664,1,1,-1
1869,115.760293,30.869218,1,1,-1
1869,116.170244,30.493943,1,1,-1
1869,116.455781,31.710417,1,1,-1
1869,116.565018,35.370941,1,1,-1
1869,116.654207,37.410006,1,1,1
1869,116.663243,26.304059,1,1,-2
1869,117.943297,28.417221,1,1,-1
1869,118.961273,32.716928,1,1,-1
1869,119.145637,36.328617,2,1,1
1869,119.156925,36.791958,1,1,1
1869,119.186976,28.988432,1,1,-1
1869,119.694363,36.38105,1,1,-1
1869,120.509916,37.603823,2,2,-1
1870,103.423153,30.011837,1,1,-2
1870,104.455694,31.235358,1,1,-2
1870,104.793539,29.810161,1,1,1
1870,106.411819,30.533279,1,1,-1
1870,106.872293,28.406665,1,1,-1
1870,108.766174,34.611552,1,1,-1
1870,108.966235,34.70529,1,1,-1
1870,109.180511,23.661923,1,1,1
1870,109.410737,32.900944,1,1,-2
1870,109.552872,34.552675,1,1,-1
1870,109.798887,34.409983,1,1,-1
1870,110.608911,36.731291,1,1,-2
1870,110.619357,35.145928,3,2,1
1870,110.730915,26.784848,1,1,1
1870,111.239285,34.885707,1,1,-2
1870,111.472667,36.63683,1,1,-2
1870,111.947582,37.45225,1,1,-1
1870,112.30075,30.268188,1,1,-2
1870,113.072675,36.021537,1,1,-2
1870,113.346594,34.79618,1,1,-1
1870,114.174277,38.502779,1,1,1
1870,114.329707,38.077604,1,1,1
1870,114.362077,38.068096,3,1,-1
1870,114.440678,34.720748,2,2,-1
1870,114.495002,36.612862,1,1,-2
1870,114.550079,33.518302,1,1,1
1870,114.567739,38.188576,1,1,1
1870,114.77882,37.360085,1,1,-2
1870,114.789218,38.896392,1,1,1
1870,114.877995,33.272712,1,1,1
1870,115.009117,37.60311,1,1,1
1870,115.61468,35.101482,1,1,1
1870,116.251361,32.657811,1,1,-2
1870,116.565018,35.370941,1,1,-1
1870,116.664142,37.88119,1,1,1
1870,116.803207,37.678126,1,1,1
1870,116.893673,23.858549,2,2,-2
1870,116.940069,30.969716,1,1,-2
1870,116.962676,38.854792,1,1,1
1870,117.943297,28.417221,2,1,-1
1870,118.024299,36.986652,2,1,1
1870,119.143487,27.629307,1,1,-2
1870,119.145637,36.328617,1,1,1
1870,119.156925,36.791958,1,1,1
1870,119.404196,36.01124,2,2,-1
1870,119.490634,32.831306,1,1,-1
1870,119.69293,33.708995,1,1,-2
1870,119.981765,32.956244,1,1,-1
1870,120.061609,32.508067,1,1,-1
1870,120.509916,37.603823,2,1,-2
1870,120.95298,31.323023,1,1,-1
1871,103.520738,30.716386,1,1,-2
1871,103.627514,31.037096,1,1,-2
1871,103.87839,30.832078,1,1,-1
1871,103.990386,28.697902,1,1,-2
1871,104.374747,28.902543,1,1,-2
1871,104.455694,31.235358,1,1,-2
1871,104.793539,29.810161,1,1,1
1871,105.02124,30.306583,1,1,-2
1871,105.242127,29.361706,1,1,-2
1871,105.4731,30.418917,1,1,-2
1871,105.539103,30.622227,1,1,-2
1871,105.737671,29.656974,1,1,-2
1871,105.808705,30.142046,1,1,-2
1871,106.030501,29.81527,3,2,-2
1871,106.307318,30.11438,1,1,1
1871,106.411819,30.533279,1,1,-1
1871,106.750834,30.588582,2,1,-2
1871,106.977646,30.946431,2,1,-2
1871,107.168524,29.136504,2,1,-2
1871,108.108531,33.952152,1,1,-1
1871,108.250418,23.252757,1,1,-2
1871,109.060077,26.154832,1,1,-2
1871,109.552872,34.552675,1,1,-2
1871,110.457979,22.524855,1,1,-1
1871,110.608911,36.731291,1,1,-2
1871,111.239285,34.885707,1,1,-2
1871,111.259721,28.912218,1,1,-1
1871,112.30075,30.268188,2,1,-2
1871,112.590938,38.431261,1,1,-1
1871,113.377292,22.519411,2,2,-1
1871,114.356715,26.340542,1,1,-2
1871,114.489139,40.55092,1,1,-1
1871,114.697842,25.827402,1,1,1
1871,114.862142,27.082288,1,1,-1
1871,115.270407,22.96774,1,1,-1
1871,115.431618,26.422068,1,1,-2
1871,116.186178,37.660684,1,1,-1
1871,116.485741,27.112735,1,1,-1
1871,116.893673,23.858549,3,2,-2
1871,116.962676,38.854792,1,1,1
1871,116.983447,40.52448,1,1,-2
1871,117.391278,39.011594,1,1,-1
1871,117.853489,31.254384,1,1,-1
1871,117.943297,28.417221,3,1,-1
1871,117.974511,35.25341,1,1,-1
1871,118.264264,28.362973,2,1,-2
1871,118.368991,24.450711,1,1,-2
1871,119.69293,33.708995,1,1,-1
1871,119.694363,36.38105,1,1,-1
1871,120.29982,31.833936,1,1,1
1871,120.509916,37.603823,1,1,-2
1871,120.95298,31.323023,1,1,-1
1872,103.545309,29.771864,1,1,-2
1872,103.990386,28.697902,1,1,-2
1872,106.750834,30.588582,3,1,-2
1872,106.977646,30.946431,2,1,-2
1872,107.168524,29.136504,4,2,-2
1872,107.480243,27.755353,1,1,0
1872,108.108531,33.952152,1,1,-1
1872,108.250418,23.252757,1,1,-2
1872,109.060077,26.154832,1,1,-2
1872,110.457979,22.524855,1,1,-1
1872,110.530766,21.844198,1,1,-2
1872,110.699448,21.440841,2,2,-1
1872,110.717005,36.15488,1,1,-1
1872,110.71989,35.382397,1,1,-1
1872,110.730915,26.784848,1,1,0
1872,111.115743,22.42864,1,1,-1
1872,111.157892,35.627343,1,1,-2
1872,111.259721,28.912218,1,1,-1
1872,111.512657,35.703082,1,1,-2
1872,112.527859,33.024811,1,1,-2
1872,113.105225,23.027345,1,1,1
1872,113.377292,22.519411,1,1,-2
1872,113.877453,29.739825,1,1,-2
1872,114.988865,27.095623,1,1,-2
1872,115.270407,22.96774,1,1,-1
1872,117.753294,33.134278,1,1,-2
1872,118.264264,28.362973,2,1,-2
1872,118.273423,30.892843,1,1,-2
1872,118.312504,33.963181,1,1,-2
1872,118.368991,24.450711,1,1,-2
1872,119.311997,33.880774,1,1,-2
1872,120.357725,30.161039,1,1,-2
1872,121.212828,31.011963,2,1,1
1872,121.231712,30.833118,1,1,1
1872,121.366093,29.614276,1,1,-1
1872,121.736145,31.023522,2,1,1
1873,107.398182,35.068299,1,1,-1
1873,108.108531,33.952152,1,1,-1
1873,108.214233,34.526319,1,1,-2
1873,108.468733,34.595411,1,1,-2
1873,108.766174,34.611552,1,1,-2
1873,108.966235,34.70529,1,1,-2
1873,109.180511,23.661923,1,1,-2
1873,109.552872,34.552675,1,1,-2
1873,109.615169,34.967637,1,1,-2
1873,109.674903,23.607749,1,1,-2
1873,109.966649,29.010929,1,1,-1
1873,110.016545,34.796995,1,1,-2
1873,110.530766,21.844198,1,1,-2
1873,110.699448,21.440841,1,1,-2
1873,110.730915,26.784848,1,1,0
1873,110.95187,35.592766,1,1,-2
1873,111.00087,36.706414,1,1,-2
1873,111.370097,35.869675,1,1,-1
1873,111.528586,38.730031,1,1,1
1873,111.646104,36.32054,1,1,-1
1873,111.754212,32.433518,1,1,-2
1873,112.12356,32.038704,1,1,-2
1873,112.345775,35.421572,1,1,-2
1873,112.361781,35.750356,1,1,-2
1873,112.527859,33.024811,1,1,-2
1873,112.64018,36.701548,1,1,-2
1873,112.995361,28.170764,1,1,-2
1873,113.379049,30.290531,1,1,-2
1873,113.545086,30.926626,1,1,-2
1873,113.877453,29.739825,1,1,-2
1873,113.956584,32.763713,1,1,-1
1873,114.877995,33.272712,1,1,-2
1873,117.753294,33.134278,1,1,-2
1873,117.943297,28.417221,1,1,-1
1873,118.273423,30.892843,1,1,-2
1873,118.312504,33.963181,1,1,-2
1873,118.382185,35.106435,1,1,-2
1873,119.311997,33.880774,1,1,-2
1873,119.404196,36.01124,1,1,-1
1873,119.557319,26.297516,1,1,-2
1873,119.69293,33.708995,1,1,-2
1873,120.180205,30.784307,1,1,-2
1873,120.357725,30.161039,1,1,-2
1873,120.808317,31.655226,1,1,-2
1873,120.896588,30.899904,1,1,-1
1873,121.09057,30.713245,1,1,-1
1873,121.212828,31.011963,1,1,1
1873,121.231712,30.833118,1,1,1
1873,121.366093,29.614276,3,1,-1
1873,121.736145,31.023522,1,1,1
1874,108.214233,34.526319,1,1,-2
1874,108.468733,34.595411,1,1,-2
1874,109.180511,23.661923,1,1,-2
1874,110.016545,34.796995,1,1,-2
1874,110.058312,25.297679,1,1,-2
1874,110.549079,24.13073,1,1,-2
1874,111.512657,35.703082,1,1,-2
1874,111.528586,38.730031,1,1,1
1874,111.646104,36.32054,1,1,-1
1874,111.754212,32.433518,1,1,-2
1874,112.12356,32.038704,1,1,-2
1874,112.345775,35.421572,2,1,-2
1874,112.361781,35.750356,1,1,-2
1874,112.97335,36.572961,1,1,-2
1874,112.995361,28.170764,1,1,-2
1874,113.027601,34.695689,1,1,-1
1874,113.35811,35.985173,1,1,-2
1874,114.877995,33.272712,1,1,-2
1874,115.457071,35.281923,1,1,-1
1874,115.971944,25.916756,2,2,-2
1874,116.79899,34.207434,2,2,-1
1874,118.575492,39.783481,1,1,1
1874,118.975431,39.911349,1,1,1
1874,119.557319,26.297516,1,1,-2
1874,120.180205,30.784307,1,1,-2
1874,120.808317,31.655226,1,1,-2
1874,120.896588,30.899904,1,1,-1
1874,121.09057,30.713245,1,1,-1
1874,121.251353,31.353075,1,1,-1
1874,121.366093,29.614276,1,1,-1
1875,100.175292,25.24144,1,1,-2
1875,103.698986,25.03936,1,1,-2
1875,103.864607,25.638558,1,1,-2
1875,104.338963,24.977843,1,1,-2
1875,104.815507,26.667564,1,1,-1
1875,105.378057,30.904361,1,1,-2
1875,105.783864,26.646707,2,1,-1
1875,105.802851,32.416535,1,1,-2
1875,109.180511,23.661923,2,1,-2
1875,110.262212,22.247404,1,1,-1
1875,110.457979,22.524855,1,1,-1
1875,110.771634,34.434069,1,1,-1
1875,110.856364,39.179935,1,1,-2
1875,111.150149,36.419057,1,1,-1
1875,111.512657,35.703082,1,1,-2
1875,111.99614,39.16436,1,1,-2
1875,112.345775,35.421572,1,1,-2
1875,112.756646,34.915678,1,1,-2
1875,113.027601,34.695689,1,1,1
1875,113.379049,30.290531,1,1,-2
1875,113.384091,36.612552,1,1,1
1875,113.824642,34.045349,1,1,-1
1875,113.950214,33.83907,1,1,-1
1875,114.329707,38.077604,1,1,1
1875,114.440678,34.720748,2,2,-2
1875,114.789218,38.896392,1,1,1
1875,115.058402,38.917385,1,1,1
1875,115.164104,38.667253,1,1,1
1875,115.371853,33.891772,1,1,-2
1875,115.476275,38.731366,1,1,1
1875,115.587813,30.324486,1,1,-2
1875,115.928853,29.995718,1,1,-2
1875,115.964062,39.865015,1,1,1
1875,115.971944,25.916756,1,1,-2
1875,116.034228,39.25906,1,1,1
1875,116.565018,35.370941,1,1,1
1875,116.705411,36.722932,1,1,1
1875,116.794414,30.57652,1,1,-1
1875,117.391278,39.011594,1,1,1
1875,118.555799,36.355552,1,1,1
1875,118.575492,39.783481,2,1,1
1875,118.675336,40.031695,1,1,1
1875,118.880691,35.650541,1,1,1
1875,118.975431,39.911349,3,1,1
1875,119.385337,40.006979,1,1,1
1875,119.404196,36.01124,1,1,1
1875,119.942679,36.782432,1,1,1
1875,119.9914,37.184423,1,1,1
1875,120.180205,30.784307,1,1,-2
1875,121.323285,30.179805000000002,1,1,-2
1875,121.366093,29.614276,1,1,-2
1875,121.636161,31.230935,1,1,-1
1876,105.502077,29.466288,1,1,-2
1876,110.717005,36.15488,1,1,-1
1876,110.856364,39.179935,2,2,-2
1876,111.00087,36.706414,2,1,-1
1876,111.150149,36.419057,3,1,-1
1876,111.483293,22.688548,1,1,-2
1876,112.496367,37.8367,1,1,-1
1876,112.726518,37.40028,1,1,-1
1876,112.858822,35.467683,1,1,1
1876,113.027601,34.695689,1,1,1
1876,113.379049,30.290531,1,1,-2
1876,113.384091,36.612552,2,1,1
1876,113.736,37.557154,1,1,-2
1876,114.329707,38.077604,1,1,1
1876,114.440678,34.720748,1,1,-2
1876,114.488338,34.438027,1,1,-1
1876,115.045273,37.266765,1,1,-1
1876,115.058402,38.917385,1,1,1
1876,115.164104,38.667253,1,1,1
1876,115.371853,33.891772,1,1,-2
1876,115.476275,38.731366,1,1,1
1876,115.587813,30.324486,1,1,-2
1876,115.928853,29.995718,1,1,-2
1876,116.034228,39.25906,1,1,1
1876,116.186178,37.660684,1,1,-1
1876,116.375953,38.081701,1,1,-2
1876,116.484072,38.905601,1,1,-1
1876,116.492433,35.711764,1,1,-1
1876,116.565018,35.370941,2,2,1
1876,116.664142,37.88119,1,1,-1
1876,116.705411,36.722932,1,1,1
1876,116.803207,37.678126,1,1,-2
1876,117.495515,30.508803,1,1,-1
1876,117.569022,37.366248,1,1,-1
1876,117.876391,33.540753,1,1,-2
1876,118.555799,36.355552,1,1,1
1876,118.575492,39.783481,2,2,1
1876,118.675336,40.031695,1,1,-1
1876,118.824123,32.118003,2,1,1
1876,118.921746,33.658644,2,1,-1
1876,118.975431,39.911349,2,2,1
1876,119.385337,40.006979,1,1,1
1876,119.404196,36.01124,1,1,1
1876,119.490634,32.831306,2,1,-2
1876,119.634331,39.958169,1,1,-1
1876,119.874124,27.53544,1,1,-1
1876,119.981765,32.956244,1,1,-2
1876,120.015625,40.295726,1,1,-1
1876,120.061609,32.508067,1,1,-2
1876,120.180205,30.784307,1,1,-2
1876,121.289162,41.528335,1,1,-1
1876,121.323285,30.179805000000002,1,1,-2
1876,121.366093,29.614276,1,1,-1
1877,98.496231,25.273071,1,1,-1
1877,99.302832,25.88846,1,1,-2
1877,103.457998,26.458689,1,1,1
1877,105.737671,29.656974,1,1,-2
1877,105.802851,32.416535,1,1,-2
1877,105.822259,25.843788,1,1,-1
1877,108.406223,26.035733,1,1,-2
1877,108.997177,34.31605,2,1,-1
1877,109.136441,22.313843,1,1,-2
1877,109.452816,37.845802,1,1,-2
1877,109.798887,34.409983,1,1,-2
1877,110.016545,34.796995,1,1,-2
1877,110.457979,22.524855,1,1,-1
1877,110.699448,21.440841,1,1,-1
1877,110.770779,19.745448,1,1,-1
1877,110.893933,24.945243,1,1,-1
1877,111.00087,36.706414,1,1,-2
1877,111.150149,36.419057,2,1,-1
1877,111.239285,34.885707,1,1,-2
1877,111.817681,36.593259,1,1,-2
1877,112.12356,32.038704,1,1,-2
1877,112.496367,37.8367,5,2,-1
1877,112.64018,36.701548,2,1,-1
1877,112.669469,38.829925,1,1,-1
1877,112.79628,28.716401,1,1,-2
1877,112.858822,35.467683,1,1,1
1877,112.909285,26.420584,1,1,-2
1877,113.019823,38.507659,1,1,-1
1877,113.100409,39.784675,1,1,-1
1877,113.384091,36.612552,2,1,1
1877,113.463482,37.339663,1,1,-1
1877,113.756557,25.20394,2,2,-1
1877,114.018497,24.419215,1,1,-2
1877,114.045769,32.162489,2,1,-2
1877,114.222922,30.567491,1,1,-2
1877,114.440678,34.720748,1,1,-2
1877,114.488338,34.438027,1,1,-1
1877,114.752631,30.330987,1,1,-2
1877,115.24256,36.091722,1,1,1
1877,116.565018,35.370941,1,1,-2
1877,116.814339,31.306114,1,1,-2
1877,116.897453,34.699891,1,1,-1
1877,117.138699,37.021866,1,1,1
1877,117.495515,30.508803,1,1,-1
1877,118.961703,31.332019,1,1,-2
1877,119.404196,36.01124,2,2,-1
1877,119.490634,32.831306,1,1,-1
1877,119.69293,33.708995,3,2,-1
1877,119.874124,27.53544,2,2,0
1877,119.920709,31.748661,1,1,-2
1877,119.981765,32.956244,4,3,-2
1877,120.180205,30.784307,2,1,-2
1877,120.263248,32.034773,1,1,-2
1877,120.625761,31.01201,1,1,-2
1877,120.896588,30.899904,1,1,-1
1877,120.965531,29.408368,1,1,-2
1877,121.083117,31.126945,1,1,-1
1877,121.09057,30.713245,1,1,-2
1877,121.127022,31.551683,2,2,-1
1877,121.323285,30.179805000000002,1,1,-1
1877,121.496292,31.406519,1,1,-2
1877,121.721276,29.911732,2,1,-1
1878,105.539103,30.622227,1,1,-2
1878,105.802851,32.416535,1,1,-2
1878,105.808705,30.142046,1,1,-2
1878,108.406223,26.035733,1,1,-2
1878,108.703486,29.433461,1,1,-2
1878,109.452816,37.845802,1,1,-2
1878,109.798887,34.409983,1,1,-2
1878,110.016545,34.796995,1,1,-2
1878,110.308105,19.485155,1,1,-1
1878,110.457979,22.524855,1,1,-1
1878,110.699448,21.440841,2,1,-1
1878,110.96678,22.031322,1,1,-1
1878,111.00087,36.706414,1,1,-2
1878,111.60806,23.040709,1,1,-1
1878,111.817681,36.593259,1,1,-2
1878,112.12356,32.038704,1,1,-2
1878,112.276876,36.696715,1,1,-1
1878,112.345782,28.130859,1,1,-2
1878,112.3723,37.583745,1,1,-1
1878,112.496367,37.8367,2,1,-1
1878,112.590938,38.431261,1,1,-2
1878,112.64018,36.701548,4,2,-2
1878,112.765345,39.994142,1,1,-2
1878,112.77544,27.667837,1,1,-1
1878,112.79628,28.716401,1,1,-2
1878,112.909285,26.420584,1,1,-2
1878,112.92561,35.804133,3,2,-1
1878,112.943509,37.133396,1,1,-2
1878,112.97335,36.572961,1,1,-1
1878,113.019823,38.507659,1,1,-2
1878,113.028346,23.065631,1,1,-1
1878,113.181483,22.846525,1,1,-1
1878,113.35811,35.985173,1,1,-1
1878,113.384091,36.612552,1,1,1
1878,113.440685,22.889931,1,1,-1
1878,113.577562,24.802466,1,1,-2
1878,113.756557,25.20394,2,1,-2
1878,113.877259,22.937863,1,1,-1
1878,114.018497,24.419215,1,1,-2
1878,114.045769,32.162489,1,1,-2
1878,114.222922,30.567491,1,1,-2
1878,114.550079,33.518302,1,1,-1
1878,114.752631,30.330987,1,1,-2
1878,114.843793,30.070238,1,1,-2
1878,115.587813,30.324486,1,1,-2
1878,116.814339,31.306114,1,1,-2
1878,116.851657,38.313006,1,1,1
1878,117.391278,39.011594,2,2,-1
1878,118.961703,31.332019,1,1,-2
1878,119.337835,30.205199,1,1,-1
1878,119.404196,36.01124,1,1,-2
1878,119.69293,33.708995,2,2,-2
1878,119.874124,27.53544,3,3,0
1878,119.920709,31.748661,1,1,-2
1878,119.981765,32.956244,1,1,-2
1878,119.9914,37.184423,1,1,-2
1878,120.180205,30.784307,4,2,-2
1878,120.263248,32.034773,1,1,-2
1878,120.335992,31.567522,1,1,-2
1878,120.397516,31.224485,1,1,-2
1878,120.625761,31.01201,1,1,-2
1878,120.848944,37.655065,1,1,-2
1878,120.896588,30.899904,1,1,-1
1878,120.95298,31.323023,1,1,-2
1878,121.083117,31.126945,1,1,-1
1878,121.09057,30.713245,1,1,-2
1878,121.127022,31.551683,1,1,-2
1878,121.496292,31.406519,3,2,-2
1878,121.721276,29.911732,3,2,-1
1879,99.302832,25.88846,1,1,-1
1879,104.794094,30.882801,1,1,-2
1879,105.031031,31.113093,1,1,-1
1879,105.466798,31.245062,2,1,-2
1879,105.822259,25.843788,1,1,-2
1879,106.419803,31.00141,1,1,-2
1879,110.496161,34.897619,2,2,-2
1879,110.611939,34.710098,1,1,-1
1879,110.699448,21.440841,1,1,-1
1879,110.96678,22.031322,1,1,-1
1879,111.646104,36.32054,2,2,-2
1879,112.3723,37.583745,1,1,-1
1879,112.64018,36.701548,2,2,-2
1879,113.824642,34.045349,1,1,-2
1879,113.940302,35.026845,1,1,-1
1879,113.950214,33.83907,1,1,-1
1879,114.024349,33.602869,2,1,-2
1879,114.757134,35.218604,1,1,-1
1879,114.884114,33.705385,1,1,-1
1879,114.979465,30.654595,1,1,-2
1879,115.026691,34.395873,1,1,-2
1879,115.060585,35.174867,1,1,-2
1879,115.457071,35.281923,1,1,-2
1879,115.528814,36.529058,1,1,-2
1879,115.964062,39.865015,1,1,-1
1879,116.109214,34.737057,1,1,-1
1879,116.565018,35.370941,1,1,-2
1879,117.391278,39.011594,4,2,-1
1879,117.516503,34.850293,1,1,-1
1879,118.575492,39.783481,1,1,-2
1879,119.370599,31.423776,1,1,-1
1879,119.441771,36.825935,1,1,-1
1879,119.83493,29.995611,1,1,1
1879,119.9914,37.184423,2,1,-2
1879,120.848944,37.655065,1,1,-2
1879,120.888912,37.307065,1,1,-1
1879,120.95298,31.323023,1,1,-2
1879,121.249636,37.467374,1,1,-2
1879,121.496292,31.406519,1,1,-2
1880,104.794094,30.882801,1,1,-2
1880,104.832458,31.493443,2,1,-2
1880,107.703799,34.779636000000004,1,1,-1
1880,109.351306,31.509033,1,1,-2
1880,110.619357,35.145928,2,2,-1
1880,112.345782,28.130859,2,2,-1
1880,112.64018,36.701548,1,1,-2
1880,112.765345,39.994142,2,1,-2
1880,113.123221,37.82222,1,1,-2
1880,115.528814,36.529058,1,1,-2
1880,116.021003,35.279264,1,1,1
1880,116.538547,30.75048,1,1,-2
1880,116.579792,33.214988,1,1,-2
1880,116.79589,36.417181,1,1,-2
1880,117.495515,30.508803,1,1,-1
1880,118.880691,35.650541,1,1,1
1880,119.145637,36.328617,1,1,1
1880,119.404196,36.01124,1,1,-2
1880,119.503724,31.722212,1,1,-2
1880,119.9914,37.184423,1,1,-2
1880,120.431337,23.7092033,1,1,-2
1880,121.083117,31.126945,1,1,-2
1881,102.010102,23.586254,1,1,-2
1881,104.357507,25.465168,1,1,-1
1881,104.832458,31.493443,1,1,-2
1881,107.958765,31.983237,1,1,-2
1881,108.140527,22.874851,1,1,-1
1881,109.351306,31.509033,1,1,-2
1881,109.615169,34.967637,1,1,-2
1881,109.907519,32.726062,1,1,-2
1881,110.496161,34.897619,1,1,-1
1881,110.699448,21.440841,1,1,-1
1881,111.062603,25.453038,1,1,-2
1881,112.345782,28.130859,1,1,1
1881,112.3723,37.583745,1,1,-1
1881,112.445027,28.513175,1,1,-2
1881,112.858822,35.467683,1,1,-1
1881,112.909285,26.420584,1,1,-2
1881,113.187959,26.212501,1,1,-2
1881,113.457459,27.661007,1,1,-2
1881,114.752631,30.330987,1,1,-2
1881,114.877995,33.272712,1,1,-1
1881,114.979465,30.654595,1,1,-2
1881,115.540685,34.826094,1,1,-1
1881,115.587813,30.324486,1,1,-2
1881,115.619667,29.40058,1,1,-2
1881,116.021003,35.279264,1,1,1
1881,116.538547,30.75048,2,1,-2
1881,116.794414,30.57652,1,1,-2
1881,117.391278,39.011594,5,2,1
1881,118.627269,31.498771,1,1,-1
1881,118.880691,35.650541,1,1,1
1881,119.027201,31.595081,2,2,-2
1881,119.145637,36.328617,1,1,1
1881,119.19589,31.928152,1,1,-2
1881,119.370599,31.423776,1,1,-1
1881,119.404196,36.01124,1,1,-2
1881,119.490634,32.831306,1,1,1
1881,119.69293,33.708995,6,3,-2
1881,119.78552,31.358953,1,1,-1
1881,119.920709,31.748661,1,1,-1
1881,120.054135,33.30777,1,1,-2
1881,121.496292,31.406519,1,1,1
1882,107.958765,31.983237,1,1,-2
1882,109.221297,34.875364,1,1,-2
1882,109.351306,31.509033,1,1,-2
1882,109.615169,34.967637,1,1,-2
1882,110.016545,34.796995,1,1,-2
1882,110.699448,21.440841,2,1,-1
1882,112.400594,25.632114,1,1,-1
1882,114.829398,31.937477,1,1,-2
1882,116.579792,33.214988,1,1,-1
1882,117.342699,27.652942,1,1,-2
1882,117.391278,39.011594,1,1,1
1882,118.842952,37.018886,2,2,-1
1882,119.145637,36.328617,2,2,-1
1882,119.404196,36.01124,1,1,-2
1882,119.633618,31.95808,1,1,-1
1882,119.645608,27.054044,1,1,-2
1882,119.920709,31.748661,1,1,-2
1882,121.083117,31.126945,2,2,1
1882,121.145387,29.985842,2,1,-1
1882,121.251353,31.353075,3,2,-2
1882,121.494508,31.339228,4,3,-1
1882,121.496292,31.406519,2,2,1
1883,103.520738,30.716386,1,1,-1
1883,108.126288,34.777843,1,1,-1
1883,109.269495,33.691621,1,1,-2
1883,110.549079,24.13073,1,1,-2
1883,110.619357,35.145928,1,1,-2
1883,110.699448,21.440841,1,1,-1
1883,110.770779,19.745448,1,1,1
1883,113.882888,27.626653,1,1,-2
1883,114.829398,31.937477,1,1,-2
1883,115.371853,33.891772,1,1,-1
1883,116.579792,33.214988,1,1,-1
1883,117.391278,39.011594,1,1,-1
1883,117.876958,33.944061,1,1,-1
1883,118.842952,37.018886,2,2,-2
1883,119.145637,36.328617,2,1,1
1883,119.404196,36.01124,1,1,-2
1883,119.52399,29.280686,1,1,-2
1883,119.9914,37.184423,3,2,-1
1884,101.18698,23.09787,1,1,-1
1884,103.626671,34.740777,1,1,-2
1884,103.879674,36.390528,1,1,1
1884,107.435944,35.34752,1,1,-2
1884,110.174284,37.82237,1,1,-2
1884,110.771634,34.434069,1,1,-1
1884,118.824123,32.118003,1,1,-1
1884,118.842952,37.018886,2,1,1
1884,118.91285,36.537723,2,2,-1
1884,119.145637,36.328617,4,2,1
1884,119.404196,36.01124,1,1,1
1884,121.083117,31.126945,1,1,-1
1884,121.231712,30.833118,1,1,-1
1884,122.305905,40.616956,1,1,-2
1885,103.879674,36.390528,1,1,1
1885,112.920027,25.26662,1,1,-2
1885,115.190541,36.790743,1,1,-1
1885,116.186178,37.660684,1,1,-1
1885,118.842952,37.018886,1,1,1
1885,118.91285,36.537723,1,1,1
1885,119.145637,36.328617,2,1,1
1885,119.404196,36.01124,1,1,1
1885,119.69293,33.708995,1,1,0
1885,120.061609,32.508067,1,1,-2
1885,121.083117,31.126945,1,1,-1
1885,121.231712,30.833118,2,1,-1
1885,121.496292,31.406519,1,1,-1
1885,123.307449,41.19131,1,1,-2
1886,98.496231,25.273071,1,1,-1
1886,103.902482,35.526453,1,1,-2
1886,107.168524,29.136504,1,1,-2
1886,112.75974,32.089828,1,1,-2
1886,113.310965,24.221002,1,1,-2
1886,113.350148,35.303807,1,1,-2
1886,113.379049,30.290531,1,1,-2
1886,113.380395,35.04822,1,1,-2
1886,113.642265,35.195744,1,1,-2
1886,114.188351,34.009756,1,1,-2
1886,114.222922,30.567491,2,1,-2
1886,114.843793,30.070238,1,1,-2
1886,115.0764,31.213057,1,1,-2
1886,115.12872,29.825705,1,1,-2
1886,116.565018,35.370941,1,1,-2
1886,116.814339,31.306114,1,1,-2
1886,117.649859,32.469781,1,1,-2
1886,117.753294,33.134278,1,1,-2
1886,117.876391,33.540753,1,1,-2
1886,118.219272,37.18507,1,1,-2
1886,118.523523,32.032504,1,1,-2
1886,118.555799,36.355552,1,1,-2
1886,118.824123,32.118003,1,1,-2
1886,118.842952,37.018886,1,1,-2
1886,118.91285,36.537723,1,1,-1
1886,119.145637,36.328617,1,1,1
1886,119.19589,31.928152,1,1,-2
1886,119.370599,31.423776,1,1,-2
1886,119.503724,31.722212,1,1,-2
1886,119.69293,33.708995,1,1,0
1886,120.061609,32.508067,1,1,-2
1886,121.496292,31.406519,1,1,-2
1886,123.307449,41.19131,1,1,-2
1887,103.626671,34.740777,1,1,-2
1887,103.879674,36.390528,1,1,1
1887,104.721326,36.731512,1,1,1
1887,108.218811,34.293236,1,1,0
1887,109.15396,27.671839,1,1,-2
1887,109.250795,26.920053,1,1,-1
1887,109.674903,23.607749,1,1,-2
1887,111.973941,23.273644,1,1,-2
1887,112.345782,28.130859,1,1,-2
1887,112.445027,28.513175,1,1,-2
1887,112.665309,24.505855,1,1,-2
1887,112.75974,32.089828,1,1,-2
1887,112.97335,36.572961,1,1,-1
1887,113.027601,34.695689,1,1,-1
1887,113.346594,34.79618,1,1,-2
1887,113.350148,35.303807,1,1,-2
1887,113.379049,30.290531,1,1,-2
1887,113.380395,35.04822,1,1,-2
1887,113.655981,34.782404,1,1,-2
1887,114.045769,32.162489,2,1,-2
1887,114.188351,34.009756,1,1,-2
1887,114.222922,30.567491,6,2,-2
1887,114.603109,29.555069,2,2,1
1887,114.843793,30.070238,1,1,-2
1887,116.013494,29.640973,4,3,1
1887,116.23351,31.283136,1,1,-2
1887,116.794414,30.57652,1,1,-2
1887,116.814339,31.306114,1,1,-2
1887,117.650323,36.286172,1,1,-1
1887,117.753294,33.134278,2,2,-2
1887,117.876391,33.540753,1,1,-2
1887,117.974511,35.25341,1,1,-1
1887,118.28158,31.710054,1,1,-2
1887,118.312504,33.963181,1,1,-1
1887,118.523523,32.032504,2,1,-2
1887,118.784919,30.939445,1,1,-2
1887,118.824123,32.118003,1,1,-2
1887,118.842952,37.018886,1,1,-2
1887,119.370599,31.423776,1,1,-2
1887,119.461049,32.203049,1,1,-2
1887,119.490634,32.831306,1,1,-2
1887,119.981765,32.956244,1,1,-2
1887,121.494508,31.339228,1,1,-1
1887,121.496292,31.406519,1,1,-2
1888,103.879674,36.390528,2,1,1
1888,104.721326,36.731512,1,1,1
1888,106.307318,30.11438,1,1,-2
1888,108.218811,34.293236,1,1,0
1888,109.180511,23.661923,2,1,-2
1888,109.674903,23.607749,1,1,-2
1888,110.457979,22.524855,1,1,-2
1888,111.672709,24.303626,1,1,-2
1888,111.973941,23.273644,1,1,-2
1888,112.12356,32.038704,1,1,-2
1888,112.182912,25.315296,1,1,-2
1888,112.345782,28.130859,1,1,-2
1888,112.665309,24.505855,1,1,-2
1888,113.365183,23.231574,1,1,-1
1888,114.757134,35.218604,1,1,-1
1888,115.12872,29.825705,2,2,-2
1888,115.529159,35.801377,1,1,-1
1888,115.86364,36.144362,1,1,-1
1888,115.880455,35.608819,1,1,-1
1888,116.021003,35.279264,1,1,-1
1888,116.347494,23.591034,2,1,-2
1888,116.562335,35.01677,1,1,1
1888,117.974511,35.25341,1,1,-1
1888,118.090857,32.06522,1,1,-2
1888,118.28158,31.710054,1,1,-2
1888,118.555799,36.355552,1,1,1
1888,118.595391,28.577979,1,1,-1
1888,118.784919,30.939445,1,1,-2
1888,118.91285,36.537723,1,1,-2
1888,119.490634,32.831306,1,1,1
1888,120.180205,30.784307,1,1,-1
1888,121.231712,30.833118,2,1,-2
1889,103.879674,36.390528,1,1,1
1889,106.728033,31.785035,1,1,1
1889,107.825149,29.886565,1,1,-2
1889,109.895973,31.119414,1,1,-1
1889,110.771634,34.434069,1,1,-1
1889,112.12356,32.038704,1,1,-2
1889,113.463482,37.339663,1,1,-2
1889,113.655981,34.782404,1,1,-1
1889,114.636185,36.760061,1,1,-2
1889,114.686809,36.418043,1,1,-2
1889,115.12872,29.825705,1,1,-2
1889,115.24256,36.091722,1,1,-1
1889,117.391278,39.011594,3,2,-2
1889,118.05561,36.643938,1,1,-2
1889,118.090857,32.06522,1,1,-2
1889,118.555799,36.355552,1,1,1
1889,118.824123,32.118003,1,1,-1
1889,119.347178,26.144508,3,2,1
1889,119.638546,29.113251,1,1,-1
1889,121.09057,30.713245,1,1,-1
1889,121.251353,31.353075,1,1,-1
1889,121.366093,29.614276,1,1,1
1889,121.636161,31.230935,1,1,-1
1889,122.305905,40.616956,1,1,-2
1890,101.032621,25.093085,2,1,-1
1890,101.210609,25.50924,1,1,-2
1890,102.574867,24.610875,1,1,-1
1890,103.026385,29.925597,1,1,-2
1890,103.180869,24.940138,1,1,-1
1890,109.15396,27.671839,2,2,1
1890,109.41124,34.097776,1,1,-2
1890,110.457979,22.524855,1,1,-1
1890,114.660591,35.470076,1,1,-1
1890,115.371853,33.891772,1,1,-1
1890,116.058604,28.623079,1,1,-2
1890,117.391278,39.011594,1,1,1
1890,117.800173,24.736195,1,1,-2
1890,118.555799,36.355552,1,1,-1
1890,118.91285,36.537723,1,1,-1
1890,119.156925,36.791958,2,2,-2
1890,119.347178,26.144508,3,3,-2
1890,119.404196,36.01124,1,1,-1
1890,119.438411,28.404181,1,1,-2
1890,119.694363,36.38105,1,1,-1
1890,120.119623,30.234656,1,1,1
1891,103.026385,29.925597,1,1,-2
1891,103.970981,29.224454,1,1,1
1891,103.990386,28.697902,1,1,-2
1891,104.01028,31.293738,1,1,-2
1891,104.233536,35.995002,1,1,-2
1891,104.932287,28.897137,1,1,-2
1891,105.185362,35.208308,1,1,-1
1891,105.691962,34.947985,1,1,-1
1891,105.822259,25.843788,1,1,-2
1891,106.307318,30.11438,1,1,-2
1891,109.41124,34.097776,1,1,-2
1891,110.016545,34.796995,1,1,-1
1891,111.483293,22.688548,1,1,-2
1891,111.672709,24.303626,1,1,-2
1891,111.682061,22.218461,1,1,-2
1891,112.182912,25.315296,1,1,-2
1891,112.496367,37.8367,2,2,-1
1891,113.350148,35.303807,1,1,-1
1891,114.024349,33.602869,1,1,-1
1891,114.472757,37.051396,2,2,-1
1891,115.0764,31.213057,1,1,1
1891,116.565018,35.370941,1,1,-2
1891,116.853372,38.013247,1,1,-2
1891,117.391278,39.011594,1,1,-1
1891,117.468772,27.232468,1,1,-1
1891,117.605709,35.894811,1,1,-1
1891,117.662259,36.945603,1,1,-1
1891,117.800173,24.736195,1,1,-2
1891,118.024299,36.986652,1,1,-1
1891,118.05561,36.643938,1,1,-1
1891,118.153456,24.744127,1,1,-2
1891,118.273423,30.892843,1,1,-1
1891,118.555799,36.355552,1,1,-2
1891,118.842952,37.018886,1,1,-1
1891,118.880691,35.650541,1,1,-1
1891,118.91285,36.537723,1,1,-1
1891,119.145637,36.328617,2,1,-1
1891,119.156925,36.791958,4,3,-1
1891,119.404196,36.01124,1,1,-1
1891,119.441771,36.825935,1,1,-2
1891,119.557319,26.297516,1,1,-2
1891,119.83493,29.995611,1,1,1
1891,120.625761,31.01201,1,1,1
1891,120.74689,30.74445,1,1,1
1891,120.896588,30.899904,1,1,1
1891,121.366093,29.614276,2,2,1
1891,122.305905,40.616956,3,3,1
1892,102.700122,25.054449,1,1,-1
1892,103.363212,30.385076,1,1,-2
1892,103.383989,29.50359,1,1,-2
1892,103.990386,28.697902,1,1,-2
1892,104.01028,31.293738,1,1,-2
1892,104.031735,30.454726,2,2,1
1892,104.57766,28.038882,1,1,-2
1892,104.793539,29.810161,1,1,-2
1892,104.794094,30.882801,1,1,-2
1892,104.932287,28.897137,1,1,-2
1892,105.539103,30.622227,1,1,-2
1892,105.802851,32.416535,1,1,-2
1892,105.822259,25.843788,1,1,-2
1892,106.362896,35.441572,1,1,-1
1892,106.750834,30.588582,1,1,-2
1892,107.267676,30.68544,1,1,-2
1892,107.822402,22.521474,1,1,-1
1892,108.434346,32.451059,1,1,-2
1892,108.465833,22.628593,1,1,-2
1892,108.703486,29.433461,2,2,-2
1892,109.160293,36.921962,1,1,-2
1892,109.180511,23.661923,1,1,-2
1892,109.492321,25.742386,1,1,-1
1892,109.550168,35.740378,1,1,-2
1892,109.567959,23.093968,1,1,-2
1892,109.757707,24.018382,1,1,-2
1892,110.016545,34.796995,2,1,-2
1892,110.058312,25.297679,1,1,-2
1892,110.350647,24.523701,1,1,-2
1892,110.438593,19.807475,1,1,-2
1892,110.608911,36.731291,2,2,-2
1892,110.611939,34.710098,1,1,-2
1892,110.619357,35.145928,1,1,-2
1892,110.642576,27.832283,1,1,-1
1892,110.699448,21.440841,1,1,-2
1892,110.71989,35.382397,1,1,-2
1892,111.157892,35.627343,1,1,-2
1892,111.483293,22.688548,1,1,-2
1892,111.682061,22.218461,2,1,-2
1892,111.78954,34.836361,1,1,-2
1892,111.899241,35.949507,1,1,-2
1892,111.974265,25.650303,1,1,-2
1892,111.997073,36.304664,1,1,-2
1892,112.166876,23.969216,1,1,-2
1892,112.182912,25.315296,1,1,-2
1892,112.275558,22.238355,2,1,-2
1892,112.294898,36.157182,1,1,-2
1892,112.665309,24.505855,1,1,-2
1892,112.931745,23.826663,1,1,-2
1892,113.072675,36.021537,1,1,-2
1892,113.24051300000001,25.243834,1,1,-2
1892,113.365183,23.231574,1,1,-2
1892,113.457459,27.661007,1,1,-1
1892,113.756557,25.20394,1,1,-2
1892,113.882888,27.626653,1,1,-2
1892,114.018497,24.419215,2,1,-2
1892,114.102496,24.844709,1,1,-2
1892,114.186654,25.673963,1,1,-2
1892,114.440678,34.720748,1,1,-2
1892,114.472757,37.051396,1,1,1
1892,115.24256,36.091722,1,1,-2
1892,115.797805,33.78086,1,1,-2
1892,115.877327,40.947453,1,1,-2
1892,116.058604,28.623079,1,1,-2
1892,116.185721,24.362739,1,1,-2
1892,116.565018,35.370941,1,1,-2
1892,116.626431,23.71796,1,1,-2
1892,116.651049,24.340841,2,1,-2
1892,116.778629,26.817175,1,1,-2
1892,116.807219,25.598784,1,1,-2
1892,117.391278,39.011594,2,2,-2
1892,117.650323,36.286172,1,1,-2
1892,117.753294,33.134278,1,1,-2
1892,117.800173,24.736195,1,1,-2
1892,117.974511,35.25341,1,1,-2
1892,118.126193,25.387764,1,1,-2
1892,118.244928,25.667096,3,1,-2
1892,118.273423,30.892843,1,1,-2
1892,118.312504,33.963181,1,1,-1
1892,118.555799,36.355552,1,1,-2
1892,118.824123,32.118003,1,1,-2
1892,118.880691,35.650541,2,1,-1
1892,118.961703,31.332019,1,1,-2
1892,119.156925,36.791958,1,1,-2
1892,119.337835,30.205199,2,1,-2
1892,119.367906,29.483861,1,1,-2
1892,119.490634,32.831306,1,1,-2
1892,119.579315,23.571189,2,2,-2
1892,119.633618,31.95808,1,1,-2
1892,119.78552,31.358953,2,1,-2
1892,119.83493,29.995611,2,2,1
1892,119.981765,32.956244,1,1,-2
1892,120.061609,32.508067,1,1,-2
1892,120.180205,30.784307,1,1,-2
1892,120.357725,30.161039,1,1,-2
1892,120.397516,31.224485,2,1,-2
1892,120.568183,32.264155,1,1,-1
1892,120.590028,30.449647,1,1,-2
1892,120.625761,31.01201,1,1,-2
1892,120.74689,30.74445,1,1,-2
1892,120.821426,24.560159,2,1,-2
1892,120.896588,30.899904,1,1,1
1892,120.95298,31.323023,1,1,-2
1892,121.09057,30.713245,1,1,-2
1892,121.145387,29.985842,1,1,-2
1892,121.207132,28.851324,1,1,-2
1892,121.231712,30.833118,1,1,-2
1892,121.251353,31.353075,1,1,-2
1892,121.309149,31.968423,1,1,-2
1892,121.323285,30.179805000000002,1,1,-2
1892,121.366093,29.614276,1,1,-2
1892,121.443222,29.310874,1,1,-2
1892,121.496292,31.406519,1,1,-2
1892,121.721276,29.911732,1,1,-2
1892,121.736145,31.023522,1,1,-2
1892,121.843877,29.376544,1,1,-2
1892,122.149692,29.978884,1,1,-2
1893,101.210609,25.50924,1,1,-1
1893,103.363212,30.385076,1,1,-2
1893,103.383989,29.50359,1,1,-2
1893,103.605343,27.428623,1,1,-2
1893,103.970981,29.224454,1,1,-2
1893,104.031735,30.454726,1,1,-2
1893,104.043255,29.640109,1,1,-2
1893,104.57766,28.038882,1,1,-2
1893,104.793539,29.810161,1,1,-2
1893,104.794094,30.882801,1,1,-2
1893,104.832458,31.493443,1,1,-2
1893,105.388994,29.994098,1,1,-2
1893,105.539103,30.622227,1,1,-2
1893,106.307318,30.11438,1,1,-2
1893,106.750834,30.588582,1,1,-2
1893,106.872293,28.406665,1,1,-1
1893,107.168524,29.136504,1,1,-2
1893,107.822402,22.521474,2,2,-1
1893,108.434346,32.451059,1,1,-2
1893,108.465833,22.628593,1,1,-2
1893,108.540187,34.376811,1,1,-2
1893,108.58194,34.002859,1,1,-2
1893,108.703486,29.433461,2,2,-2
1893,108.930351,23.165161,1,1,-2
1893,109.136441,22.313843,1,1,-2
1893,109.172186,21.451141,1,1,-2
1893,109.180511,23.661923,1,1,-2
1893,109.345547,21.699334,1,1,-2
1893,109.550168,35.740378,1,1,-2
1893,109.567959,23.093968,1,1,-2
1893,109.674903,23.607749,1,1,-2
1893,109.757707,24.018382,1,1,-2
1893,109.980728,22.684493,2,2,-1
1893,110.016545,34.796995,1,1,-2
1893,110.058312,25.297679,1,1,-2
1893,110.074161,23.330039,2,1,-2
1893,110.130812,21.642227,1,1,-2
1893,110.262212,22.247404,1,1,-2
1893,110.350647,24.523701,1,1,-2
1893,110.438593,19.807475,1,1,-2
1893,110.457979,22.524855,1,1,-2
1893,110.601617,22.829626,1,1,-2
1893,110.608911,36.731291,1,1,-2
1893,110.611939,34.710098,1,1,-2
1893,110.619357,35.145928,1,1,-2
1893,110.699448,21.440841,2,1,-2
1893,110.71989,35.382397,1,1,-2
1893,110.771634,34.434069,1,1,-2
1893,111.157892,35.627343,1,1,-2
1893,111.239285,34.885707,2,2,-2
1893,111.60806,23.040709,1,1,-2
1893,111.672709,24.303626,1,1,-2
1893,111.682061,22.218461,1,1,-2
1893,111.899241,35.949507,1,1,-2
1893,111.973941,23.273644,1,1,-2
1893,111.974265,25.650303,1,1,-2
1893,111.997073,36.304664,1,1,-2
1893,112.028649,21.916734,1,1,-2
1893,112.166876,23.969216,1,1,-2
1893,112.275558,22.238355,2,1,-2
1893,112.294898,36.157182,1,1,-2
1893,112.481079,23.105724,1,1,-2
1893,112.537606,22.371005,1,1,-2
1893,112.665309,24.505855,1,1,-2
1893,112.668933,23.430591,1,1,-2
1893,112.671022,22.81968,1,1,-2
1893,112.707218,22.026497,2,1,-2
1893,112.931745,23.826663,2,2,-1
1893,113.028346,23.065631,1,1,-2
1893,113.072675,36.021537,1,1,-2
1893,113.181483,22.846525,1,1,-2
1893,113.24051300000001,25.243834,1,1,-2
1893,113.310965,24.221002,1,1,-2
1893,113.377292,22.519411,1,1,-2
1893,113.440685,22.889931,1,1,-2
1893,113.743824,23.337513,1,1,-2
1893,113.877259,22.937863,1,1,-2
1893,113.877453,29.739825,1,1,-1
1893,114.018497,24.419215,1,1,-2
1893,114.102496,24.844709,1,1,-2
1893,114.127189,23.668627,1,1,-2
1893,114.186654,25.673963,1,1,-2
1893,114.188351,34.009756,1,1,-2
1893,114.440678,34.720748,1,1,-2
1893,115.000017,24.44484,1,1,-2
1893,115.24256,36.091722,1,1,-2
1893,115.797805,33.78086,1,1,-2
1893,116.185721,24.362739,1,1,-2
1893,116.357326,25.69121,1,1,-2
1893,116.556013,25.118163,1,1,-2
1893,116.626431,23.71796,1,1,-2
1893,116.651049,24.340841,2,1,-2
1893,116.812912,24.754797,1,1,-2
1893,117.073119,25.213487,2,2,-2
1893,117.342699,27.652942,1,1,-2
1893,117.562942,37.597476,1,1,-2
1893,117.650323,36.286172,3,2,1
1893,117.753294,33.134278,1,1,-2
1893,117.800173,24.736195,1,1,-2
1893,117.80509,25.788514,1,1,-2
1893,117.974511,35.25341,1,1,-2
1893,118.024299,36.986652,1,1,-2
1893,118.025581,24.57279,1,1,-1
1893,118.126193,25.387764,1,1,-2
1893,118.153456,24.744127,2,2,-2
1893,118.244928,25.667096,1,1,-2
1893,118.368991,24.450711,1,1,-1
1893,118.377411,31.379308,2,2,-1
1893,118.824123,32.118003,1,1,-2
1893,119.057288,25.445707,2,1,-2
1893,119.080278,28.521588,1,1,-2
1893,119.337835,30.205199,3,1,-2
1893,119.367906,29.483861,1,1,-2
1893,119.490634,32.831306,2,2,-2
1893,119.503724,31.722212,1,1,-2
1893,119.549308,25.909991,1,1,-2
1893,119.579315,23.571189,2,2,-2
1893,119.606003,27.897767,1,1,-2
1893,119.633618,31.95808,1,1,-2
1893,119.638546,29.113251,1,1,-2
1893,119.755383,25.531928,1,1,-2
1893,119.78552,31.358953,2,1,-2
1893,119.83493,29.995611,1,1,-2
1893,119.981193,26.8636,1,1,-2
1893,119.981765,32.956244,2,2,-2
1893,120.061609,32.508067,3,3,-2
1893,120.180205,30.784307,2,1,-2
1893,120.255461,23.451842,1,1,-2
1893,120.357725,30.161039,1,1,-2
1893,120.397516,31.224485,1,1,-2
1893,120.431337,23.7092033,1,1,-2
1893,120.472939,27.82982,1,1,-2
1893,120.568183,32.264155,1,1,-1
1893,120.590028,30.449647,1,1,-2
1893,120.625761,31.01201,1,1,-2
1893,120.74689,30.74445,2,1,-2
1893,120.821426,24.560159,3,1,-2
1893,120.896588,30.899904,2,1,-2
1893,120.95298,31.323023,2,1,-2
1893,121.083117,31.126945,1,1,-2
1893,121.09057,30.713245,1,1,-2
1893,121.145387,29.985842,1,1,-2
1893,121.207132,28.851324,1,1,-2
1893,121.231712,30.833118,2,1,-2
1893,121.251353,31.353075,1,1,-2
1893,121.309149,31.968423,1,1,-2
1893,121.323285,30.179805000000002,1,1,-2
1893,121.366093,29.614276,4,2,-2
1893,121.403967,28.40108,1,1,-2
1893,121.443222,29.310874,1,1,-2
1893,121.494508,31.339228,1,1,-2
1893,121.496292,31.406519,1,1,-2
1893,121.721276,29.911732,1,1,-2
1893,121.843877,29.376544,1,1,-2
1893,122.149692,29.978884,1,1,-2
1893,122.851432,42.005481,1,1,-2
1894,103.180869,24.940138,1,1,-2
1894,104.139763,26.273787,1,1,-2
1894,106.601459,35.200482,1,1,-2
1894,106.897672,27.702517,1,1,-2
1894,110.040906,34.533134,1,1,-2
1894,110.699448,21.440841,1,1,-2
1894,114.603109,29.555069,4,3,-2
1894,115.001002,36.498009,1,1,-1
1894,116.186178,37.660684,1,1,-2
1894,116.315022,33.96941,1,1,-1
1894,116.853372,38.013247,1,1,-2
1894,117.073119,25.213487,1,1,-2
1894,117.342699,27.652942,1,1,-2
1894,117.562942,37.597476,2,1,-2
1894,117.569022,37.366248,1,1,-2
1894,117.650323,36.286172,1,1,1
1894,118.024299,36.986652,1,1,-2
1894,118.377411,31.379308,1,1,-1
1894,118.382185,35.106435,1,1,-1
1894,118.824123,32.118003,1,1,1
1894,119.490634,32.831306,1,1,1
1894,119.633618,31.95808,1,1,-2
1894,119.981765,32.956244,1,1,1
1894,120.26852,29.69283,1,1,-1
1894,121.270349,41.151215,2,1,-2
1894,122.851432,42.005481,1,1,-2
1895,103.851153,30.252468,1,1,-1
1895,103.970981,29.224454,1,1,-2
1895,104.043255,29.640109,1,1,-2
1895,105.031031,31.113093,1,1,-2
1895,105.388994,29.994098,1,1,-2
1895,106.419803,31.00141,2,1,-1
1895,107.697845,27.39248,1,1,-2
1895,109.158053,22.771709,1,1,1
1895,109.345547,21.699334,1,1,-2
1895,109.674903,23.607749,2,2,-1
1895,109.798887,34.409983,1,1,-2
1895,110.058312,25.297679,4,2,-1
1895,110.262212,22.247404,1,1,-1
1895,110.601617,22.829626,1,1,-2
1895,110.642576,27.832283,1,1,-2
1895,111.672709,24.303626,1,1,-1
1895,111.78954,34.836361,1,1,-2
1895,111.997073,36.304664,1,1,-1
1895,112.294898,36.157182,1,1,-1
1895,113.346594,34.79618,1,1,-2
1895,114.045769,32.162489,1,1,-2
1895,114.188351,34.009756,1,1,-1
1895,114.440678,34.720748,1,1,-2
1895,114.761114,28.45194,1,1,-1
1895,114.877995,33.272712,1,1,-1
1895,115.240925,36.301099,1,1,-2
1895,115.24256,36.091722,1,1,-2
1895,115.760293,30.869218,1,1,-2
1895,115.797805,33.78086,1,1,-1
1895,116.186178,37.660684,1,1,-2
1895,116.538547,30.75048,1,1,-2
1895,116.663243,26.304059,2,1,-2
1895,116.851657,38.313006,1,1,-1
1895,117.113008,26.862022,1,1,-2
1895,117.650323,36.286172,1,1,-2
1895,117.779725,37.931604,1,1,-1
1895,117.974511,35.25341,1,1,-2
1895,118.273423,30.892843,1,1,-2
1895,118.319558,29.185184,2,2,-2
1895,118.555799,36.355552,1,1,-2
1895,118.824123,32.118003,3,2,-2
1895,118.894659,28.955098,1,1,-1
1895,118.978419,26.918738,1,1,1
1895,119.19589,31.928152,1,1,-1
1895,119.370599,31.423776,1,1,-2
1895,120.335992,31.567522,1,1,-2
1895,120.74689,30.74445,1,1,-2
1895,121.083117,31.126945,2,1,-1
1895,121.207132,28.851324,2,1,-1
1895,121.231712,30.833118,1,1,-1
1895,121.251353,31.353075,1,1,-2
1895,121.270349,41.151215,2,1,-2
1895,121.496292,31.406519,1,1,-2
1896,100.175292,25.24144,1,1,-2
1896,101.210609,25.50924,1,1,-1
1896,101.730574,24.027123,1,1,-2
1896,102.574867,24.610875,1,1,-2
1896,102.586614,25.940396,1,1,-2
1896,102.700122,25.054449,1,1,-2
1896,102.879665,23.678477,2,1,-2
1896,102.986897,24.281977,1,1,-2
1896,103.487253,23.340084,1,1,-2
1896,103.515833,25.370647,1,1,-2
1896,103.520738,30.716386,1,1,-2
1896,103.698986,25.03936,1,1,-2
1896,104.338963,24.977843,1,1,-2
1896,105.031031,31.113093,1,1,-2
1896,106.069028,30.782265,1,1,-1
1896,106.419803,31.00141,1,1,-1
1896,106.750834,30.588582,3,1,-1
1896,107.267676,30.68544,1,1,-2
1896,107.43144,30.254573,1,1,1
1896,107.825149,29.886565,1,1,-1
1896,110.699448,21.440841,1,1,-2
1896,111.78954,34.836361,1,1,-2
1896,114.045769,32.162489,1,1,-2
1896,114.222922,30.567491,1,1,-2
1896,115.24256,36.091722,2,2,-1
1896,116.168725,36.579578,1,1,-2
1896,117.391278,39.011594,1,1,-2
1896,117.516503,34.850293,1,1,-2
1896,117.650323,36.286172,1,1,-2
1896,118.28158,31.710054,1,1,-1
1896,118.824123,32.118003,2,2,-1
1896,118.842952,37.018886,1,1,-2
1896,119.981193,26.8636,1,1,-1
1896,120.061609,32.508067,2,1,-2
1896,122.445574,40.227777,1,1,-2
1896,122.920658,39.851412,1,1,-2
1897,102.019361,25.183706,1,1,-1
1897,104.607628,30.722965,1,1,1
1897,106.750834,30.588582,1,1,-1
1897,106.977646,30.946431,1,1,-2
1897,108.434346,32.451059,1,1,-2
1897,109.966649,29.010929,1,1,-2
1897,111.78954,34.836361,1,1,-1
1897,112.345782,28.130859,1,1,-2
1897,112.445027,28.513175,1,1,-1
1897,113.743824,23.337513,1,1,1
1897,114.188351,34.009756,1,1,-2
1897,114.603109,29.555069,2,2,-1
1897,115.24256,36.091722,1,1,1
1897,116.168725,36.579578,1,1,-2
1897,116.807219,25.598784,1,1,-2
1897,117.342699,27.652942,2,2,-2
1897,117.516503,34.850293,1,1,-2
1897,117.650323,36.286172,1,1,-2
1897,118.824123,32.118003,4,2,1
1897,118.842952,37.018886,2,1,-2
1897,120.255461,23.451842,1,1,-2
1897,120.357725,30.161039,1,1,1
1898,101.210609,25.50924,2,1,-1
1898,108.434346,32.451059,1,1,-2
1898,113.346594,34.79618,2,1,-1
1898,113.380395,35.04822,1,1,1
1898,114.829398,31.937477,1,1,-1
1898,114.877995,33.272712,1,1,-1
1898,115.24256,36.091722,1,1,-1
1898,115.843575,32.916121,1,1,-2
1898,116.889881,37.226715,1,1,1
1898,118.05561,36.643938,1,1,-2
1898,118.824123,32.118003,2,2,1
1898,118.837253,32.406633,1,1,-2
1898,118.842952,37.018886,1,1,-2
1898,119.490634,32.831306,1,1,-2
1898,120.061609,32.508067,1,1,-2
1898,120.357725,30.161039,1,1,1
1898,121.251353,31.353075,1,1,-1
1899,101.210609,25.50924,1,1,-2
1899,106.284937,26.407725,1,1,-1
1899,107.037331,27.073413,2,1,-1
1899,107.679721,34.408642,2,1,1
1899,108.540187,34.376811,1,1,-1
1899,108.766174,34.611552,1,1,-1
1899,108.799238,37.477835,1,1,-1
1899,109.798887,34.409983,1,1,-1
1899,110.608911,36.731291,1,1,-2
1899,110.642576,27.832283,1,1,-2
1899,110.889228,37.954979,1,1,-1
1899,111.834605,33.223129,2,1,-1
1899,112.12356,32.038704,1,1,-2
1899,113.380395,35.04822,1,1,1
1899,113.756557,25.20394,1,1,-2
1899,114.222922,30.567491,1,1,-2
1899,114.414055,37.799363,1,1,1
1899,114.697842,25.827402,1,1,-2
1899,115.0764,31.213057,1,1,-2
1899,115.24256,36.091722,4,1,-1
1899,115.86364,36.144362,1,1,-1
1899,116.162124,38.23564,1,1,-2
1899,116.170244,30.493943,1,1,-1
1899,116.663243,26.304059,1,1,-2
1899,116.803207,37.678126,1,1,-1
1899,117.662259,36.945603,1,1,1
1899,118.555799,36.355552,1,1,-2
1899,118.824123,32.118003,1,1,-1
1899,119.438411,28.404181,1,1,-2
1899,119.503724,31.722212,1,1,-2
1899,120.26852,29.69283,1,1,-1
1899,120.472939,27.82982,1,1,-1
1899,120.625761,31.01201,1,1,-2
1900,102.700122,25.054449,1,1,1
1900,104.357507,25.465168,1,1,-1
1900,106.284937,26.407725,1,1,-1
1900,106.727116,26.57191,1,1,-1
1900,107.037331,27.073413,1,1,-2
1900,107.480243,27.755353,1,1,0
1900,107.679721,34.408642,2,1,1
1900,107.822402,22.521474,1,1,1
1900,108.997177,34.31605,1,1,-1
1900,109.250795,26.920053,1,1,-2
1900,109.615169,34.967637,1,1,-1
1900,110.016545,34.796995,1,1,-1
1900,110.058312,25.297679,1,1,-2
1900,111.899241,35.949507,1,1,-1
1900,111.997073,36.304664,1,1,-1
1900,112.12356,32.038704,1,1,-2
1900,112.294898,36.157182,1,1,-1
1900,112.345782,28.130859,1,1,-1
1900,112.97335,36.572961,1,1,-1
1900,113.181483,22.846525,1,1,1
1900,113.877453,29.739825,1,1,-1
1900,114.222922,30.567491,1,1,-2
1900,114.414055,37.799363,1,1,1
1900,114.697842,25.827402,1,1,-2
1900,114.803023,38.045109,1,1,-2
1900,114.979465,30.654595,1,1,-2
1900,115.0764,31.213057,1,1,-2
1900,115.077955,37.982215,1,1,-2
1900,115.185699,37.076712,1,1,-2
1900,115.240925,36.301099,1,1,-1
1900,115.24256,36.091722,2,1,-1
1900,115.253926,37.48851,1,1,-1
1900,115.285685,36.609466,1,1,-1
1900,115.463244,38.876017,1,1,1
1900,115.528814,36.529058,1,1,-1
1900,115.620694,40.340792,1,1,-2
1900,115.843575,32.916121,1,1,1
1900,115.86364,36.144362,1,1,-1
1900,115.964062,39.865015,1,1,-1
1900,116.028841,37.008026,1,1,-1
1900,116.168725,36.579578,1,1,-2
1900,116.835172,38.560407,1,1,-1
1900,117.999016,27.745963,1,1,-2
1900,118.242298,26.586157,2,1,-2
1900,118.473506,27.041753,1,1,-2
1900,118.510969,27.941544,1,1,-2
1900,118.555799,36.355552,2,1,-2
1900,118.824123,32.118003,1,1,-1
1900,119.438411,28.404181,1,1,-2
1900,120.119623,30.234656,1,1,-2
1900,120.472939,27.82982,3,2,-2
1900,120.625761,31.01201,1,1,-2
1900,121.083117,31.126945,1,1,-2
1900,121.231712,30.833118,1,1,-2
1901,100.792112,24.389131,1,1,-1
1901,102.574867,24.610875,1,1,-2
1901,102.700122,25.054449,2,2,1
1901,103.495597,36.132975,1,1,-2
1901,103.626671,34.740777,1,1,-1
1901,103.627514,31.037096,1,1,-1
1901,107.679721,34.408642,2,1,1
1901,108.275909,25.098637,1,1,1
1901,109.410737,32.900944,1,1,1
1901,109.427209,28.427372,1,1,-2
1901,109.615169,34.967637,1,1,-1
1901,109.757707,24.018382,1,1,-2
1901,110.016545,34.796995,2,1,-1
1901,110.619357,35.145928,1,1,-2
1901,110.931171,35.920682,1,1,-1
1901,111.483293,22.688548,1,1,-2
1901,111.834605,33.223129,1,1,-2
1901,112.028571,34.483696,2,2,-1
1901,112.445027,28.513175,1,1,1
1901,113.877453,29.739825,1,1,-1
1901,113.911405,33.369256,1,1,1
1901,114.884114,33.705385,1,1,-2
1901,114.979465,30.654595,1,1,-2
1901,115.528814,36.529058,2,2,1
1901,115.769528,36.774602,1,1,1
1901,115.843575,32.916121,1,1,1
1901,116.492433,35.711764,1,1,-1
1901,116.835172,38.560407,1,1,-2
1901,117.391278,39.011594,1,1,-2
1901,118.055436,27.4046,1,1,-2
1901,118.555799,36.355552,1,1,-2
1901,118.824123,32.118003,2,2,-1
1901,119.638546,29.113251,1,1,-2
1901,119.83493,29.995611,1,1,1
1902,102.700122,25.054449,1,1,-2
1902,103.265746,36.609801,1,1,-1
1902,106.152635,33.378178,1,1,-1
1902,107.399237,28.503243,1,1,1
1902,107.410933,27.168858,1,1,-1
1902,109.410737,32.900944,1,1,1
1902,109.427209,28.427372,1,1,-2
1902,110.040906,34.533134,1,1,-1
1902,111.60806,23.040709,1,1,-1
1902,111.834605,33.223129,1,1,-2
1902,112.276876,36.696715,1,1,-1
1902,112.665309,24.505855,1,1,-2
1902,112.756646,34.915678,1,1,-1
1902,112.95473,36.881944,1,1,-1
1902,113.463482,37.339663,1,1,-1
1902,114.045769,32.162489,1,1,1
1902,114.646056,38.6983,1,1,1
1902,115.077955,37.982215,1,1,1
1902,115.769528,36.774602,1,1,1
1902,115.891692,39.051086,1,1,1
1902,115.964062,39.865015,3,2,-1
1902,116.484072,38.905601,1,1,1
1902,116.572185,39.102738,1,1,1
1902,118.055436,27.4046,1,1,-1
1902,118.244928,25.667096,1,1,-2
1902,118.555799,36.355552,1,1,-2
1902,118.824123,32.118003,1,1,1
1902,120.472939,27.82982,1,1,1
1903,106.750834,30.588582,2,1,-1
1903,107.399237,28.503243,1,1,1
1903,110.965758,24.103024,1,1,-2
1903,115.825643,28.738125,1,1,-1
1903,115.964062,39.865015,3,3,-2
1903,116.162124,38.23564,1,1,-1
1903,116.357326,25.69121,1,1,-2
1903,116.72401,39.799723,1,1,-1
1903,117.194373,37.322914,1,1,-1
1903,117.650323,36.286172,1,1,-1
1903,118.555799,36.355552,1,1,-2
1903,120.119623,30.234656,1,1,-1
1903,120.472939,27.82982,4,2,-1
1903,121.251353,31.353075,1,1,-1
1903,121.494508,31.339228,1,1,-1
1903,121.954741,41.197341,1,1,-2
1904,103.495597,36.132975,1,1,-2
1904,104.235041,30.675091,1,1,1
1904,110.965758,24.103024,1,1,-2
1904,112.75974,32.089828,1,1,-1
1904,114.489139,40.55092,1,1,-1
1904,114.697842,25.827402,1,1,-2
1904,115.048022,40.547444,1,1,-2
1904,115.964062,39.865015,2,2,-2
1904,116.278326,23.911743,1,1,-1
1904,116.853372,38.013247,2,2,-1
1904,117.391278,39.011594,2,2,-1
1904,118.842952,37.018886,1,1,-1
1904,119.83493,29.995611,1,1,1
1904,120.472939,27.82982,1,1,-1
1904,121.667038,39.072158,1,1,-1
1905,105.929163,34.410691,1,1,-2
1905,109.427209,28.427372,1,1,1
1905,111.997073,36.304664,1,1,-2
1905,112.345782,28.130859,1,1,-2
1905,114.277937,27.83855,1,1,-2
1905,115.964062,39.865015,2,2,-1
1905,116.794414,30.57652,3,1,-2
1905,116.889881,37.226715,1,1,1
1905,117.113008,26.862022,1,1,-1
1905,117.391278,39.011594,3,3,1
1905,117.562942,37.597476,1,1,1
1905,118.824123,32.118003,3,2,-1
1905,119.438411,28.404181,1,1,-2
1905,119.503724,31.722212,1,1,-2
1905,119.83493,29.995611,1,1,1
1905,120.472939,27.82982,4,2,-2
1905,121.231712,30.833118,5,3,-2
1906,101.210609,25.50924,1,1,-2
1906,104.879052,34.673354,1,1,-2
1906,105.929163,34.410691,1,1,-2
1906,106.362896,35.441572,1,1,-1
1906,109.427209,28.427372,1,1,-2
1906,110.323305,25.176213,1,1,-1
1906,111.997073,36.304664,1,1,-2
1906,112.995361,28.170764,1,1,-2
1906,115.964062,39.865015,2,2,0
1906,116.272901,36.323986,1,1,-2
1906,116.538547,30.75048,1,1,-1
1906,118.824123,32.118003,1,1,-1
1906,119.490634,32.831306,1,1,-2
1906,120.472939,27.82982,2,2,-2
1907,101.210609,25.50924,1,1,-1
1907,104.357507,25.465168,1,1,-1
1907,110.608911,36.731291,1,1,1
1907,110.619357,35.145928,1,1,1
1907,111.370097,35.869675,1,1,-1
1907,115.964062,39.865015,1,1,-2
1907,117.662259,36.945603,1,1,-2
1907,119.441771,36.825935,1,1,0
1907,121.231712,30.833118,1,1,-1
1908,101.320649,24.868338,1,1,-1
1908,103.495597,36.132975,1,1,-2
1908,103.902482,35.526453,2,1,-1
1908,105.667135,36.600985,1,1,-2
1908,106.246147,36.153669,1,1,-2
1908,109.41124,34.097776,1,1,-2
1908,111.370097,35.869675,1,1,-1
1908,111.899241,35.949507,1,1,-2
1908,114.470919,35.037312,1,1,-2
1908,115.240925,36.301099,1,1,-2
1908,116.853372,38.013247,1,1,-2
1908,116.889881,37.226715,1,1,-1
1908,117.562942,37.597476,1,1,-1
1908,117.786712,24.401722,1,1,-1
1908,118.557979,29.868351,1,1,-2
1908,118.824123,32.118003,1,1,-1
1908,119.490634,32.831306,1,1,-2
1908,120.397516,31.224485,1,1,-1
1909,104.607628,30.722965,1,1,-2
1909,109.41124,34.097776,1,1,-2
1909,114.550079,33.518302,1,1,-1
1909,115.240925,36.301099,2,1,-2
1909,116.705411,36.722932,1,1,-1
1909,116.889881,37.226715,1,1,-1
1909,116.897453,34.699891,1,1,-1
1909,117.194373,37.322914,1,1,-1
1909,117.662259,36.945603,1,1,-2
1909,118.557979,29.868351,1,1,-2
1909,118.824123,32.118003,1,1,1
1909,120.397516,31.224485,1,1,-1
1909,120.472939,27.82982,1,1,-2
1910,108.885276,32.811233,1,1,-2
1910,110.965758,24.103024,1,1,-2
1910,111.78954,34.836361,1,1,-2
1910,112.115581,34.83108,1,1,-2
1910,112.400594,25.632114,1,1,-2
1910,113.380395,35.04822,1,1,-2
1910,113.426713,34.510027,1,1,-1
1910,113.824642,34.045349,1,1,-2
1910,113.950214,33.83907,1,1,-2
1910,115.060585,35.174867,1,1,-1
1910,116.021003,35.279264,1,1,-2
1910,116.028841,37.008026,1,1,1
1910,116.081526,37.234976,1,1,-1
1910,116.421878,37.146913,1,1,-1
1910,116.654207,37.410006,2,2,-1
1910,116.853372,38.013247,1,1,-2
1910,116.889881,37.226715,2,1,-1
1910,117.138699,37.021866,3,1,-1
1910,117.194373,37.322914,1,1,-1
1910,117.562942,37.597476,2,1,-1
1910,117.569022,37.366248,1,1,-2
1910,117.650323,36.286172,1,1,-2
1910,117.662259,36.945603,2,1,-1
1910,118.024299,36.986652,1,1,-1
1910,118.05561,36.643938,2,1,-1
1910,118.219272,37.18507,1,1,-1
1910,118.521082,37.143389,1,1,-1
1910,118.555799,36.355552,1,1,-1
1910,118.824123,32.118003,1,1,-2
1910,118.842952,37.018886,1,1,-1
1910,119.08945,39.632731,1,1,-2
1910,119.634331,39.958169,1,1,-2
1910,119.942679,36.782432,1,1,-1
1910,120.472939,27.82982,2,2,-1
1911,99.909924,26.068771,1,1,-1
1911,106.064042,35.582036,1,1,-2
1911,111.062603,25.453038,1,1,-1
1911,112.115581,34.83108,1,1,-2
1911,112.400594,25.632114,1,1,-2
1911,112.445027,28.513175,1,1,-1
1911,112.75974,32.089828,2,2,-1
1911,113.380395,35.04822,1,1,-2
1911,113.426713,34.510027,1,1,-1
1911,113.824642,34.045349,2,2,-2
1911,113.950214,33.83907,2,2,-2
1911,115.0764,31.213057,1,1,-2
1911,115.476275,38.731366,1,1,-2
1911,115.877327,40.947453,1,1,-2
1911,116.021003,35.279264,1,1,-2
1911,116.058604,28.623079,1,1,1
1911,116.081526,37.234976,1,1,-2
1911,116.168725,36.579578,1,1,-2
1911,116.186178,37.660684,1,1,-2
1911,116.484072,38.905601,1,1,-2
1911,116.651049,24.340841,1,1,-1
1911,116.705411,36.722932,1,1,-2
1911,116.835172,38.560407,1,1,-2
1911,116.851657,38.313006,1,1,-2
1911,116.889881,37.226715,2,1,-2
1911,117.138699,37.021866,2,1,-2
1911,117.194373,37.322914,1,1,-2
1911,117.468772,27.232468,1,1,-2
1911,117.534473,30.197168,1,1,-2
1911,117.562942,37.597476,3,1,-2
1911,117.569022,37.366248,1,1,-1
1911,118.024299,36.986652,1,1,-2
1911,118.05561,36.643938,2,2,0
1911,118.219272,37.18507,1,1,-2
1911,118.273423,30.892843,1,1,1
1911,118.521082,37.143389,1,1,-2
1911,118.557979,29.868351,1,1,-1
1911,118.575492,39.783481,1,1,-2
1911,118.842952,37.018886,1,1,-1
1911,119.145637,36.328617,1,1,-1
1911,119.280564,33.503341,1,1,-1
1911,119.78552,31.358953,1,1,-1
1911,119.83493,29.995611,1,1,-1
1911,120.180205,30.784307,1,1,-1
1911,120.472939,27.82982,3,3,1
1911,120.95298,31.323023,1,1,1
1911,123.905722,42.207717,6,3,-2
