dictionary_id,dataset_id,file_pattern,file_role,format,object_or_sheet,variable_name_or_pattern,description,data_type,unit_or_scale,allowed_values_or_range,missing_value_convention,spatial_support,temporal_support,source_or_provenance,source_url,generated_by,used_by,notes,verification_status
D0001,REACHES_INPUT,Data/temperature index value.v1.xlsx,prepared input,XLSX,,level,Documentary temperature-index category used by the analysis.,numeric,dimensionless ordinal index,-2; -1; 0; 1,NA after import,documentary record location,event year,REACHES / NOAA Paleoclimatology Study 37720,https://www.ncei.noaa.gov/access/paleo-search/study/37720,upstream prepared input,Figure2.R; prepare_calibration.R; Figure5.R; FigureS1.R; Get_tempe_all_data.R; coverage_population_GAM.R; interval_compatibility.R,The analysis renames the selected workbook column to level.,verified from current scripts
D0002,REACHES_INPUT,Data/temperature index value.v1.xlsx,prepared input,XLSX,,year,Calendar year associated with the documentary record.,integer,Common Era year,Primarily 1368–1911 for the manuscript workflow,NA after import,documentary record location,event year,REACHES / NOAA Paleoclimatology Study 37720,https://www.ncei.noaa.gov/access/paleo-search/study/37720,upstream prepared input,Figure2.R; prepare_calibration.R; Figure5.R; FigureS1.R; Get_tempe_all_data.R; coverage_population_GAM.R; interval_compatibility.R,,verified from current scripts
D0003,REACHES_INPUT,Data/temperature index value.v1.xlsx,prepared input,XLSX,,long,Longitude of the documentary record.,numeric,decimal degrees east,,NA after import,documentary point location,time-invariant coordinate,REACHES / NOAA Paleoclimatology Study 37720,https://www.ncei.noaa.gov/access/paleo-search/study/37720,upstream prepared input,Figure2.R; prepare_calibration.R; Figure5.R; FigureS1.R; Get_tempe_all_data.R; coverage_population_GAM.R; interval_compatibility.R,,verified from current scripts
D0004,REACHES_INPUT,Data/temperature index value.v1.xlsx,prepared input,XLSX,,lat,Latitude of the documentary record.,numeric,decimal degrees north,,NA after import,documentary point location,time-invariant coordinate,REACHES / NOAA Paleoclimatology Study 37720,https://www.ncei.noaa.gov/access/paleo-search/study/37720,upstream prepared input,Figure2.R; prepare_calibration.R; Figure5.R; FigureS1.R; Get_tempe_all_data.R; coverage_population_GAM.R; interval_compatibility.R,,verified from current scripts
D0005,GHCN_INPUT,Data/GHCNv4.xlsx,prepared input,XLSX,,year,Calendar year in the selected city station block.,integer,Common Era year,,NA after import,GHCN station record,annual row containing monthly values,Prepared from NOAA GHCN-Monthly v4 TAVG,https://www.ncei.noaa.gov/pub/data/ghcn/v4/,upstream prepared input,Figure10.R; Supplementary/FigureS2.R,The analysis selects one year column from the prepared workbook.,verified from current scripts
D0006,GHCN_INPUT,Data/GHCNv4.xlsx,prepared input,XLSX,,monthMM,Monthly mean temperature value for month MM; MM ranges from 01 to 12.,numeric,hundredths of degrees Celsius in the prepared workbook,12 monthly value columns,NA represents unavailable monthly temperature,GHCN station record,monthly within each calendar year,Prepared from NOAA GHCN-Monthly v4 TAVG,https://www.ncei.noaa.gov/pub/data/ghcn/v4/,upstream prepared input,Figure10.R; Supplementary/FigureS2.R,Scripts divide values by 100 and retain annual means only when all 12 months are available.,verified from current scripts
D0007,LME_MEMBER_INPUT,Data/LME data/a1.csv.gz … Data/LME data/a13.csv.gz,prepared input,CSV.GZ,,row identifier,Original row identifier read as R row names and not retained as an analysis variable.,character/integer,none,,No missing values expected,native LME grid location,time-invariant,CESM Last Millennium Ensemble,https://www.cesm.ucar.edu/community-projects/lme,Data/Get_data/GetLME.R,Code/DataPreparation/prepare_lme_annual.R,The file is read with row.names = 1.,verified from current scripts
D0008,LME_MEMBER_INPUT,Data/LME data/a1.csv.gz … Data/LME data/a13.csv.gz,prepared input,CSV.GZ,,lati,Latitude of the native LME grid location.,numeric,decimal degrees north,,No missing values expected,native LME grid point,time-invariant,CESM Last Millennium Ensemble,https://www.cesm.ucar.edu/community-projects/lme,Data/Get_data/GetLME.R,Code/DataPreparation/prepare_lme_annual.R,,verified from current scripts
D0009,LME_MEMBER_INPUT,Data/LME data/a1.csv.gz … Data/LME data/a13.csv.gz,prepared input,CSV.GZ,,long,Longitude of the native LME grid location.,numeric,decimal degrees east,,No missing values expected,native LME grid point,time-invariant,CESM Last Millennium Ensemble,https://www.cesm.ucar.edu/community-projects/lme,Data/Get_data/GetLME.R,Code/DataPreparation/prepare_lme_annual.R,,verified from current scripts
D0010,LME_MEMBER_INPUT,Data/LME data/a1.csv.gz … Data/LME data/a13.csv.gz,prepared input,CSV.GZ,,monthly_temperature_YYYY_MM,Monthly near-surface air temperature (TREFHT); columns span January 1350 through December 1949.,numeric,Kelvin,7200 monthly columns,No missing values expected by the preparation script,native LME grid point,"monthly, 1350-01 to 1949-12",CESM Last Millennium Ensemble,https://www.cesm.ucar.edu/community-projects/lme,Data/Get_data/GetLME.R,Code/DataPreparation/prepare_lme_annual.R,The annual preparation script takes the arithmetic mean of each 12-month block.,verified from current scripts
D0011,POPULATION_RASTERS,"Data/Population/{1776,1820,1851,1880,1910,1953}_pd.tif",prepared input,GeoTIFF,,CRS / geotransform,Spatial reference and raster geometry used to locate population values.,raster metadata,coordinate reference system,,Must be defined; script stops if CRS is absent,population raster grid,time-invariant metadata,Historical population raster source,,upstream prepared input,Code/Analysis/coverage_population_GAM.R,All six rasters must have identical geometry.,verified from current scripts
D0012,CALIBRATION_RDS,Output/Intermediate/calibration_parameters.rds,generated intermediate,RDS,top-level list element,temp2,Prepared event-year REACHES data used for covariance calibration.,data.frame,mixed,,NA according to source data,REACHES documentary locations,event years,Derived from REACHES,https://www.ncei.noaa.gov/access/paleo-search/study/37720,Code/prepare_calibration.R,Code/Figure4.R; Code/Figure5.R; Code/Get_tempe_all_data.R; Code/Analysis/interval_compatibility.R,,verified from current scripts
D0013,CALIBRATION_RDS,Output/Intermediate/calibration_parameters.rds,generated intermediate,RDS,top-level list element,var_fit2,Pilot variogram-fit object used as the observed ordinal-scale target.,R object,mixed,,,REACHES documentary locations,event years,Derived from REACHES,https://www.ncei.noaa.gov/access/paleo-search/study/37720,Code/prepare_calibration.R,diagnostics and calibration,,verified from current scripts
D0014,CALIBRATION_RDS,Output/Intermediate/calibration_parameters.rds,generated intermediate,RDS,nested list element,vario_fit2$psill1,Calibrated latent nugget variance.,numeric/character,latent index squared,,,model calibration object,analysis-wide,Derived from REACHES,https://www.ncei.noaa.gov/access/paleo-search/study/37720,Code/prepare_calibration.R,"downstream calibration, kriging, and figures",,verified from current scripts
D0015,CALIBRATION_RDS,Output/Intermediate/calibration_parameters.rds,generated intermediate,RDS,nested list element,vario_fit2$psill2,Calibrated latent process variance.,numeric/character,latent index squared,,,model calibration object,analysis-wide,Derived from REACHES,https://www.ncei.noaa.gov/access/paleo-search/study/37720,Code/prepare_calibration.R,"downstream calibration, kriging, and figures",,verified from current scripts
D0016,CALIBRATION_RDS,Output/Intermediate/calibration_parameters.rds,generated intermediate,RDS,nested list element,vario_fit2$range,Calibrated exponential spatial range.,numeric/character,kilometres,,,model calibration object,analysis-wide,Derived from REACHES,https://www.ncei.noaa.gov/access/paleo-search/study/37720,Code/prepare_calibration.R,"downstream calibration, kriging, and figures",,verified from current scripts
D0017,CALIBRATION_RDS,Output/Intermediate/calibration_parameters.rds,generated intermediate,RDS,nested list element,vario_fit2$range_legacy,Legacy f3 calibrated range retained for comparison.,numeric/character,kilometres,,,model calibration object,analysis-wide,Derived from REACHES,https://www.ncei.noaa.gov/access/paleo-search/study/37720,Code/prepare_calibration.R,"downstream calibration, kriging, and figures",,verified from current scripts
D0018,CALIBRATION_RDS,Output/Intermediate/calibration_parameters.rds,generated intermediate,RDS,nested list element,vario_fit2$total_variance,Calibrated total latent variance.,numeric/character,latent index squared,,,model calibration object,analysis-wide,Derived from REACHES,https://www.ncei.noaa.gov/access/paleo-search/study/37720,Code/prepare_calibration.R,"downstream calibration, kriging, and figures",,verified from current scripts
D0019,CALIBRATION_RDS,Output/Intermediate/calibration_parameters.rds,generated intermediate,RDS,nested list element,vario_fit2$calibration_engine,Calibration engine used to build the curves.,numeric/character,none,,,model calibration object,analysis-wide,Derived from REACHES,https://www.ncei.noaa.gov/access/paleo-search/study/37720,Code/prepare_calibration.R,"downstream calibration, kriging, and figures",,verified from current scripts
D0020,CALIBRATION_RDS,Output/Intermediate/calibration_parameters.rds,generated intermediate,RDS,nested list element,vario_fit2$calibration_data1,f1 calibration curve data.,numeric/table,mixed,,,model calibration object,analysis-wide,Derived from REACHES,https://www.ncei.noaa.gov/access/paleo-search/study/37720,Code/prepare_calibration.R,"downstream calibration, kriging, and figures",,verified from current scripts
D0021,CALIBRATION_RDS,Output/Intermediate/calibration_parameters.rds,generated intermediate,RDS,nested list element,vario_fit2$calibration_data2,f2 calibration curve data.,numeric/table,mixed,,,model calibration object,analysis-wide,Derived from REACHES,https://www.ncei.noaa.gov/access/paleo-search/study/37720,Code/prepare_calibration.R,"downstream calibration, kriging, and figures",,verified from current scripts
D0022,CALIBRATION_RDS,Output/Intermediate/calibration_parameters.rds,generated intermediate,RDS,nested list element,vario_fit2$calibration_data3,Manuscript f3 calibration curve data.,numeric/table,mixed,,,model calibration object,analysis-wide,Derived from REACHES,https://www.ncei.noaa.gov/access/paleo-search/study/37720,Code/prepare_calibration.R,"downstream calibration, kriging, and figures",,verified from current scripts
D0023,CALIBRATION_RDS,Output/Intermediate/calibration_parameters.rds,generated intermediate,RDS,nested list element,vario_fit2$calibration_data3_legacy,Legacy f3 calibration curve data.,numeric/table,mixed,,,model calibration object,analysis-wide,Derived from REACHES,https://www.ncei.noaa.gov/access/paleo-search/study/37720,Code/prepare_calibration.R,"downstream calibration, kriging, and figures",,verified from current scripts
D0024,CALIBRATION_RDS,Output/Intermediate/calibration_parameters.rds,generated intermediate,RDS,nested list element,vario_fit2$covariance_lookup,Lookup table relating latent correlation to observed ordinal covariance.,numeric/table,mixed,,,model calibration object,analysis-wide,Derived from REACHES,https://www.ncei.noaa.gov/access/paleo-search/study/37720,Code/prepare_calibration.R,"downstream calibration, kriging, and figures",,verified from current scripts
D0025,CALIBRATION_SUMMARY,Output/Intermediate/calibration_parameter_summary.csv,generated intermediate,CSV,,estimation_stage,Calibration stage represented by the row.,character,none,pilot; calibrated_manuscript; calibrated_legacy_f3,,analysis-wide,event years / runtime,Derived from REACHES,https://www.ncei.noaa.gov/access/paleo-search/study/37720,Code/prepare_calibration.R,documentation and diagnostics,,verified from current scripts
D0026,CALIBRATION_SUMMARY,Output/Intermediate/calibration_parameter_summary.csv,generated intermediate,CSV,,range,Spatial range estimate for the stage.,numeric,kilometres,,,analysis-wide,event years / runtime,Derived from REACHES,https://www.ncei.noaa.gov/access/paleo-search/study/37720,Code/prepare_calibration.R,documentation and diagnostics,,verified from current scripts
D0027,CALIBRATION_SUMMARY,Output/Intermediate/calibration_parameter_summary.csv,generated intermediate,CSV,,process_variance,Latent process variance for the stage.,numeric,latent index squared,,,analysis-wide,event years / runtime,Derived from REACHES,https://www.ncei.noaa.gov/access/paleo-search/study/37720,Code/prepare_calibration.R,documentation and diagnostics,,verified from current scripts
D0028,CALIBRATION_SUMMARY,Output/Intermediate/calibration_parameter_summary.csv,generated intermediate,CSV,,nugget_variance,Latent nugget variance for the stage.,numeric,latent index squared,,,analysis-wide,event years / runtime,Derived from REACHES,https://www.ncei.noaa.gov/access/paleo-search/study/37720,Code/prepare_calibration.R,documentation and diagnostics,,verified from current scripts
D0029,CALIBRATION_SUMMARY,Output/Intermediate/calibration_parameter_summary.csv,generated intermediate,CSV,,total_variance,Sum of process and nugget variances.,numeric,latent index squared,,,analysis-wide,event years / runtime,Derived from REACHES,https://www.ncei.noaa.gov/access/paleo-search/study/37720,Code/prepare_calibration.R,documentation and diagnostics,,verified from current scripts
D0030,CALIBRATION_SUMMARY,Output/Intermediate/calibration_parameter_summary.csv,generated intermediate,CSV,,number_of_event_years,Number of REACHES event years used.,integer,years,,,analysis-wide,event years / runtime,Derived from REACHES,https://www.ncei.noaa.gov/access/paleo-search/study/37720,Code/prepare_calibration.R,documentation and diagnostics,,verified from current scripts
D0031,CALIBRATION_SUMMARY,Output/Intermediate/calibration_parameter_summary.csv,generated intermediate,CSV,,calibration_engine,Method used to construct calibration curves.,character,none,analytic or configured alternative,,analysis-wide,event years / runtime,Derived from REACHES,https://www.ncei.noaa.gov/access/paleo-search/study/37720,Code/prepare_calibration.R,documentation and diagnostics,,verified from current scripts
D0032,CALIBRATION_SUMMARY,Output/Intermediate/calibration_parameter_summary.csv,generated intermediate,CSV,,elapsed_minutes,Elapsed runtime for calibration.,numeric,minutes,,,analysis-wide,event years / runtime,Derived from REACHES,https://www.ncei.noaa.gov/access/paleo-search/study/37720,Code/prepare_calibration.R,documentation and diagnostics,,verified from current scripts
D0033,CALIBRATION_F1,Output/Intermediate/calibration_f1.csv,generated intermediate,CSV,,total_variance,Candidate total latent variance.,numeric,latent index squared,,,analysis-wide,calibration grid,Derived from REACHES,https://www.ncei.noaa.gov/access/paleo-search/study/37720,Code/prepare_calibration.R,Code/Figure4.R and diagnostics,,verified from current scripts
D0034,CALIBRATION_F1,Output/Intermediate/calibration_f1.csv,generated intermediate,CSV,,observed_variance,Implied observed ordinal variance f1(total_variance).,numeric,observed index squared,,,analysis-wide,calibration grid,Derived from REACHES,https://www.ncei.noaa.gov/access/paleo-search/study/37720,Code/prepare_calibration.R,Code/Figure4.R and diagnostics,,verified from current scripts
D0035,CALIBRATION_F2,Output/Intermediate/calibration_f2.csv,generated intermediate,CSV,,nugget_variance,Candidate latent nugget variance.,numeric,latent index squared,,,analysis-wide,calibration grid,Derived from REACHES,https://www.ncei.noaa.gov/access/paleo-search/study/37720,Code/prepare_calibration.R,Code/Figure4.R and diagnostics,,verified from current scripts
D0036,CALIBRATION_F2,Output/Intermediate/calibration_f2.csv,generated intermediate,CSV,,observed_nugget,Implied observed ordinal nugget f2(nugget_variance).,numeric,observed index squared,,,analysis-wide,calibration grid,Derived from REACHES,https://www.ncei.noaa.gov/access/paleo-search/study/37720,Code/prepare_calibration.R,Code/Figure4.R and diagnostics,,verified from current scripts
D0037,CALIBRATION_F3,Output/Intermediate/calibration_f3_manuscript.csv,generated intermediate,CSV,,alpha,Candidate latent spatial range.,numeric,kilometres,,,analysis-wide,calibration grid,Derived from REACHES,https://www.ncei.noaa.gov/access/paleo-search/study/37720,Code/prepare_calibration.R,Code/Figure4.R and diagnostics,,verified from current scripts
D0038,CALIBRATION_F3,Output/Intermediate/calibration_f3_manuscript.csv,generated intermediate,CSV,,f3_alpha,Implied observed-scale spatial range under manuscript Equation (5).,numeric,kilometres,,,analysis-wide,calibration grid,Derived from REACHES,https://www.ncei.noaa.gov/access/paleo-search/study/37720,Code/prepare_calibration.R,Code/Figure4.R and diagnostics,,verified from current scripts
D0039,CALIBRATION_F3_LEGACY,Output/Intermediate/calibration_f3_legacy.csv,generated intermediate,CSV,,alpha,Candidate latent spatial range.,numeric,kilometres,,,analysis-wide,calibration grid,Derived from REACHES,https://www.ncei.noaa.gov/access/paleo-search/study/37720,Code/prepare_calibration.R,Code/Figure4.R and diagnostics,,verified from current scripts
D0040,CALIBRATION_F3_LEGACY,Output/Intermediate/calibration_f3_legacy.csv,generated intermediate,CSV,,f3_alpha,Implied observed-scale spatial range under the legacy f3 target.,numeric,kilometres,,,analysis-wide,calibration grid,Derived from REACHES,https://www.ncei.noaa.gov/access/paleo-search/study/37720,Code/prepare_calibration.R,Code/Figure4.R and diagnostics,,verified from current scripts
D0041,LME_ANNUAL_RDS,Output/Intermediate/LME/lme_annual_1368_1911.rds OR Data/LME data/precomputed/lme_annual_1368_1911.rds,generated/precomputed intermediate,RDS,named list component,coordinates$location_id,Sequential identifier for a native LME grid location.,integer,none,,No missing values expected,native LME grid point,time-invariant,CESM LME,https://www.cesm.ucar.edu/community-projects/lme,Code/DataPreparation/prepare_lme_annual.R,Get_tempe_all_data.R; Prior.R; Figure7e.R; Assimilation_grid.R; coverage_population_GAM.R,,verified from current scripts
D0042,LME_ANNUAL_RDS,Output/Intermediate/LME/lme_annual_1368_1911.rds OR Data/LME data/precomputed/lme_annual_1368_1911.rds,generated/precomputed intermediate,RDS,named list component,coordinates$lati,Latitude of the native LME grid location.,numeric,decimal degrees north,,No missing values expected,native LME grid point,time-invariant,CESM LME,https://www.cesm.ucar.edu/community-projects/lme,Code/DataPreparation/prepare_lme_annual.R,Get_tempe_all_data.R; Prior.R; Figure7e.R; Assimilation_grid.R; coverage_population_GAM.R,,verified from current scripts
D0043,LME_ANNUAL_RDS,Output/Intermediate/LME/lme_annual_1368_1911.rds OR Data/LME data/precomputed/lme_annual_1368_1911.rds,generated/precomputed intermediate,RDS,named list component,coordinates$long,Longitude of the native LME grid location.,numeric,decimal degrees east,,No missing values expected,native LME grid point,time-invariant,CESM LME,https://www.cesm.ucar.edu/community-projects/lme,Code/DataPreparation/prepare_lme_annual.R,Get_tempe_all_data.R; Prior.R; Figure7e.R; Assimilation_grid.R; coverage_population_GAM.R,,verified from current scripts
D0044,LME_ANNUAL_RDS,Output/Intermediate/LME/lme_annual_1368_1911.rds OR Data/LME data/precomputed/lme_annual_1368_1911.rds,generated/precomputed intermediate,RDS,named list component,years,Annual analysis-year vector.,integer vector,Common Era year,,No missing values expected,all locations,1368–1911,CESM LME,https://www.cesm.ucar.edu/community-projects/lme,Code/DataPreparation/prepare_lme_annual.R,Get_tempe_all_data.R; Prior.R; Figure7e.R; Assimilation_grid.R; coverage_population_GAM.R,,verified from current scripts
D0045,LME_ANNUAL_RDS,Output/Intermediate/LME/lme_annual_1368_1911.rds OR Data/LME data/precomputed/lme_annual_1368_1911.rds,generated/precomputed intermediate,RDS,named list component,members,LME ensemble-member identifiers.,character vector,none,,No missing values expected,all locations,13 members,CESM LME,https://www.cesm.ucar.edu/community-projects/lme,Code/DataPreparation/prepare_lme_annual.R,Get_tempe_all_data.R; Prior.R; Figure7e.R; Assimilation_grid.R; coverage_population_GAM.R,,verified from current scripts
D0046,LME_ANNUAL_RDS,Output/Intermediate/LME/lme_annual_1368_1911.rds OR Data/LME data/precomputed/lme_annual_1368_1911.rds,generated/precomputed intermediate,RDS,named list component,units,Unit label for annual_kelvin.,character,Kelvin,,No missing values expected,all locations,analysis-wide,CESM LME,https://www.cesm.ucar.edu/community-projects/lme,Code/DataPreparation/prepare_lme_annual.R,Get_tempe_all_data.R; Prior.R; Figure7e.R; Assimilation_grid.R; coverage_population_GAM.R,,verified from current scripts
D0047,LME_ANNUAL_RDS,Output/Intermediate/LME/lme_annual_1368_1911.rds OR Data/LME data/precomputed/lme_annual_1368_1911.rds,generated/precomputed intermediate,RDS,named list component,source_frequency,Frequency of the prepared member inputs.,character,monthly,,No missing values expected,all locations,source metadata,CESM LME,https://www.cesm.ucar.edu/community-projects/lme,Code/DataPreparation/prepare_lme_annual.R,Get_tempe_all_data.R; Prior.R; Figure7e.R; Assimilation_grid.R; coverage_population_GAM.R,,verified from current scripts
D0048,LME_ANNUAL_RDS,Output/Intermediate/LME/lme_annual_1368_1911.rds OR Data/LME data/precomputed/lme_annual_1368_1911.rds,generated/precomputed intermediate,RDS,named list component,annualization,Rule used to aggregate monthly temperatures.,character,none,,No missing values expected,all locations,annual,CESM LME,https://www.cesm.ucar.edu/community-projects/lme,Code/DataPreparation/prepare_lme_annual.R,Get_tempe_all_data.R; Prior.R; Figure7e.R; Assimilation_grid.R; coverage_population_GAM.R,,verified from current scripts
D0049,LME_ANNUAL_RDS,Output/Intermediate/LME/lme_annual_1368_1911.rds OR Data/LME data/precomputed/lme_annual_1368_1911.rds,generated/precomputed intermediate,RDS,named list component,"annual_kelvin[location,year,member]",Annual LME temperature array.,numeric array,Kelvin,,No missing values expected,266 native LME locations,1368–1911; 13 members,CESM LME,https://www.cesm.ucar.edu/community-projects/lme,Code/DataPreparation/prepare_lme_annual.R,Get_tempe_all_data.R; Prior.R; Figure7e.R; Assimilation_grid.R; coverage_population_GAM.R,,verified from current scripts
D0050,LME_ENSEMBLE_MEAN,Output/Intermediate/LME/lme_ensemble_mean_1368_1911.csv,generated intermediate,CSV,,location_id,Native LME location identifier.,integer,none,,No missing values expected,native LME grid point,time-invariant,Derived from 13 CESM LME members,https://www.cesm.ucar.edu/community-projects/lme,Code/DataPreparation/prepare_lme_annual.R,FigureS5.R and other grid summaries,,verified from current scripts
D0051,LME_ENSEMBLE_MEAN,Output/Intermediate/LME/lme_ensemble_mean_1368_1911.csv,generated intermediate,CSV,,lati,Latitude of native LME grid location.,numeric,decimal degrees north,,No missing values expected,native LME grid point,time-invariant,Derived from 13 CESM LME members,https://www.cesm.ucar.edu/community-projects/lme,Code/DataPreparation/prepare_lme_annual.R,FigureS5.R and other grid summaries,,verified from current scripts
D0052,LME_ENSEMBLE_MEAN,Output/Intermediate/LME/lme_ensemble_mean_1368_1911.csv,generated intermediate,CSV,,long,Longitude of native LME grid location.,numeric,decimal degrees east,,No missing values expected,native LME grid point,time-invariant,Derived from 13 CESM LME members,https://www.cesm.ucar.edu/community-projects/lme,Code/DataPreparation/prepare_lme_annual.R,FigureS5.R and other grid summaries,,verified from current scripts
D0053,LME_ENSEMBLE_MEAN,Output/Intermediate/LME/lme_ensemble_mean_1368_1911.csv,generated intermediate,CSV,,xYYYY,Across-member annual ensemble-mean temperature for calendar year YYYY.,numeric,Kelvin,,No missing values expected,native LME grid point,"YYYY = 1368,…,1911",Derived from 13 CESM LME members,https://www.cesm.ucar.edu/community-projects/lme,Code/DataPreparation/prepare_lme_annual.R,FigureS5.R and other grid summaries,,verified from current scripts
D0054,LME_ANNUAL_DIAGNOSTICS,Output/Intermediate/LME/lme_annual_diagnostics.csv,generated diagnostic,CSV,,member,Prepared ensemble-member identifier.,character,none,,,all native LME locations,1368–1911 by member,Derived from CESM LME,https://www.cesm.ucar.edu/community-projects/lme,Code/DataPreparation/prepare_lme_annual.R,workflow diagnostics,,verified from current scripts
D0055,LME_ANNUAL_DIAGNOSTICS,Output/Intermediate/LME/lme_annual_diagnostics.csv,generated diagnostic,CSV,,input_file,Absolute path used for the member input during the run.,character,file path,,,all native LME locations,1368–1911 by member,Derived from CESM LME,https://www.cesm.ucar.edu/community-projects/lme,Code/DataPreparation/prepare_lme_annual.R,workflow diagnostics,,verified from current scripts
D0056,LME_ANNUAL_DIAGNOSTICS,Output/Intermediate/LME/lme_annual_diagnostics.csv,generated diagnostic,CSV,,number_of_locations,Number of native LME locations.,integer,locations,,,all native LME locations,1368–1911 by member,Derived from CESM LME,https://www.cesm.ucar.edu/community-projects/lme,Code/DataPreparation/prepare_lme_annual.R,workflow diagnostics,,verified from current scripts
D0057,LME_ANNUAL_DIAGNOSTICS,Output/Intermediate/LME/lme_annual_diagnostics.csv,generated diagnostic,CSV,,number_of_years,Number of annual target years.,integer,years,,,all native LME locations,1368–1911 by member,Derived from CESM LME,https://www.cesm.ucar.edu/community-projects/lme,Code/DataPreparation/prepare_lme_annual.R,workflow diagnostics,,verified from current scripts
D0058,LME_ANNUAL_DIAGNOSTICS,Output/Intermediate/LME/lme_annual_diagnostics.csv,generated diagnostic,CSV,,first_year,First annual target year.,integer,Common Era year,,,all native LME locations,1368–1911 by member,Derived from CESM LME,https://www.cesm.ucar.edu/community-projects/lme,Code/DataPreparation/prepare_lme_annual.R,workflow diagnostics,,verified from current scripts
D0059,LME_ANNUAL_DIAGNOSTICS,Output/Intermediate/LME/lme_annual_diagnostics.csv,generated diagnostic,CSV,,last_year,Last annual target year.,integer,Common Era year,,,all native LME locations,1368–1911 by member,Derived from CESM LME,https://www.cesm.ucar.edu/community-projects/lme,Code/DataPreparation/prepare_lme_annual.R,workflow diagnostics,,verified from current scripts
D0060,LME_ANNUAL_DIAGNOSTICS,Output/Intermediate/LME/lme_annual_diagnostics.csv,generated diagnostic,CSV,,minimum_kelvin,Minimum annual temperature in the member.,numeric,Kelvin,,,all native LME locations,1368–1911 by member,Derived from CESM LME,https://www.cesm.ucar.edu/community-projects/lme,Code/DataPreparation/prepare_lme_annual.R,workflow diagnostics,,verified from current scripts
D0061,LME_ANNUAL_DIAGNOSTICS,Output/Intermediate/LME/lme_annual_diagnostics.csv,generated diagnostic,CSV,,maximum_kelvin,Maximum annual temperature in the member.,numeric,Kelvin,,,all native LME locations,1368–1911 by member,Derived from CESM LME,https://www.cesm.ucar.edu/community-projects/lme,Code/DataPreparation/prepare_lme_annual.R,workflow diagnostics,,verified from current scripts
D0062,LME_ANNUAL_DIAGNOSTICS,Output/Intermediate/LME/lme_annual_diagnostics.csv,generated diagnostic,CSV,,mean_kelvin,Mean annual temperature in the member.,numeric,Kelvin,,,all native LME locations,1368–1911 by member,Derived from CESM LME,https://www.cesm.ucar.edu/community-projects/lme,Code/DataPreparation/prepare_lme_annual.R,workflow diagnostics,,verified from current scripts
D0063,LME_CITY3_RDS,Output/Intermediate/LME/lme_city3_annual_1368_1911.rds,generated intermediate,RDS,named list component,coordinates,"Three-city coordinate table containing city, long, and lati.",data.frame,mixed,,No missing values expected,Beijing; Shanghai; Hong Kong,time-invariant,Derived from CESM LME,https://www.cesm.ucar.edu/community-projects/lme,Code/DataPreparation/prepare_lme_annual.R,city-specific analyses,,verified from current scripts
D0064,LME_CITY3_RDS,Output/Intermediate/LME/lme_city3_annual_1368_1911.rds,generated intermediate,RDS,named list component,years,Annual analysis-year vector.,integer vector,Common Era year,,No missing values expected,three city locations,1368–1911,Derived from CESM LME,https://www.cesm.ucar.edu/community-projects/lme,Code/DataPreparation/prepare_lme_annual.R,city-specific analyses,,verified from current scripts
D0065,LME_CITY3_RDS,Output/Intermediate/LME/lme_city3_annual_1368_1911.rds,generated intermediate,RDS,named list component,members,LME ensemble-member identifiers.,character vector,none,,No missing values expected,three city locations,13 members,Derived from CESM LME,https://www.cesm.ucar.edu/community-projects/lme,Code/DataPreparation/prepare_lme_annual.R,city-specific analyses,,verified from current scripts
D0066,LME_CITY3_RDS,Output/Intermediate/LME/lme_city3_annual_1368_1911.rds,generated intermediate,RDS,named list component,units,Unit label for annual_kelvin.,character,Kelvin,,No missing values expected,three city locations,analysis-wide,Derived from CESM LME,https://www.cesm.ucar.edu/community-projects/lme,Code/DataPreparation/prepare_lme_annual.R,city-specific analyses,,verified from current scripts
D0067,LME_CITY3_RDS,Output/Intermediate/LME/lme_city3_annual_1368_1911.rds,generated intermediate,RDS,named list component,spatial_method,Description of the spatial interpolation method.,character,none,,No missing values expected,three target points,analysis-wide,Derived from CESM LME,https://www.cesm.ucar.edu/community-projects/lme,Code/DataPreparation/prepare_lme_annual.R,city-specific analyses,,verified from current scripts
D0068,LME_CITY3_RDS,Output/Intermediate/LME/lme_city3_annual_1368_1911.rds,generated intermediate,RDS,named list component,basis_dimension,Thin-plate regression-spline basis dimension.,integer,basis functions,,No missing values expected,interpolation model,analysis-wide,Derived from CESM LME,https://www.cesm.ucar.edu/community-projects/lme,Code/DataPreparation/prepare_lme_annual.R,city-specific analyses,,verified from current scripts
D0069,LME_CITY3_RDS,Output/Intermediate/LME/lme_city3_annual_1368_1911.rds,generated intermediate,RDS,named list component,fixed_smoothing_parameter,Fixed spline smoothing parameter.,numeric,none,,No missing values expected,interpolation model,analysis-wide,Derived from CESM LME,https://www.cesm.ucar.edu/community-projects/lme,Code/DataPreparation/prepare_lme_annual.R,city-specific analyses,,verified from current scripts
D0070,LME_CITY3_RDS,Output/Intermediate/LME/lme_city3_annual_1368_1911.rds,generated intermediate,RDS,named list component,"annual_kelvin[city,year,member]",Spatially interpolated annual LME temperature array.,numeric array,Kelvin,,No missing values expected,three nominal GHCN station coordinates,1368–1911; 13 members,Derived from CESM LME,https://www.cesm.ucar.edu/community-projects/lme,Code/DataPreparation/prepare_lme_annual.R,city-specific analyses,,verified from current scripts
D0071,LME_CITY3_LONG,Output/Intermediate/LME/lme_city3_annual_1368_1911.csv OR Data/LME data/precomputed/lme_city3_annual_1368_1911.csv,generated/precomputed intermediate,CSV,,city,City identifier.,character,none,Beijing; Shanghai; HongKong,No missing values expected,nominal GHCN station coordinate,time-invariant label,Derived from CESM LME,https://www.cesm.ucar.edu/community-projects/lme,Code/DataPreparation/prepare_lme_annual.R,Prior.R; Figure7-8.R; Figure9d.R,,verified from current scripts
D0072,LME_CITY3_LONG,Output/Intermediate/LME/lme_city3_annual_1368_1911.csv OR Data/LME data/precomputed/lme_city3_annual_1368_1911.csv,generated/precomputed intermediate,CSV,,long,Target longitude.,numeric,decimal degrees east,,No missing values expected,nominal GHCN station coordinate,time-invariant,Derived from CESM LME,https://www.cesm.ucar.edu/community-projects/lme,Code/DataPreparation/prepare_lme_annual.R,Prior.R; Figure7-8.R; Figure9d.R,,verified from current scripts
D0073,LME_CITY3_LONG,Output/Intermediate/LME/lme_city3_annual_1368_1911.csv OR Data/LME data/precomputed/lme_city3_annual_1368_1911.csv,generated/precomputed intermediate,CSV,,lati,Target latitude.,numeric,decimal degrees north,,No missing values expected,nominal GHCN station coordinate,time-invariant,Derived from CESM LME,https://www.cesm.ucar.edu/community-projects/lme,Code/DataPreparation/prepare_lme_annual.R,Prior.R; Figure7-8.R; Figure9d.R,,verified from current scripts
D0074,LME_CITY3_LONG,Output/Intermediate/LME/lme_city3_annual_1368_1911.csv OR Data/LME data/precomputed/lme_city3_annual_1368_1911.csv,generated/precomputed intermediate,CSV,,member,LME ensemble-member identifier.,character,none,a1–a13,No missing values expected,city location,member,Derived from CESM LME,https://www.cesm.ucar.edu/community-projects/lme,Code/DataPreparation/prepare_lme_annual.R,Prior.R; Figure7-8.R; Figure9d.R,,verified from current scripts
D0075,LME_CITY3_LONG,Output/Intermediate/LME/lme_city3_annual_1368_1911.csv OR Data/LME data/precomputed/lme_city3_annual_1368_1911.csv,generated/precomputed intermediate,CSV,,year,Calendar year.,integer,Common Era year,1368–1911,No missing values expected,city location,annual,Derived from CESM LME,https://www.cesm.ucar.edu/community-projects/lme,Code/DataPreparation/prepare_lme_annual.R,Prior.R; Figure7-8.R; Figure9d.R,,verified from current scripts
D0076,LME_CITY3_LONG,Output/Intermediate/LME/lme_city3_annual_1368_1911.csv OR Data/LME data/precomputed/lme_city3_annual_1368_1911.csv,generated/precomputed intermediate,CSV,,temperature_kelvin,Interpolated annual LME member temperature.,numeric,Kelvin,,No missing values expected,city location,annual by member,Derived from CESM LME,https://www.cesm.ucar.edu/community-projects/lme,Code/DataPreparation/prepare_lme_annual.R,Prior.R; Figure7-8.R; Figure9d.R,,verified from current scripts
D0077,LME_CITY3_MEAN,Output/Intermediate/LME/lme_city3_ensemble_mean_1368_1911.csv,generated intermediate,CSV,,city,City identifier.,character,none,Beijing; Shanghai; HongKong,No missing values expected,nominal GHCN station coordinate,annual,Derived from CESM LME,https://www.cesm.ucar.edu/community-projects/lme,Code/DataPreparation/prepare_lme_annual.R,diagnostics and plotting,,verified from current scripts
D0078,LME_CITY3_MEAN,Output/Intermediate/LME/lme_city3_ensemble_mean_1368_1911.csv,generated intermediate,CSV,,long,Target longitude.,numeric,decimal degrees east,,No missing values expected,nominal GHCN station coordinate,annual,Derived from CESM LME,https://www.cesm.ucar.edu/community-projects/lme,Code/DataPreparation/prepare_lme_annual.R,diagnostics and plotting,,verified from current scripts
D0079,LME_CITY3_MEAN,Output/Intermediate/LME/lme_city3_ensemble_mean_1368_1911.csv,generated intermediate,CSV,,lati,Target latitude.,numeric,decimal degrees north,,No missing values expected,nominal GHCN station coordinate,annual,Derived from CESM LME,https://www.cesm.ucar.edu/community-projects/lme,Code/DataPreparation/prepare_lme_annual.R,diagnostics and plotting,,verified from current scripts
D0080,LME_CITY3_MEAN,Output/Intermediate/LME/lme_city3_ensemble_mean_1368_1911.csv,generated intermediate,CSV,,year,Calendar year.,integer,Common Era year,1368–1911,No missing values expected,nominal GHCN station coordinate,annual,Derived from CESM LME,https://www.cesm.ucar.edu/community-projects/lme,Code/DataPreparation/prepare_lme_annual.R,diagnostics and plotting,,verified from current scripts
D0081,LME_CITY3_MEAN,Output/Intermediate/LME/lme_city3_ensemble_mean_1368_1911.csv,generated intermediate,CSV,,ensemble_mean_kelvin,Across-member annual LME ensemble mean.,numeric,Kelvin,,No missing values expected,nominal GHCN station coordinate,annual,Derived from CESM LME,https://www.cesm.ucar.edu/community-projects/lme,Code/DataPreparation/prepare_lme_annual.R,diagnostics and plotting,,verified from current scripts
D0082,LME_CITY3_DIAGNOSTICS,Output/Intermediate/LME/lme_city3_interpolation_diagnostics.csv,generated diagnostic,CSV,,basis_dimension,Thin-plate spline basis dimension.,integer,basis functions,,,three target points,analysis-wide,Derived from CESM LME,https://www.cesm.ucar.edu/community-projects/lme,Code/DataPreparation/prepare_lme_annual.R,workflow diagnostics,,verified from current scripts
D0083,LME_CITY3_DIAGNOSTICS,Output/Intermediate/LME/lme_city3_interpolation_diagnostics.csv,generated diagnostic,CSV,,fixed_smoothing_parameter,Fixed spline smoothing parameter.,numeric,none,,,three target points,analysis-wide,Derived from CESM LME,https://www.cesm.ucar.edu/community-projects/lme,Code/DataPreparation/prepare_lme_annual.R,workflow diagnostics,,verified from current scripts
D0084,LME_CITY3_DIAGNOSTICS,Output/Intermediate/LME/lme_city3_interpolation_diagnostics.csv,generated diagnostic,CSV,,reciprocal_condition_number,Reciprocal condition number of the reusable interpolation system.,numeric,none,,,three target points,analysis-wide,Derived from CESM LME,https://www.cesm.ucar.edu/community-projects/lme,Code/DataPreparation/prepare_lme_annual.R,workflow diagnostics,,verified from current scripts
D0085,LME_CITY3_DIAGNOSTICS,Output/Intermediate/LME/lme_city3_interpolation_diagnostics.csv,generated diagnostic,CSV,,validation_member,Member used for direct-versus-operator validation.,character,none,,,three target points,analysis-wide,Derived from CESM LME,https://www.cesm.ucar.edu/community-projects/lme,Code/DataPreparation/prepare_lme_annual.R,workflow diagnostics,,verified from current scripts
D0086,LME_CITY3_DIAGNOSTICS,Output/Intermediate/LME/lme_city3_interpolation_diagnostics.csv,generated diagnostic,CSV,,validation_year,Year used for interpolation validation.,integer,Common Era year,,,three target points,analysis-wide,Derived from CESM LME,https://www.cesm.ucar.edu/community-projects/lme,Code/DataPreparation/prepare_lme_annual.R,workflow diagnostics,,verified from current scripts
D0087,LME_CITY3_DIAGNOSTICS,Output/Intermediate/LME/lme_city3_interpolation_diagnostics.csv,generated diagnostic,CSV,,maximum_validation_difference,Maximum absolute difference between direct mgcv prediction and reusable interpolation operator.,numeric,Kelvin,,,three target points,analysis-wide,Derived from CESM LME,https://www.cesm.ucar.edu/community-projects/lme,Code/DataPreparation/prepare_lme_annual.R,workflow diagnostics,,verified from current scripts
D0088,LME_CITY3_DIAGNOSTICS,Output/Intermediate/LME/lme_city3_interpolation_diagnostics.csv,generated diagnostic,CSV,,minimum_city_kelvin,Minimum interpolated city temperature.,numeric,Kelvin,,,three target points,analysis-wide,Derived from CESM LME,https://www.cesm.ucar.edu/community-projects/lme,Code/DataPreparation/prepare_lme_annual.R,workflow diagnostics,,verified from current scripts
D0089,LME_CITY3_DIAGNOSTICS,Output/Intermediate/LME/lme_city3_interpolation_diagnostics.csv,generated diagnostic,CSV,,maximum_city_kelvin,Maximum interpolated city temperature.,numeric,Kelvin,,,three target points,analysis-wide,Derived from CESM LME,https://www.cesm.ucar.edu/community-projects/lme,Code/DataPreparation/prepare_lme_annual.R,workflow diagnostics,,verified from current scripts
D0090,REACHES_GRID_MEAN,Output/Intermediate/REACHES/reaches_kriging_grid53x49_mean.csv.gz,generated intermediate,CSV.GZ,,long,Longitude of the regular prediction-grid location.,numeric,decimal degrees east,,,53 × 49 regular prediction grid,time-invariant,Derived from REACHES,https://www.ncei.noaa.gov/access/paleo-search/study/37720,Code/Get_tempe_all_data.R,spatial diagnostics and archival output,,verified from current scripts
D0091,REACHES_GRID_MEAN,Output/Intermediate/REACHES/reaches_kriging_grid53x49_mean.csv.gz,generated intermediate,CSV.GZ,,lat,Latitude of the regular prediction-grid location.,numeric,decimal degrees north,,,53 × 49 regular prediction grid,time-invariant,Derived from REACHES,https://www.ncei.noaa.gov/access/paleo-search/study/37720,Code/Get_tempe_all_data.R,spatial diagnostics and archival output,,verified from current scripts
D0092,REACHES_GRID_MEAN,Output/Intermediate/REACHES/reaches_kriging_grid53x49_mean.csv.gz,generated intermediate,CSV.GZ,,YYYY,Kriging prediction mean for REACHES event year YYYY.,numeric,documentary index units,,No value for non-event years because only event-year columns are stored,53 × 49 regular prediction grid,REACHES event years within 1368–1911,Derived from REACHES,https://www.ncei.noaa.gov/access/paleo-search/study/37720,Code/Get_tempe_all_data.R,spatial diagnostics and archival output,Column names are calendar years; downstream import may standardize them to xYYYY.,verified from current scripts
D0093,REACHES_GRID_VARIANCE,Output/Intermediate/REACHES/reaches_kriging_grid53x49_variance.csv.gz,generated intermediate,CSV.GZ,,long,Longitude of the regular prediction-grid location.,numeric,decimal degrees east,,,53 × 49 regular prediction grid,time-invariant,Derived from REACHES,https://www.ncei.noaa.gov/access/paleo-search/study/37720,Code/Get_tempe_all_data.R,spatial diagnostics and archival output,,verified from current scripts
D0094,REACHES_GRID_VARIANCE,Output/Intermediate/REACHES/reaches_kriging_grid53x49_variance.csv.gz,generated intermediate,CSV.GZ,,lat,Latitude of the regular prediction-grid location.,numeric,decimal degrees north,,,53 × 49 regular prediction grid,time-invariant,Derived from REACHES,https://www.ncei.noaa.gov/access/paleo-search/study/37720,Code/Get_tempe_all_data.R,spatial diagnostics and archival output,,verified from current scripts
D0095,REACHES_GRID_VARIANCE,Output/Intermediate/REACHES/reaches_kriging_grid53x49_variance.csv.gz,generated intermediate,CSV.GZ,,YYYY,Kriging prediction variance / MSPE for REACHES event year YYYY.,numeric,documentary index squared,,No value for non-event years because only event-year columns are stored,53 × 49 regular prediction grid,REACHES event years within 1368–1911,Derived from REACHES,https://www.ncei.noaa.gov/access/paleo-search/study/37720,Code/Get_tempe_all_data.R,spatial diagnostics and archival output,Column names are calendar years; downstream import may standardize them to xYYYY.,verified from current scripts
D0096,REACHES_LME_GRID_MEAN,Output/Intermediate/REACHES/reaches_kriging_lme_grid_mean.csv OR Data/REACHES/precomputed/reaches_kriging_lme_grid_mean.csv,generated/precomputed intermediate,CSV,,location_id,Native LME grid location identifier.,integer,none,,No value for non-event-year columns because those columns are absent,native LME grid point,time-invariant,Derived from REACHES,https://www.ncei.noaa.gov/access/paleo-search/study/37720,Code/Get_tempe_all_data.R,Figure6.R; Figure7e.R; Assimilation_grid.R; FigureS5.R,,verified from current scripts
D0097,REACHES_LME_GRID_MEAN,Output/Intermediate/REACHES/reaches_kriging_lme_grid_mean.csv OR Data/REACHES/precomputed/reaches_kriging_lme_grid_mean.csv,generated/precomputed intermediate,CSV,,lati,Latitude of native LME grid point.,numeric,decimal degrees north,,No value for non-event-year columns because those columns are absent,native LME grid point,time-invariant,Derived from REACHES,https://www.ncei.noaa.gov/access/paleo-search/study/37720,Code/Get_tempe_all_data.R,Figure6.R; Figure7e.R; Assimilation_grid.R; FigureS5.R,,verified from current scripts
D0098,REACHES_LME_GRID_MEAN,Output/Intermediate/REACHES/reaches_kriging_lme_grid_mean.csv OR Data/REACHES/precomputed/reaches_kriging_lme_grid_mean.csv,generated/precomputed intermediate,CSV,,long,Longitude of native LME grid point.,numeric,decimal degrees east,,No value for non-event-year columns because those columns are absent,native LME grid point,time-invariant,Derived from REACHES,https://www.ncei.noaa.gov/access/paleo-search/study/37720,Code/Get_tempe_all_data.R,Figure6.R; Figure7e.R; Assimilation_grid.R; FigureS5.R,,verified from current scripts
D0099,REACHES_LME_GRID_MEAN,Output/Intermediate/REACHES/reaches_kriging_lme_grid_mean.csv OR Data/REACHES/precomputed/reaches_kriging_lme_grid_mean.csv,generated/precomputed intermediate,CSV,,xYYYY,Kriging prediction mean for REACHES event year YYYY.,numeric,documentary index units,,No value for non-event-year columns because those columns are absent,native LME grid point,REACHES event years within 1368–1911,Derived from REACHES,https://www.ncei.noaa.gov/access/paleo-search/study/37720,Code/Get_tempe_all_data.R,Figure6.R; Figure7e.R; Assimilation_grid.R; FigureS5.R,,verified from current scripts
D0100,REACHES_LME_GRID_VARIANCE,Output/Intermediate/REACHES/reaches_kriging_lme_grid_variance.csv OR Data/REACHES/precomputed/reaches_kriging_lme_grid_variance.csv,generated/precomputed intermediate,CSV,,location_id,Native LME grid location identifier.,integer,none,,No value for non-event-year columns because those columns are absent,native LME grid point,time-invariant,Derived from REACHES,https://www.ncei.noaa.gov/access/paleo-search/study/37720,Code/Get_tempe_all_data.R,Figure6.R; Figure7e.R; Assimilation_grid.R; FigureS5.R,,verified from current scripts
D0101,REACHES_LME_GRID_VARIANCE,Output/Intermediate/REACHES/reaches_kriging_lme_grid_variance.csv OR Data/REACHES/precomputed/reaches_kriging_lme_grid_variance.csv,generated/precomputed intermediate,CSV,,lati,Latitude of native LME grid point.,numeric,decimal degrees north,,No value for non-event-year columns because those columns are absent,native LME grid point,time-invariant,Derived from REACHES,https://www.ncei.noaa.gov/access/paleo-search/study/37720,Code/Get_tempe_all_data.R,Figure6.R; Figure7e.R; Assimilation_grid.R; FigureS5.R,,verified from current scripts
D0102,REACHES_LME_GRID_VARIANCE,Output/Intermediate/REACHES/reaches_kriging_lme_grid_variance.csv OR Data/REACHES/precomputed/reaches_kriging_lme_grid_variance.csv,generated/precomputed intermediate,CSV,,long,Longitude of native LME grid point.,numeric,decimal degrees east,,No value for non-event-year columns because those columns are absent,native LME grid point,time-invariant,Derived from REACHES,https://www.ncei.noaa.gov/access/paleo-search/study/37720,Code/Get_tempe_all_data.R,Figure6.R; Figure7e.R; Assimilation_grid.R; FigureS5.R,,verified from current scripts
D0103,REACHES_LME_GRID_VARIANCE,Output/Intermediate/REACHES/reaches_kriging_lme_grid_variance.csv OR Data/REACHES/precomputed/reaches_kriging_lme_grid_variance.csv,generated/precomputed intermediate,CSV,,xYYYY,Kriging prediction variance / MSPE for REACHES event year YYYY.,numeric,documentary index squared,,No value for non-event-year columns because those columns are absent,native LME grid point,REACHES event years within 1368–1911,Derived from REACHES,https://www.ncei.noaa.gov/access/paleo-search/study/37720,Code/Get_tempe_all_data.R,Figure6.R; Figure7e.R; Assimilation_grid.R; FigureS5.R,,verified from current scripts
D0104,REACHES_CITY3_MEAN,Output/Intermediate/REACHES/reaches_kriging_city3_mean.csv OR Data/REACHES/precomputed/reaches_kriging_city3_mean.csv,generated/precomputed intermediate,CSV,,city,City identifier.,character,none,Beijing; Shanghai; HongKong,No value for non-event-year columns because those columns are absent,nominal GHCN station coordinate,time-invariant label,Derived from REACHES,https://www.ncei.noaa.gov/access/paleo-search/study/37720,Code/Get_tempe_all_data.R,Figure3.R; Figure7-8.R; Figure9d.R,"The SD file contains standard deviations, not variances.",verified from current scripts
D0105,REACHES_CITY3_MEAN,Output/Intermediate/REACHES/reaches_kriging_city3_mean.csv OR Data/REACHES/precomputed/reaches_kriging_city3_mean.csv,generated/precomputed intermediate,CSV,,long,Nominal GHCN station longitude.,numeric,decimal degrees east,,No value for non-event-year columns because those columns are absent,nominal GHCN station coordinate,time-invariant,Derived from REACHES,https://www.ncei.noaa.gov/access/paleo-search/study/37720,Code/Get_tempe_all_data.R,Figure3.R; Figure7-8.R; Figure9d.R,"The SD file contains standard deviations, not variances.",verified from current scripts
D0106,REACHES_CITY3_MEAN,Output/Intermediate/REACHES/reaches_kriging_city3_mean.csv OR Data/REACHES/precomputed/reaches_kriging_city3_mean.csv,generated/precomputed intermediate,CSV,,lat,Nominal GHCN station latitude.,numeric,decimal degrees north,,No value for non-event-year columns because those columns are absent,nominal GHCN station coordinate,time-invariant,Derived from REACHES,https://www.ncei.noaa.gov/access/paleo-search/study/37720,Code/Get_tempe_all_data.R,Figure3.R; Figure7-8.R; Figure9d.R,"The SD file contains standard deviations, not variances.",verified from current scripts
D0107,REACHES_CITY3_MEAN,Output/Intermediate/REACHES/reaches_kriging_city3_mean.csv OR Data/REACHES/precomputed/reaches_kriging_city3_mean.csv,generated/precomputed intermediate,CSV,,xYYYY,Direct kriging prediction mean for REACHES event year YYYY.,numeric,documentary index units,,No value for non-event-year columns because those columns are absent,nominal GHCN station coordinate,REACHES event years within 1368–1911,Derived from REACHES,https://www.ncei.noaa.gov/access/paleo-search/study/37720,Code/Get_tempe_all_data.R,Figure3.R; Figure7-8.R; Figure9d.R,"The SD file contains standard deviations, not variances.",verified from current scripts
D0108,REACHES_CITY3_SD,Output/Intermediate/REACHES/reaches_kriging_city3_sd.csv OR Data/REACHES/precomputed/reaches_kriging_city3_sd.csv,generated/precomputed intermediate,CSV,,city,City identifier.,character,none,Beijing; Shanghai; HongKong,No value for non-event-year columns because those columns are absent,nominal GHCN station coordinate,time-invariant label,Derived from REACHES,https://www.ncei.noaa.gov/access/paleo-search/study/37720,Code/Get_tempe_all_data.R,Figure3.R; Figure7-8.R; Figure9d.R,"The SD file contains standard deviations, not variances.",verified from current scripts
D0109,REACHES_CITY3_SD,Output/Intermediate/REACHES/reaches_kriging_city3_sd.csv OR Data/REACHES/precomputed/reaches_kriging_city3_sd.csv,generated/precomputed intermediate,CSV,,long,Nominal GHCN station longitude.,numeric,decimal degrees east,,No value for non-event-year columns because those columns are absent,nominal GHCN station coordinate,time-invariant,Derived from REACHES,https://www.ncei.noaa.gov/access/paleo-search/study/37720,Code/Get_tempe_all_data.R,Figure3.R; Figure7-8.R; Figure9d.R,"The SD file contains standard deviations, not variances.",verified from current scripts
D0110,REACHES_CITY3_SD,Output/Intermediate/REACHES/reaches_kriging_city3_sd.csv OR Data/REACHES/precomputed/reaches_kriging_city3_sd.csv,generated/precomputed intermediate,CSV,,lat,Nominal GHCN station latitude.,numeric,decimal degrees north,,No value for non-event-year columns because those columns are absent,nominal GHCN station coordinate,time-invariant,Derived from REACHES,https://www.ncei.noaa.gov/access/paleo-search/study/37720,Code/Get_tempe_all_data.R,Figure3.R; Figure7-8.R; Figure9d.R,"The SD file contains standard deviations, not variances.",verified from current scripts
D0111,REACHES_CITY3_SD,Output/Intermediate/REACHES/reaches_kriging_city3_sd.csv OR Data/REACHES/precomputed/reaches_kriging_city3_sd.csv,generated/precomputed intermediate,CSV,,xYYYY,Direct kriging prediction standard deviation for REACHES event year YYYY.,numeric,documentary index units,,No value for non-event-year columns because those columns are absent,nominal GHCN station coordinate,REACHES event years within 1368–1911,Derived from REACHES,https://www.ncei.noaa.gov/access/paleo-search/study/37720,Code/Get_tempe_all_data.R,Figure3.R; Figure7-8.R; Figure9d.R,"The SD file contains standard deviations, not variances.",verified from current scripts
D0112,REACHES_CITY3_METADATA,Output/Intermediate/REACHES/reaches_kriging_city3_metadata.csv,generated metadata,CSV,,city,City identifier.,character,none,Beijing; Shanghai; HongKong,,three city target points,analysis-wide,Derived from REACHES and GHCN target coordinates,https://www.ncei.noaa.gov/access/paleo-search/study/37720,Code/Get_tempe_all_data.R,documentation and coordinate verification,,verified from current scripts
D0113,REACHES_CITY3_METADATA,Output/Intermediate/REACHES/reaches_kriging_city3_metadata.csv,generated metadata,CSV,,long,Target longitude.,numeric,decimal degrees east,,,three city target points,analysis-wide,Derived from REACHES and GHCN target coordinates,https://www.ncei.noaa.gov/access/paleo-search/study/37720,Code/Get_tempe_all_data.R,documentation and coordinate verification,,verified from current scripts
D0114,REACHES_CITY3_METADATA,Output/Intermediate/REACHES/reaches_kriging_city3_metadata.csv,generated metadata,CSV,,lat,Target latitude.,numeric,decimal degrees north,,,three city target points,analysis-wide,Derived from REACHES and GHCN target coordinates,https://www.ncei.noaa.gov/access/paleo-search/study/37720,Code/Get_tempe_all_data.R,documentation and coordinate verification,,verified from current scripts
D0115,REACHES_CITY3_METADATA,Output/Intermediate/REACHES/reaches_kriging_city3_metadata.csv,generated metadata,CSV,,coordinate_source,Source description for target coordinates.,character,none,GHCN nominal station coordinate,,three city target points,analysis-wide,Derived from REACHES and GHCN target coordinates,https://www.ncei.noaa.gov/access/paleo-search/study/37720,Code/Get_tempe_all_data.R,documentation and coordinate verification,,verified from current scripts
D0116,REACHES_CITY3_METADATA,Output/Intermediate/REACHES/reaches_kriging_city3_metadata.csv,generated metadata,CSV,,prediction_method,Method used to predict at the city coordinate.,character,none,direct interval-censored kriging,,three city target points,analysis-wide,Derived from REACHES and GHCN target coordinates,https://www.ncei.noaa.gov/access/paleo-search/study/37720,Code/Get_tempe_all_data.R,documentation and coordinate verification,,verified from current scripts
D0117,REACHES_CITY3_METADATA,Output/Intermediate/REACHES/reaches_kriging_city3_metadata.csv,generated metadata,CSV,,number_of_event_years,Number of REACHES event-year predictions.,integer,years,,,three city target points,analysis-wide,Derived from REACHES and GHCN target coordinates,https://www.ncei.noaa.gov/access/paleo-search/study/37720,Code/Get_tempe_all_data.R,documentation and coordinate verification,,verified from current scripts
D0118,REACHES_CITY3_METADATA,Output/Intermediate/REACHES/reaches_kriging_city3_metadata.csv,generated metadata,CSV,,elapsed_minutes,Elapsed runtime for three-city kriging.,numeric,minutes,,,three city target points,analysis-wide,Derived from REACHES and GHCN target coordinates,https://www.ncei.noaa.gov/access/paleo-search/study/37720,Code/Get_tempe_all_data.R,documentation and coordinate verification,,verified from current scripts
D0119,REACHES_KRIGING_METADATA,Output/Intermediate/REACHES/reaches_kriging_metadata.csv OR Data/REACHES/precomputed/reaches_kriging_metadata.csv,generated/precomputed metadata,CSV,,number_of_event_years,Number of REACHES event years.,integer,years,,,analysis-wide,analysis-wide,Derived from calibration and REACHES,https://www.ncei.noaa.gov/access/paleo-search/study/37720,Code/Get_tempe_all_data.R,Figure9d.R; Assimilation_grid.R; diagnostics,,verified from current scripts
D0120,REACHES_KRIGING_METADATA,Output/Intermediate/REACHES/reaches_kriging_metadata.csv OR Data/REACHES/precomputed/reaches_kriging_metadata.csv,generated/precomputed metadata,CSV,,number_of_grid_locations,Number of regular-grid prediction locations.,integer,locations,,,analysis-wide,analysis-wide,Derived from calibration and REACHES,https://www.ncei.noaa.gov/access/paleo-search/study/37720,Code/Get_tempe_all_data.R,Figure9d.R; Assimilation_grid.R; diagnostics,,verified from current scripts
D0121,REACHES_KRIGING_METADATA,Output/Intermediate/REACHES/reaches_kriging_metadata.csv OR Data/REACHES/precomputed/reaches_kriging_metadata.csv,generated/precomputed metadata,CSV,,number_of_lme_grid_locations,Number of native LME target locations.,integer,locations,,,analysis-wide,analysis-wide,Derived from calibration and REACHES,https://www.ncei.noaa.gov/access/paleo-search/study/37720,Code/Get_tempe_all_data.R,Figure9d.R; Assimilation_grid.R; diagnostics,,verified from current scripts
D0122,REACHES_KRIGING_METADATA,Output/Intermediate/REACHES/reaches_kriging_metadata.csv OR Data/REACHES/precomputed/reaches_kriging_metadata.csv,generated/precomputed metadata,CSV,,number_of_city_locations,Number of city target locations.,integer,locations,,,analysis-wide,analysis-wide,Derived from calibration and REACHES,https://www.ncei.noaa.gov/access/paleo-search/study/37720,Code/Get_tempe_all_data.R,Figure9d.R; Assimilation_grid.R; diagnostics,,verified from current scripts
D0123,REACHES_KRIGING_METADATA,Output/Intermediate/REACHES/reaches_kriging_metadata.csv OR Data/REACHES/precomputed/reaches_kriging_metadata.csv,generated/precomputed metadata,CSV,,city_coordinate_source,Description of city target-coordinate source.,character,none,,,analysis-wide,analysis-wide,Derived from calibration and REACHES,https://www.ncei.noaa.gov/access/paleo-search/study/37720,Code/Get_tempe_all_data.R,Figure9d.R; Assimilation_grid.R; diagnostics,,verified from current scripts
D0124,REACHES_KRIGING_METADATA,Output/Intermediate/REACHES/reaches_kriging_metadata.csv OR Data/REACHES/precomputed/reaches_kriging_metadata.csv,generated/precomputed metadata,CSV,,city_prediction_method,Description of city prediction method.,character,none,,,analysis-wide,analysis-wide,Derived from calibration and REACHES,https://www.ncei.noaa.gov/access/paleo-search/study/37720,Code/Get_tempe_all_data.R,Figure9d.R; Assimilation_grid.R; diagnostics,,verified from current scripts
D0125,REACHES_KRIGING_METADATA,Output/Intermediate/REACHES/reaches_kriging_metadata.csv OR Data/REACHES/precomputed/reaches_kriging_metadata.csv,generated/precomputed metadata,CSV,,process_variance,Calibrated latent process variance.,numeric,latent index squared,,,analysis-wide,analysis-wide,Derived from calibration and REACHES,https://www.ncei.noaa.gov/access/paleo-search/study/37720,Code/Get_tempe_all_data.R,Figure9d.R; Assimilation_grid.R; diagnostics,,verified from current scripts
D0126,REACHES_KRIGING_METADATA,Output/Intermediate/REACHES/reaches_kriging_metadata.csv OR Data/REACHES/precomputed/reaches_kriging_metadata.csv,generated/precomputed metadata,CSV,,nugget_variance,Calibrated latent nugget variance.,numeric,latent index squared,,,analysis-wide,analysis-wide,Derived from calibration and REACHES,https://www.ncei.noaa.gov/access/paleo-search/study/37720,Code/Get_tempe_all_data.R,Figure9d.R; Assimilation_grid.R; diagnostics,,verified from current scripts
D0127,REACHES_KRIGING_METADATA,Output/Intermediate/REACHES/reaches_kriging_metadata.csv OR Data/REACHES/precomputed/reaches_kriging_metadata.csv,generated/precomputed metadata,CSV,,total_variance,Sum of process and nugget variances.,numeric,latent index squared,,,analysis-wide,analysis-wide,Derived from calibration and REACHES,https://www.ncei.noaa.gov/access/paleo-search/study/37720,Code/Get_tempe_all_data.R,Figure9d.R; Assimilation_grid.R; diagnostics,,verified from current scripts
D0128,REACHES_KRIGING_METADATA,Output/Intermediate/REACHES/reaches_kriging_metadata.csv OR Data/REACHES/precomputed/reaches_kriging_metadata.csv,generated/precomputed metadata,CSV,,range_km,Calibrated exponential covariance range.,numeric,kilometres,,,analysis-wide,analysis-wide,Derived from calibration and REACHES,https://www.ncei.noaa.gov/access/paleo-search/study/37720,Code/Get_tempe_all_data.R,Figure9d.R; Assimilation_grid.R; diagnostics,,verified from current scripts
D0129,REACHES_KRIGING_METADATA,Output/Intermediate/REACHES/reaches_kriging_metadata.csv OR Data/REACHES/precomputed/reaches_kriging_metadata.csv,generated/precomputed metadata,CSV,,covariance_lookup_size,Number of entries in the covariance lookup grid.,integer,entries,,,analysis-wide,analysis-wide,Derived from calibration and REACHES,https://www.ncei.noaa.gov/access/paleo-search/study/37720,Code/Get_tempe_all_data.R,Figure9d.R; Assimilation_grid.R; diagnostics,,verified from current scripts
D0130,REACHES_KRIGING_METADATA,Output/Intermediate/REACHES/reaches_kriging_metadata.csv OR Data/REACHES/precomputed/reaches_kriging_metadata.csv,generated/precomputed metadata,CSV,,elapsed_minutes,Elapsed runtime for regular-grid and LME-grid kriging.,numeric,minutes,,,analysis-wide,analysis-wide,Derived from calibration and REACHES,https://www.ncei.noaa.gov/access/paleo-search/study/37720,Code/Get_tempe_all_data.R,Figure9d.R; Assimilation_grid.R; diagnostics,,verified from current scripts
D0131,REACHES_KRIGING_METADATA,Output/Intermediate/REACHES/reaches_kriging_metadata.csv OR Data/REACHES/precomputed/reaches_kriging_metadata.csv,generated/precomputed metadata,CSV,,city_kriging_elapsed_minutes,Elapsed runtime for exact-coordinate city kriging.,numeric,minutes,,,analysis-wide,analysis-wide,Derived from calibration and REACHES,https://www.ncei.noaa.gov/access/paleo-search/study/37720,Code/Get_tempe_all_data.R,Figure9d.R; Assimilation_grid.R; diagnostics,,verified from current scripts
D0132,REACHES_YEAR_DIAGNOSTICS,Output/Intermediate/REACHES/reaches_kriging_year_diagnostics.csv,generated diagnostic,CSV,,year,REACHES event year.,integer,Common Era year,,,all prediction targets for a year,REACHES event years,Derived from REACHES,https://www.ncei.noaa.gov/access/paleo-search/study/37720,Code/Get_tempe_all_data.R,workflow diagnostics,,verified from current scripts
D0133,REACHES_YEAR_DIAGNOSTICS,Output/Intermediate/REACHES/reaches_kriging_year_diagnostics.csv,generated diagnostic,CSV,,number_of_observations,Number of source observations used for the year.,integer,records,,,all prediction targets for a year,REACHES event years,Derived from REACHES,https://www.ncei.noaa.gov/access/paleo-search/study/37720,Code/Get_tempe_all_data.R,workflow diagnostics,,verified from current scripts
D0134,REACHES_YEAR_DIAGNOSTICS,Output/Intermediate/REACHES/reaches_kriging_year_diagnostics.csv,generated diagnostic,CSV,,numerical_jitter,Diagonal jitter added for numerical stabilization.,numeric,observed index squared,,,all prediction targets for a year,REACHES event years,Derived from REACHES,https://www.ncei.noaa.gov/access/paleo-search/study/37720,Code/Get_tempe_all_data.R,workflow diagnostics,,verified from current scripts
D0135,FIGURE6_ASSIGNMENTS,Output/Figure6/Figure6_cluster_assignments.csv,generated analysis output,CSV,,location_id,"Native LME location identifier, when available.",integer,none,,No missing values expected except location_id may be absent in fallback inputs,native LME grid location,cluster assignment over analysis period,Derived from kriged REACHES functional data,https://www.ncei.noaa.gov/access/paleo-search/study/37720,Code/Figure6.R,Code/Assimilation_grid.R; Code/Supplementary/FigureS5.R,,verified from current scripts
D0136,FIGURE6_ASSIGNMENTS,Output/Figure6/Figure6_cluster_assignments.csv,generated analysis output,CSV,,long,Longitude of the clustered location.,numeric,decimal degrees east,,No missing values expected except location_id may be absent in fallback inputs,native LME grid location,cluster assignment over analysis period,Derived from kriged REACHES functional data,https://www.ncei.noaa.gov/access/paleo-search/study/37720,Code/Figure6.R,Code/Assimilation_grid.R; Code/Supplementary/FigureS5.R,,verified from current scripts
D0137,FIGURE6_ASSIGNMENTS,Output/Figure6/Figure6_cluster_assignments.csv,generated analysis output,CSV,,lati,Latitude of the clustered location.,numeric,decimal degrees north,,No missing values expected except location_id may be absent in fallback inputs,native LME grid location,cluster assignment over analysis period,Derived from kriged REACHES functional data,https://www.ncei.noaa.gov/access/paleo-search/study/37720,Code/Figure6.R,Code/Assimilation_grid.R; Code/Supplementary/FigureS5.R,,verified from current scripts
D0138,FIGURE6_ASSIGNMENTS,Output/Figure6/Figure6_cluster_assignments.csv,generated analysis output,CSV,,original_mclust_component,Component label returned by mclust before geographic relabeling.,integer,none,"1,…,G",No missing values expected except location_id may be absent in fallback inputs,native LME grid location,cluster assignment over analysis period,Derived from kriged REACHES functional data,https://www.ncei.noaa.gov/access/paleo-search/study/37720,Code/Figure6.R,Code/Assimilation_grid.R; Code/Supplementary/FigureS5.R,,verified from current scripts
D0139,FIGURE6_ASSIGNMENTS,Output/Figure6/Figure6_cluster_assignments.csv,generated analysis output,CSV,,figure6_cluster,Cluster label used in Figure 6 and downstream supplementary analyses.,integer,none,1; 2; 3; 4,No missing values expected except location_id may be absent in fallback inputs,native LME grid location,cluster assignment over analysis period,Derived from kriged REACHES functional data,https://www.ncei.noaa.gov/access/paleo-search/study/37720,Code/Figure6.R,Code/Assimilation_grid.R; Code/Supplementary/FigureS5.R,,verified from current scripts
D0140,FIGURE6_BIC,Output/Figure6/Figure6_mclust_bic.csv,generated diagnostic,CSV,,number_of_clusters,Candidate number of mixture components.,integer,clusters,,,functional clustering model,analysis-wide,Derived from kriged REACHES,https://www.ncei.noaa.gov/access/paleo-search/study/37720,Code/Figure6.R,cluster-selection documentation,"For mclust BIC, larger values are preferred.",verified from current scripts
D0141,FIGURE6_BIC,Output/Figure6/Figure6_mclust_bic.csv,generated diagnostic,CSV,,model_name,mclust covariance-model name.,character,none,,,functional clustering model,analysis-wide,Derived from kriged REACHES,https://www.ncei.noaa.gov/access/paleo-search/study/37720,Code/Figure6.R,cluster-selection documentation,"For mclust BIC, larger values are preferred.",verified from current scripts
D0142,FIGURE6_BIC,Output/Figure6/Figure6_mclust_bic.csv,generated diagnostic,CSV,,BIC,Bayesian information criterion reported by mclust.,numeric,none,,,functional clustering model,analysis-wide,Derived from kriged REACHES,https://www.ncei.noaa.gov/access/paleo-search/study/37720,Code/Figure6.R,cluster-selection documentation,"For mclust BIC, larger values are preferred.",verified from current scripts
D0143,FIGURE6_SELECTION,Output/Figure6/Figure6_cluster_selection.csv,generated metadata,CSV,,cluster_selection_mode,Configured selection mode.,character,none,,,functional clustering model,analysis-wide,Derived from kriged REACHES,https://www.ncei.noaa.gov/access/paleo-search/study/37720,Code/Figure6.R,cluster-selection documentation,,verified from current scripts
D0144,FIGURE6_SELECTION,Output/Figure6/Figure6_cluster_selection.csv,generated metadata,CSV,,bic_selected_number_of_clusters,Number of clusters selected by BIC.,integer,clusters,,,functional clustering model,analysis-wide,Derived from kriged REACHES,https://www.ncei.noaa.gov/access/paleo-search/study/37720,Code/Figure6.R,cluster-selection documentation,,verified from current scripts
D0145,FIGURE6_SELECTION,Output/Figure6/Figure6_cluster_selection.csv,generated metadata,CSV,,figure_number_of_clusters,Number of clusters used in the final figure.,integer,clusters,,,functional clustering model,analysis-wide,Derived from kriged REACHES,https://www.ncei.noaa.gov/access/paleo-search/study/37720,Code/Figure6.R,cluster-selection documentation,,verified from current scripts
D0146,FIGURE6_SELECTION,Output/Figure6/Figure6_cluster_selection.csv,generated metadata,CSV,,selected_model_name,Selected mclust model name.,character,none,,,functional clustering model,analysis-wide,Derived from kriged REACHES,https://www.ncei.noaa.gov/access/paleo-search/study/37720,Code/Figure6.R,cluster-selection documentation,,verified from current scripts
D0147,FIGURE6_SELECTION,Output/Figure6/Figure6_cluster_selection.csv,generated metadata,CSV,,relabeling_rule,Description of the component-to-figure relabeling.,character,none,,,functional clustering model,analysis-wide,Derived from kriged REACHES,https://www.ncei.noaa.gov/access/paleo-search/study/37720,Code/Figure6.R,cluster-selection documentation,,verified from current scripts
D0148,PRIOR_PARAMETER_FILES,"Output/Intermediate/Prior/{mt,mu,rt}{B,S,H}.csv OR Data/par/{mt,mu,rt}{B,S,H}.csv",generated/precomputed intermediate,CSV,,year,Calendar year associated with the parameter estimate.,integer,Common Era year,M: 1368–1910; mu and r2: 1368–1911,No missing values expected,city-specific state-space prior,annual,Derived from city-specific LME ensemble series,https://www.cesm.ucar.edu/community-projects/lme,Code/Prior.R,Code/Figure9abc.R; Code/Figure9d.R,mt stores transition M_t; mu stores prior mean mu_t; rt stores innovation variance r_t^2.,verified from current scripts
D0149,PRIOR_PARAMETER_FILES,"Output/Intermediate/Prior/{mt,mu,rt}{B,S,H}.csv OR Data/par/{mt,mu,rt}{B,S,H}.csv",generated/precomputed intermediate,CSV,,coefficient,Estimation method represented by the row.,character,none,Penalized ML; ML,No missing values expected,city-specific state-space prior,annual,Derived from city-specific LME ensemble series,https://www.cesm.ucar.edu/community-projects/lme,Code/Prior.R,Code/Figure9abc.R; Code/Figure9d.R,mt stores transition M_t; mu stores prior mean mu_t; rt stores innovation variance r_t^2.,verified from current scripts
D0150,PRIOR_PARAMETER_FILES,"Output/Intermediate/Prior/{mt,mu,rt}{B,S,H}.csv OR Data/par/{mt,mu,rt}{B,S,H}.csv",generated/precomputed intermediate,CSV,,value,Estimated parameter value.,numeric,parameter-specific,,No missing values expected,city-specific state-space prior,annual,Derived from city-specific LME ensemble series,https://www.cesm.ucar.edu/community-projects/lme,Code/Prior.R,Code/Figure9abc.R; Code/Figure9d.R,mt stores transition M_t; mu stores prior mean mu_t; rt stores innovation variance r_t^2.,verified from current scripts
D0151,PRIOR_CV,"Output/Intermediate/Prior/prior_cv_{Beijing,Shanghai,HongKong}.csv",generated diagnostic,CSV,,city,City name.,character,none,,,city-specific LME ensemble,analysis-wide,Derived from CESM LME,https://www.cesm.ucar.edu/community-projects/lme,Code/Prior.R,penalty selection diagnostics,,verified from current scripts
D0152,PRIOR_CV,"Output/Intermediate/Prior/prior_cv_{Beijing,Shanghai,HongKong}.csv",generated diagnostic,CSV,,lambda1,Candidate penalty for the first parameter sequence.,numeric,none,,,city-specific LME ensemble,analysis-wide,Derived from CESM LME,https://www.cesm.ucar.edu/community-projects/lme,Code/Prior.R,penalty selection diagnostics,,verified from current scripts
D0153,PRIOR_CV,"Output/Intermediate/Prior/prior_cv_{Beijing,Shanghai,HongKong}.csv",generated diagnostic,CSV,,lambda2,Candidate penalty for the second parameter sequence.,numeric,none,,,city-specific LME ensemble,analysis-wide,Derived from CESM LME,https://www.cesm.ucar.edu/community-projects/lme,Code/Prior.R,penalty selection diagnostics,,verified from current scripts
D0154,PRIOR_CV,"Output/Intermediate/Prior/prior_cv_{Beijing,Shanghai,HongKong}.csv",generated diagnostic,CSV,,lambda3,Candidate penalty for the third parameter sequence.,numeric,none,,,city-specific LME ensemble,analysis-wide,Derived from CESM LME,https://www.cesm.ucar.edu/community-projects/lme,Code/Prior.R,penalty selection diagnostics,,verified from current scripts
D0155,PRIOR_CV,"Output/Intermediate/Prior/prior_cv_{Beijing,Shanghai,HongKong}.csv",generated diagnostic,CSV,,CV,Mean leave-one-member-out cross-validation objective.,numeric,negative log-likelihood scale,,,city-specific LME ensemble,analysis-wide,Derived from CESM LME,https://www.cesm.ucar.edu/community-projects/lme,Code/Prior.R,penalty selection diagnostics,,verified from current scripts
D0156,PRIOR_BEST_LAMBDAS,Output/Intermediate/Prior/prior_best_lambdas.csv,generated diagnostic,CSV,,city,City name.,character,none,Beijing; Shanghai; HongKong,,city-specific LME ensemble,analysis-wide,Derived from CESM LME,https://www.cesm.ucar.edu/community-projects/lme,Code/Prior.R,penalty selection documentation,,verified from current scripts
D0157,PRIOR_BEST_LAMBDAS,Output/Intermediate/Prior/prior_best_lambdas.csv,generated diagnostic,CSV,,lambda1,Selected first penalty.,numeric,none,,,city-specific LME ensemble,analysis-wide,Derived from CESM LME,https://www.cesm.ucar.edu/community-projects/lme,Code/Prior.R,penalty selection documentation,,verified from current scripts
D0158,PRIOR_BEST_LAMBDAS,Output/Intermediate/Prior/prior_best_lambdas.csv,generated diagnostic,CSV,,lambda2,Selected second penalty.,numeric,none,,,city-specific LME ensemble,analysis-wide,Derived from CESM LME,https://www.cesm.ucar.edu/community-projects/lme,Code/Prior.R,penalty selection documentation,,verified from current scripts
D0159,PRIOR_BEST_LAMBDAS,Output/Intermediate/Prior/prior_best_lambdas.csv,generated diagnostic,CSV,,lambda3,Selected third penalty.,numeric,none,,,city-specific LME ensemble,analysis-wide,Derived from CESM LME,https://www.cesm.ucar.edu/community-projects/lme,Code/Prior.R,penalty selection documentation,,verified from current scripts
D0160,PRIOR_BEST_LAMBDAS,Output/Intermediate/Prior/prior_best_lambdas.csv,generated diagnostic,CSV,,lambda1_on_grid_boundary,Whether lambda1 lies on a search-grid boundary.,logical,none,TRUE; FALSE,,city-specific LME ensemble,analysis-wide,Derived from CESM LME,https://www.cesm.ucar.edu/community-projects/lme,Code/Prior.R,penalty selection documentation,,verified from current scripts
D0161,PRIOR_BEST_LAMBDAS,Output/Intermediate/Prior/prior_best_lambdas.csv,generated diagnostic,CSV,,lambda2_on_grid_boundary,Whether lambda2 lies on a search-grid boundary.,logical,none,TRUE; FALSE,,city-specific LME ensemble,analysis-wide,Derived from CESM LME,https://www.cesm.ucar.edu/community-projects/lme,Code/Prior.R,penalty selection documentation,,verified from current scripts
D0162,PRIOR_BEST_LAMBDAS,Output/Intermediate/Prior/prior_best_lambdas.csv,generated diagnostic,CSV,,lambda3_on_grid_boundary,Whether lambda3 lies on a search-grid boundary.,logical,none,TRUE; FALSE,,city-specific LME ensemble,analysis-wide,Derived from CESM LME,https://www.cesm.ucar.edu/community-projects/lme,Code/Prior.R,penalty selection documentation,,verified from current scripts
D0163,PRIOR_BEST_LAMBDAS,Output/Intermediate/Prior/prior_best_lambdas.csv,generated diagnostic,CSV,,CV,Cross-validation objective at selected penalties.,numeric,negative log-likelihood scale,,,city-specific LME ensemble,analysis-wide,Derived from CESM LME,https://www.cesm.ucar.edu/community-projects/lme,Code/Prior.R,penalty selection documentation,,verified from current scripts
D0164,PRIOR_BEST_LAMBDAS,Output/Intermediate/Prior/prior_best_lambdas.csv,generated diagnostic,CSV,,iterations,Number of optimization iterations for the selected fit.,integer,iterations,,,city-specific LME ensemble,analysis-wide,Derived from CESM LME,https://www.cesm.ucar.edu/community-projects/lme,Code/Prior.R,penalty selection documentation,,verified from current scripts
D0165,PRIOR_BEST_LAMBDAS,Output/Intermediate/Prior/prior_best_lambdas.csv,generated diagnostic,CSV,,converged,Convergence indicator for the selected fit.,logical,none,TRUE; FALSE,,city-specific LME ensemble,analysis-wide,Derived from CESM LME,https://www.cesm.ucar.edu/community-projects/lme,Code/Prior.R,penalty selection documentation,,verified from current scripts
D0166,CITY_ASSIMILATION,"Data/Valid/assimilation_{Beijing,Shanghai,HongKong}.csv",generated downstream data,CSV,,year,Calendar year.,integer,Common Era year,1368–1911,REACHES-specific fields are NA in prediction-only years; annual state fields should be complete,nominal GHCN station coordinate,annual,"Derived from REACHES, CESM LME, and city-specific prior estimates",,Code/Figure9d.R,Code/Figure10.R; Code/Supplementary/FigureS2.R,"City coordinates: Beijing (116.283, 39.933), Shanghai (121.433, 31.167), Hong Kong (114.167, 22.333).",verified from current scripts
D0167,CITY_ASSIMILATION,"Data/Valid/assimilation_{Beijing,Shanghai,HongKong}.csv",generated downstream data,CSV,,has_reaches_observation,Indicator that a documentary observation is available in the year.,logical,none,TRUE; FALSE,REACHES-specific fields are NA in prediction-only years; annual state fields should be complete,nominal GHCN station coordinate,annual,"Derived from REACHES, CESM LME, and city-specific prior estimates",,Code/Figure9d.R,Code/Figure10.R; Code/Supplementary/FigureS2.R,"City coordinates: Beijing (116.283, 39.933), Shanghai (121.433, 31.167), Hong Kong (114.167, 22.333).",verified from current scripts
D0168,CITY_ASSIMILATION,"Data/Valid/assimilation_{Beijing,Shanghai,HongKong}.csv",generated downstream data,CSV,,reaches_index_mean,Kriged REACHES latent/index-scale prediction mean.,numeric,documentary index units,,REACHES-specific fields are NA in prediction-only years; annual state fields should be complete,nominal GHCN station coordinate,REACHES event year,"Derived from REACHES, CESM LME, and city-specific prior estimates",,Code/Figure9d.R,Code/Figure10.R; Code/Supplementary/FigureS2.R,"City coordinates: Beijing (116.283, 39.933), Shanghai (121.433, 31.167), Hong Kong (114.167, 22.333).",verified from current scripts
D0169,CITY_ASSIMILATION,"Data/Valid/assimilation_{Beijing,Shanghai,HongKong}.csv",generated downstream data,CSV,,reaches_index_sd,Kriging prediction standard deviation.,numeric,documentary index units,>= 0,REACHES-specific fields are NA in prediction-only years; annual state fields should be complete,nominal GHCN station coordinate,REACHES event year,"Derived from REACHES, CESM LME, and city-specific prior estimates",,Code/Figure9d.R,Code/Figure10.R; Code/Supplementary/FigureS2.R,"City coordinates: Beijing (116.283, 39.933), Shanghai (121.433, 31.167), Hong Kong (114.167, 22.333).",verified from current scripts
D0170,CITY_ASSIMILATION,"Data/Valid/assimilation_{Beijing,Shanghai,HongKong}.csv",generated downstream data,CSV,,reaches_mspe,Kriging prediction variance / MSPE.,numeric,documentary index squared,>= 0,REACHES-specific fields are NA in prediction-only years; annual state fields should be complete,nominal GHCN station coordinate,REACHES event year,"Derived from REACHES, CESM LME, and city-specific prior estimates",,Code/Figure9d.R,Code/Figure10.R; Code/Supplementary/FigureS2.R,"City coordinates: Beijing (116.283, 39.933), Shanghai (121.433, 31.167), Hong Kong (114.167, 22.333).",verified from current scripts
D0171,CITY_ASSIMILATION,"Data/Valid/assimilation_{Beijing,Shanghai,HongKong}.csv",generated downstream data,CSV,,calibrated_reaches_celsius,Uncertainty-aware quantile-mapped REACHES temperature.,numeric,degrees Celsius,,REACHES-specific fields are NA in prediction-only years; annual state fields should be complete,nominal GHCN station coordinate,REACHES event year,"Derived from REACHES, CESM LME, and city-specific prior estimates",,Code/Figure9d.R,Code/Figure10.R; Code/Supplementary/FigureS2.R,"City coordinates: Beijing (116.283, 39.933), Shanghai (121.433, 31.167), Hong Kong (114.167, 22.333).",verified from current scripts
D0172,CITY_ASSIMILATION,"Data/Valid/assimilation_{Beijing,Shanghai,HongKong}.csv",generated downstream data,CSV,,alpha,Measurement-equation intercept alpha_t.,numeric,degrees Celsius,,REACHES-specific fields are NA in prediction-only years; annual state fields should be complete,nominal GHCN station coordinate,REACHES event year,"Derived from REACHES, CESM LME, and city-specific prior estimates",,Code/Figure9d.R,Code/Figure10.R; Code/Supplementary/FigureS2.R,"City coordinates: Beijing (116.283, 39.933), Shanghai (121.433, 31.167), Hong Kong (114.167, 22.333).",verified from current scripts
D0173,CITY_ASSIMILATION,"Data/Valid/assimilation_{Beijing,Shanghai,HongKong}.csv",generated downstream data,CSV,,beta,Measurement-equation slope beta_t.,numeric,degrees Celsius per latent unit,,REACHES-specific fields are NA in prediction-only years; annual state fields should be complete,nominal GHCN station coordinate,REACHES event year,"Derived from REACHES, CESM LME, and city-specific prior estimates",,Code/Figure9d.R,Code/Figure10.R; Code/Supplementary/FigureS2.R,"City coordinates: Beijing (116.283, 39.933), Shanghai (121.433, 31.167), Hong Kong (114.167, 22.333).",verified from current scripts
D0174,CITY_ASSIMILATION,"Data/Valid/assimilation_{Beijing,Shanghai,HongKong}.csv",generated downstream data,CSV,,vdelta,Measurement-equation residual variance Var(delta_t).,numeric,degrees Celsius squared,>= 0,REACHES-specific fields are NA in prediction-only years; annual state fields should be complete,nominal GHCN station coordinate,REACHES event year,"Derived from REACHES, CESM LME, and city-specific prior estimates",,Code/Figure9d.R,Code/Figure10.R; Code/Supplementary/FigureS2.R,"City coordinates: Beijing (116.283, 39.933), Shanghai (121.433, 31.167), Hong Kong (114.167, 22.333).",verified from current scripts
D0175,CITY_ASSIMILATION,"Data/Valid/assimilation_{Beijing,Shanghai,HongKong}.csv",generated downstream data,CSV,,effective_proxy_temperature_celsius,Effective observation (X*_t - alpha_t) / beta_t used to interpret the update.,numeric,degrees Celsius,,REACHES-specific fields are NA in prediction-only years; annual state fields should be complete,nominal GHCN station coordinate,REACHES event year,"Derived from REACHES, CESM LME, and city-specific prior estimates",,Code/Figure9d.R,Code/Figure10.R; Code/Supplementary/FigureS2.R,"City coordinates: Beijing (116.283, 39.933), Shanghai (121.433, 31.167), Hong Kong (114.167, 22.333).",verified from current scripts
D0176,CITY_ASSIMILATION,"Data/Valid/assimilation_{Beijing,Shanghai,HongKong}.csv",generated downstream data,CSV,,observation_weight,Kalman update weight assigned to the effective proxy.,numeric,dimensionless,0–1,REACHES-specific fields are NA in prediction-only years; annual state fields should be complete,nominal GHCN station coordinate,REACHES event year,"Derived from REACHES, CESM LME, and city-specific prior estimates",,Code/Figure9d.R,Code/Figure10.R; Code/Supplementary/FigureS2.R,"City coordinates: Beijing (116.283, 39.933), Shanghai (121.433, 31.167), Hong Kong (114.167, 22.333).",verified from current scripts
D0177,CITY_ASSIMILATION,"Data/Valid/assimilation_{Beijing,Shanghai,HongKong}.csv",generated downstream data,CSV,,dynamic_prior_prediction,One-step-ahead state prediction before the documentary update.,numeric,degrees Celsius,,REACHES-specific fields are NA in prediction-only years; annual state fields should be complete,nominal GHCN station coordinate,annual,"Derived from REACHES, CESM LME, and city-specific prior estimates",,Code/Figure9d.R,Code/Figure10.R; Code/Supplementary/FigureS2.R,"City coordinates: Beijing (116.283, 39.933), Shanghai (121.433, 31.167), Hong Kong (114.167, 22.333).",verified from current scripts
D0178,CITY_ASSIMILATION,"Data/Valid/assimilation_{Beijing,Shanghai,HongKong}.csv",generated downstream data,CSV,,filtered_temperature_celsius,Kalman-filtered posterior state mean.,numeric,degrees Celsius,,REACHES-specific fields are NA in prediction-only years; annual state fields should be complete,nominal GHCN station coordinate,annual,"Derived from REACHES, CESM LME, and city-specific prior estimates",,Code/Figure9d.R,Code/Figure10.R; Code/Supplementary/FigureS2.R,"City coordinates: Beijing (116.283, 39.933), Shanghai (121.433, 31.167), Hong Kong (114.167, 22.333).",verified from current scripts
D0179,CITY_ASSIMILATION,"Data/Valid/assimilation_{Beijing,Shanghai,HongKong}.csv",generated downstream data,CSV,,smoothed_temperature_celsius,RTS-smoothed posterior state mean.,numeric,degrees Celsius,,REACHES-specific fields are NA in prediction-only years; annual state fields should be complete,nominal GHCN station coordinate,annual,"Derived from REACHES, CESM LME, and city-specific prior estimates",,Code/Figure9d.R,Code/Figure10.R; Code/Supplementary/FigureS2.R,"City coordinates: Beijing (116.283, 39.933), Shanghai (121.433, 31.167), Hong Kong (114.167, 22.333).",verified from current scripts
D0180,CITY_ASSIMILATION,"Data/Valid/assimilation_{Beijing,Shanghai,HongKong}.csv",generated downstream data,CSV,,lme_ensemble_mean_celsius,Annual LME ensemble-mean temperature at the city coordinate.,numeric,degrees Celsius,,REACHES-specific fields are NA in prediction-only years; annual state fields should be complete,nominal GHCN station coordinate,annual,"Derived from REACHES, CESM LME, and city-specific prior estimates",,Code/Figure9d.R,Code/Figure10.R; Code/Supplementary/FigureS2.R,"City coordinates: Beijing (116.283, 39.933), Shanghai (121.433, 31.167), Hong Kong (114.167, 22.333).",verified from current scripts
D0181,CITY_ASSIMILATION,"Data/Valid/assimilation_{Beijing,Shanghai,HongKong}.csv",generated downstream data,CSV,,implied_latent_kriging_variance,Implied Var(Yhat_t) = sigma_Y^2 - MSPE_t after numerical clipping.,numeric,latent index squared,0–sigma_Y^2,REACHES-specific fields are NA in prediction-only years; annual state fields should be complete,nominal GHCN station coordinate,REACHES event year,"Derived from REACHES, CESM LME, and city-specific prior estimates",,Code/Figure9d.R,Code/Figure10.R; Code/Supplementary/FigureS2.R,"City coordinates: Beijing (116.283, 39.933), Shanghai (121.433, 31.167), Hong Kong (114.167, 22.333).",verified from current scripts
D0182,CITY_ASSIMILATION,"Data/Valid/assimilation_{Beijing,Shanghai,HongKong}.csv",generated downstream data,CSV,,prior_mean,Estimated prior mean sequence mu_t.,numeric,degrees Celsius,,REACHES-specific fields are NA in prediction-only years; annual state fields should be complete,nominal GHCN station coordinate,annual,"Derived from REACHES, CESM LME, and city-specific prior estimates",,Code/Figure9d.R,Code/Figure10.R; Code/Supplementary/FigureS2.R,"City coordinates: Beijing (116.283, 39.933), Shanghai (121.433, 31.167), Hong Kong (114.167, 22.333).",verified from current scripts
D0183,CITY_ASSIMILATION,"Data/Valid/assimilation_{Beijing,Shanghai,HongKong}.csv",generated downstream data,CSV,,prior_innovation_variance,Estimated state innovation variance r_t^2.,numeric,degrees Celsius squared,>= 0,REACHES-specific fields are NA in prediction-only years; annual state fields should be complete,nominal GHCN station coordinate,annual,"Derived from REACHES, CESM LME, and city-specific prior estimates",,Code/Figure9d.R,Code/Figure10.R; Code/Supplementary/FigureS2.R,"City coordinates: Beijing (116.283, 39.933), Shanghai (121.433, 31.167), Hong Kong (114.167, 22.333).",verified from current scripts
D0184,CITY_ASSIMILATION,"Data/Valid/assimilation_{Beijing,Shanghai,HongKong}.csv",generated downstream data,CSV,,transition_M,Estimated AR(1) transition coefficient M_t.,numeric,dimensionless,,REACHES-specific fields are NA in prediction-only years; annual state fields should be complete,nominal GHCN station coordinate,1368–1910; final year is NA,"Derived from REACHES, CESM LME, and city-specific prior estimates",,Code/Figure9d.R,Code/Figure10.R; Code/Supplementary/FigureS2.R,"City coordinates: Beijing (116.283, 39.933), Shanghai (121.433, 31.167), Hong Kong (114.167, 22.333).",verified from current scripts
D0185,CITY_ASSIMILATION,"Data/Valid/assimilation_{Beijing,Shanghai,HongKong}.csv",generated downstream data,CSV,,dynamic_prior_prediction_variance,Variance of the one-step-ahead state prediction.,numeric,degrees Celsius squared,>= 0,REACHES-specific fields are NA in prediction-only years; annual state fields should be complete,nominal GHCN station coordinate,annual,"Derived from REACHES, CESM LME, and city-specific prior estimates",,Code/Figure9d.R,Code/Figure10.R; Code/Supplementary/FigureS2.R,"City coordinates: Beijing (116.283, 39.933), Shanghai (121.433, 31.167), Hong Kong (114.167, 22.333).",verified from current scripts
D0186,CITY_ASSIMILATION,"Data/Valid/assimilation_{Beijing,Shanghai,HongKong}.csv",generated downstream data,CSV,,filtered_variance,Filtered posterior-state variance.,numeric,degrees Celsius squared,>= 0,REACHES-specific fields are NA in prediction-only years; annual state fields should be complete,nominal GHCN station coordinate,annual,"Derived from REACHES, CESM LME, and city-specific prior estimates",,Code/Figure9d.R,Code/Figure10.R; Code/Supplementary/FigureS2.R,"City coordinates: Beijing (116.283, 39.933), Shanghai (121.433, 31.167), Hong Kong (114.167, 22.333).",verified from current scripts
D0187,CITY_ASSIMILATION,"Data/Valid/assimilation_{Beijing,Shanghai,HongKong}.csv",generated downstream data,CSV,,smoothed_variance,RTS-smoothed posterior-state variance.,numeric,degrees Celsius squared,>= 0,REACHES-specific fields are NA in prediction-only years; annual state fields should be complete,nominal GHCN station coordinate,annual,"Derived from REACHES, CESM LME, and city-specific prior estimates",,Code/Figure9d.R,Code/Figure10.R; Code/Supplementary/FigureS2.R,"City coordinates: Beijing (116.283, 39.933), Shanghai (121.433, 31.167), Hong Kong (114.167, 22.333).",verified from current scripts
D0188,CITY_ASSIMILATION,"Data/Valid/assimilation_{Beijing,Shanghai,HongKong}.csv",generated downstream data,CSV,,kalman_gain,Kalman gain in the original measurement-equation scale.,numeric,state units per observation unit,,REACHES-specific fields are NA in prediction-only years; annual state fields should be complete,nominal GHCN station coordinate,REACHES event year,"Derived from REACHES, CESM LME, and city-specific prior estimates",,Code/Figure9d.R,Code/Figure10.R; Code/Supplementary/FigureS2.R,"City coordinates: Beijing (116.283, 39.933), Shanghai (121.433, 31.167), Hong Kong (114.167, 22.333).",verified from current scripts
D0189,CITY_ASSIMILATION,"Data/Valid/assimilation_{Beijing,Shanghai,HongKong}.csv",generated downstream data,CSV,,innovation,Measurement innovation X*_t - (alpha_t + beta_t X_pred).,numeric,degrees Celsius,,REACHES-specific fields are NA in prediction-only years; annual state fields should be complete,nominal GHCN station coordinate,REACHES event year,"Derived from REACHES, CESM LME, and city-specific prior estimates",,Code/Figure9d.R,Code/Figure10.R; Code/Supplementary/FigureS2.R,"City coordinates: Beijing (116.283, 39.933), Shanghai (121.433, 31.167), Hong Kong (114.167, 22.333).",verified from current scripts
D0190,CITY_ASSIMILATION,"Data/Valid/assimilation_{Beijing,Shanghai,HongKong}.csv",generated downstream data,CSV,,filtered_identity_check,Filtered value recomputed as the weighted average of dynamic prior and effective proxy.,numeric,degrees Celsius,,REACHES-specific fields are NA in prediction-only years; annual state fields should be complete,nominal GHCN station coordinate,REACHES event year,"Derived from REACHES, CESM LME, and city-specific prior estimates",,Code/Figure9d.R,Code/Figure10.R; Code/Supplementary/FigureS2.R,"City coordinates: Beijing (116.283, 39.933), Shanghai (121.433, 31.167), Hong Kong (114.167, 22.333).",verified from current scripts
D0191,ASSIMILATION_METRICS,Output/Intermediate/Assimilation/assimilation_metrics.csv,generated diagnostic,CSV,,city,City name.,character,none,,NA for metrics not applicable to displayed-input interval rows,city-specific overlap period,REACHES event years,Derived from city assimilation outputs,,Code/Figure9d.R,implementation and manuscript diagnostics,,verified from current scripts
D0192,ASSIMILATION_METRICS,Output/Intermediate/Assimilation/assimilation_metrics.csv,generated diagnostic,CSV,,reference,Reference series or displayed-input interval.,character,none,,NA for metrics not applicable to displayed-input interval rows,city-specific overlap period,REACHES event years,Derived from city assimilation outputs,,Code/Figure9d.R,implementation and manuscript diagnostics,,verified from current scripts
D0193,ASSIMILATION_METRICS,Output/Intermediate/Assimilation/assimilation_metrics.csv,generated diagnostic,CSV,,estimate,Estimated series being evaluated.,character,none,,NA for metrics not applicable to displayed-input interval rows,city-specific overlap period,REACHES event years,Derived from city assimilation outputs,,Code/Figure9d.R,implementation and manuscript diagnostics,,verified from current scripts
D0194,ASSIMILATION_METRICS,Output/Intermediate/Assimilation/assimilation_metrics.csv,generated diagnostic,CSV,,number_of_years,Number of overlapping event years.,integer,years,,NA for metrics not applicable to displayed-input interval rows,city-specific overlap period,REACHES event years,Derived from city assimilation outputs,,Code/Figure9d.R,implementation and manuscript diagnostics,,verified from current scripts
D0195,ASSIMILATION_METRICS,Output/Intermediate/Assimilation/assimilation_metrics.csv,generated diagnostic,CSV,,correlation,Pearson correlation between estimate and reference.,numeric,dimensionless,,NA for metrics not applicable to displayed-input interval rows,city-specific overlap period,REACHES event years,Derived from city assimilation outputs,,Code/Figure9d.R,implementation and manuscript diagnostics,,verified from current scripts
D0196,ASSIMILATION_METRICS,Output/Intermediate/Assimilation/assimilation_metrics.csv,generated diagnostic,CSV,,mean_bias_estimate_minus_reference,Mean estimate-minus-reference difference.,numeric,degrees Celsius,,NA for metrics not applicable to displayed-input interval rows,city-specific overlap period,REACHES event years,Derived from city assimilation outputs,,Code/Figure9d.R,implementation and manuscript diagnostics,,verified from current scripts
D0197,ASSIMILATION_METRICS,Output/Intermediate/Assimilation/assimilation_metrics.csv,generated diagnostic,CSV,,RMSE,Root mean-square error.,numeric,degrees Celsius,,NA for metrics not applicable to displayed-input interval rows,city-specific overlap period,REACHES event years,Derived from city assimilation outputs,,Code/Figure9d.R,implementation and manuscript diagnostics,,verified from current scripts
D0198,ASSIMILATION_METRICS,Output/Intermediate/Assimilation/assimilation_metrics.csv,generated diagnostic,CSV,,anomaly_correlation,Correlation after subtracting overlap-period means.,numeric,dimensionless,,NA for metrics not applicable to displayed-input interval rows,city-specific overlap period,REACHES event years,Derived from city assimilation outputs,,Code/Figure9d.R,implementation and manuscript diagnostics,,verified from current scripts
D0199,ASSIMILATION_METRICS,Output/Intermediate/Assimilation/assimilation_metrics.csv,generated diagnostic,CSV,,anomaly_RMSE,RMSE of overlap-period anomalies.,numeric,degrees Celsius,,NA for metrics not applicable to displayed-input interval rows,city-specific overlap period,REACHES event years,Derived from city assimilation outputs,,Code/Figure9d.R,implementation and manuscript diagnostics,,verified from current scripts
D0200,ASSIMILATION_METRICS,Output/Intermediate/Assimilation/assimilation_metrics.csv,generated diagnostic,CSV,,proportion_below_both_inputs,Fraction of years in which the smoothed estimate is below calibrated REACHES and LME.,numeric,proportion,,NA for metrics not applicable to displayed-input interval rows,city-specific overlap period,REACHES event years,Derived from city assimilation outputs,,Code/Figure9d.R,implementation and manuscript diagnostics,,verified from current scripts
D0201,ASSIMILATION_METRICS,Output/Intermediate/Assimilation/assimilation_metrics.csv,generated diagnostic,CSV,,proportion_above_both_inputs,Fraction of years in which the smoothed estimate is above calibrated REACHES and LME.,numeric,proportion,,NA for metrics not applicable to displayed-input interval rows,city-specific overlap period,REACHES event years,Derived from city assimilation outputs,,Code/Figure9d.R,implementation and manuscript diagnostics,,verified from current scripts
D0202,ASSIMILATION_METADATA,Output/Intermediate/Assimilation/assimilation_metadata.csv,generated metadata,CSV,,city,City name.,character,none,,,city-specific model,analysis-wide,Derived from city assimilation run,,Code/Figure9d.R,implementation and coordinate diagnostics,,verified from current scripts
D0203,ASSIMILATION_METADATA,Output/Intermediate/Assimilation/assimilation_metadata.csv,generated metadata,CSV,,longitude,Target longitude.,numeric,decimal degrees east,,,city-specific model,analysis-wide,Derived from city assimilation run,,Code/Figure9d.R,implementation and coordinate diagnostics,,verified from current scripts
D0204,ASSIMILATION_METADATA,Output/Intermediate/Assimilation/assimilation_metadata.csv,generated metadata,CSV,,latitude,Target latitude.,numeric,decimal degrees north,,,city-specific model,analysis-wide,Derived from city assimilation run,,Code/Figure9d.R,implementation and coordinate diagnostics,,verified from current scripts
D0205,ASSIMILATION_METADATA,Output/Intermediate/Assimilation/assimilation_metadata.csv,generated metadata,CSV,,process_variance,Latent REACHES process variance.,numeric,latent index squared,,,city-specific model,analysis-wide,Derived from city assimilation run,,Code/Figure9d.R,implementation and coordinate diagnostics,,verified from current scripts
D0206,ASSIMILATION_METADATA,Output/Intermediate/Assimilation/assimilation_metadata.csv,generated metadata,CSV,,number_of_annual_years,Number of annual state years.,integer,years,,,city-specific model,analysis-wide,Derived from city assimilation run,,Code/Figure9d.R,implementation and coordinate diagnostics,,verified from current scripts
D0207,ASSIMILATION_METADATA,Output/Intermediate/Assimilation/assimilation_metadata.csv,generated metadata,CSV,,number_of_reaches_event_years,Number of event years with REACHES information.,integer,years,,,city-specific model,analysis-wide,Derived from city assimilation run,,Code/Figure9d.R,implementation and coordinate diagnostics,,verified from current scripts
D0208,ASSIMILATION_METADATA,Output/Intermediate/Assimilation/assimilation_metadata.csv,generated metadata,CSV,,number_of_prediction_only_years,Number of annual years with a prediction-only Kalman step.,integer,years,,,city-specific model,analysis-wide,Derived from city assimilation run,,Code/Figure9d.R,implementation and coordinate diagnostics,,verified from current scripts
D0209,ASSIMILATION_METADATA,Output/Intermediate/Assimilation/assimilation_metadata.csv,generated metadata,CSV,,number_of_vhat_values_clipped,"Count of implied latent variances clipped to [0, sigma_Y^2].",integer,values,,,city-specific model,analysis-wide,Derived from city assimilation run,,Code/Figure9d.R,implementation and coordinate diagnostics,,verified from current scripts
D0210,ASSIMILATION_METADATA,Output/Intermediate/Assimilation/assimilation_metadata.csv,generated metadata,CSV,,measurement_mc_size,Monte Carlo sample size for measurement parameters.,integer,draws,,,city-specific model,analysis-wide,Derived from city assimilation run,,Code/Figure9d.R,implementation and coordinate diagnostics,,verified from current scripts
D0211,ASSIMILATION_METADATA,Output/Intermediate/Assimilation/assimilation_metadata.csv,generated metadata,CSV,,mapping_latent_lower,Lower latent range used for numerical quantile mapping.,numeric,latent units,,,city-specific model,analysis-wide,Derived from city assimilation run,,Code/Figure9d.R,implementation and coordinate diagnostics,,verified from current scripts
D0212,ASSIMILATION_METADATA,Output/Intermediate/Assimilation/assimilation_metadata.csv,generated metadata,CSV,,mapping_latent_upper,Upper latent range used for numerical quantile mapping.,numeric,latent units,,,city-specific model,analysis-wide,Derived from city assimilation run,,Code/Figure9d.R,implementation and coordinate diagnostics,,verified from current scripts
D0213,ASSIMILATION_METADATA,Output/Intermediate/Assimilation/assimilation_metadata.csv,generated metadata,CSV,,maximum_absolute_mc_latent_draw,Maximum absolute latent Monte Carlo draw.,numeric,latent units,,,city-specific model,analysis-wide,Derived from city assimilation run,,Code/Figure9d.R,implementation and coordinate diagnostics,,verified from current scripts
D0214,ASSIMILATION_METADATA,Output/Intermediate/Assimilation/assimilation_metadata.csv,generated metadata,CSV,,maximum_filter_identity_error,Maximum absolute discrepancy in the filtered weighted-average identity.,numeric,degrees Celsius,,,city-specific model,analysis-wide,Derived from city assimilation run,,Code/Figure9d.R,implementation and coordinate diagnostics,,verified from current scripts
D0215,ASSIMILATION_METADATA,Output/Intermediate/Assimilation/assimilation_metadata.csv,generated metadata,CSV,,minimum_beta,Minimum beta across event years.,numeric,degrees Celsius per latent unit,,,city-specific model,analysis-wide,Derived from city assimilation run,,Code/Figure9d.R,implementation and coordinate diagnostics,,verified from current scripts
D0216,ASSIMILATION_METADATA,Output/Intermediate/Assimilation/assimilation_metadata.csv,generated metadata,CSV,,median_beta,Median beta across event years.,numeric,degrees Celsius per latent unit,,,city-specific model,analysis-wide,Derived from city assimilation run,,Code/Figure9d.R,implementation and coordinate diagnostics,,verified from current scripts
D0217,ASSIMILATION_METADATA,Output/Intermediate/Assimilation/assimilation_metadata.csv,generated metadata,CSV,,maximum_beta,Maximum beta across event years.,numeric,degrees Celsius per latent unit,,,city-specific model,analysis-wide,Derived from city assimilation run,,Code/Figure9d.R,implementation and coordinate diagnostics,,verified from current scripts
D0218,ASSIMILATION_METADATA,Output/Intermediate/Assimilation/assimilation_metadata.csv,generated metadata,CSV,,minimum_observation_weight,Minimum observation weight.,numeric,proportion,,,city-specific model,analysis-wide,Derived from city assimilation run,,Code/Figure9d.R,implementation and coordinate diagnostics,,verified from current scripts
D0219,ASSIMILATION_METADATA,Output/Intermediate/Assimilation/assimilation_metadata.csv,generated metadata,CSV,,median_observation_weight,Median observation weight.,numeric,proportion,,,city-specific model,analysis-wide,Derived from city assimilation run,,Code/Figure9d.R,implementation and coordinate diagnostics,,verified from current scripts
D0220,ASSIMILATION_METADATA,Output/Intermediate/Assimilation/assimilation_metadata.csv,generated metadata,CSV,,maximum_observation_weight,Maximum observation weight.,numeric,proportion,,,city-specific model,analysis-wide,Derived from city assimilation run,,Code/Figure9d.R,implementation and coordinate diagnostics,,verified from current scripts
D0221,FIGURE10_METRICS,Output/Figure10/Figure10_metrics.csv,generated table/diagnostic,CSV,,Method,Estimated series being compared with GHCN.,character,none,Assimilated; LME; REACHES,,GHCN station comparison,common complete years through 1911,Derived from GHCNv4.xlsx and city assimilation outputs,https://www.ncei.noaa.gov/pub/data/ghcn/v4/,Code/Figure10.R,manuscript validation results,,verified from current scripts
D0222,FIGURE10_METRICS,Output/Figure10/Figure10_metrics.csv,generated table/diagnostic,CSV,,city,City name.,character,none,Beijing; Shanghai; HongKong,,GHCN station comparison,common complete years through 1911,Derived from GHCNv4.xlsx and city assimilation outputs,https://www.ncei.noaa.gov/pub/data/ghcn/v4/,Code/Figure10.R,manuscript validation results,,verified from current scripts
D0223,FIGURE10_METRICS,Output/Figure10/Figure10_metrics.csv,generated table/diagnostic,CSV,,number_of_years,Number of common complete years.,integer,years,,,GHCN station comparison,common complete years through 1911,Derived from GHCNv4.xlsx and city assimilation outputs,https://www.ncei.noaa.gov/pub/data/ghcn/v4/,Code/Figure10.R,manuscript validation results,,verified from current scripts
D0224,FIGURE10_METRICS,Output/Figure10/Figure10_metrics.csv,generated table/diagnostic,CSV,,first_year,First common comparison year.,integer,Common Era year,,,GHCN station comparison,common complete years through 1911,Derived from GHCNv4.xlsx and city assimilation outputs,https://www.ncei.noaa.gov/pub/data/ghcn/v4/,Code/Figure10.R,manuscript validation results,,verified from current scripts
D0225,FIGURE10_METRICS,Output/Figure10/Figure10_metrics.csv,generated table/diagnostic,CSV,,last_year,Last common comparison year.,integer,Common Era year,,,GHCN station comparison,common complete years through 1911,Derived from GHCNv4.xlsx and city assimilation outputs,https://www.ncei.noaa.gov/pub/data/ghcn/v4/,Code/Figure10.R,manuscript validation results,,verified from current scripts
D0226,FIGURE10_METRICS,Output/Figure10/Figure10_metrics.csv,generated table/diagnostic,CSV,,correlation,Pearson correlation with GHCN.,numeric,dimensionless,,,GHCN station comparison,common complete years through 1911,Derived from GHCNv4.xlsx and city assimilation outputs,https://www.ncei.noaa.gov/pub/data/ghcn/v4/,Code/Figure10.R,manuscript validation results,,verified from current scripts
D0227,FIGURE10_METRICS,Output/Figure10/Figure10_metrics.csv,generated table/diagnostic,CSV,,mean_bias_estimate_minus_GHCN,Mean estimate-minus-GHCN difference.,numeric,degrees Celsius,,,GHCN station comparison,common complete years through 1911,Derived from GHCNv4.xlsx and city assimilation outputs,https://www.ncei.noaa.gov/pub/data/ghcn/v4/,Code/Figure10.R,manuscript validation results,,verified from current scripts
D0228,FIGURE10_METRICS,Output/Figure10/Figure10_metrics.csv,generated table/diagnostic,CSV,,RMSE,Root mean-square error relative to GHCN.,numeric,degrees Celsius,,,GHCN station comparison,common complete years through 1911,Derived from GHCNv4.xlsx and city assimilation outputs,https://www.ncei.noaa.gov/pub/data/ghcn/v4/,Code/Figure10.R,manuscript validation results,,verified from current scripts
D0229,FIGURE10_METRICS,Output/Figure10/Figure10_metrics.csv,generated table/diagnostic,CSV,,anomaly_correlation,Correlation after subtracting method-specific overlap means.,numeric,dimensionless,,,GHCN station comparison,common complete years through 1911,Derived from GHCNv4.xlsx and city assimilation outputs,https://www.ncei.noaa.gov/pub/data/ghcn/v4/,Code/Figure10.R,manuscript validation results,,verified from current scripts
D0230,FIGURE10_METRICS,Output/Figure10/Figure10_metrics.csv,generated table/diagnostic,CSV,,anomaly_RMSE,RMSE after subtracting method-specific overlap means.,numeric,degrees Celsius,,,GHCN station comparison,common complete years through 1911,Derived from GHCNv4.xlsx and city assimilation outputs,https://www.ncei.noaa.gov/pub/data/ghcn/v4/,Code/Figure10.R,manuscript validation results,,verified from current scripts
D0231,FIGURE10_CORRELATIONS,Output/Figure10/Figure10_correlations.csv,generated compatibility table,CSV,,city,City name.,character,none,,,GHCN station comparison,common complete years,Derived from Figure10_metrics.csv,https://www.ncei.noaa.gov/pub/data/ghcn/v4/,Code/Figure10.R,backward-compatible correlation-only output,,verified from current scripts
D0232,FIGURE10_CORRELATIONS,Output/Figure10/Figure10_correlations.csv,generated compatibility table,CSV,,method,Estimated series compared with GHCN.,character,none,,,GHCN station comparison,common complete years,Derived from Figure10_metrics.csv,https://www.ncei.noaa.gov/pub/data/ghcn/v4/,Code/Figure10.R,backward-compatible correlation-only output,,verified from current scripts
D0233,FIGURE10_CORRELATIONS,Output/Figure10/Figure10_correlations.csv,generated compatibility table,CSV,,correlation,Pearson correlation with GHCN.,numeric,dimensionless,,,GHCN station comparison,common complete years,Derived from Figure10_metrics.csv,https://www.ncei.noaa.gov/pub/data/ghcn/v4/,Code/Figure10.R,backward-compatible correlation-only output,,verified from current scripts
D0234,FIGURE10_PLOT_DATA,Output/Figure10/Figure10_plot_data.csv,generated plotting data,CSV,,year,Calendar year.,integer,Common Era year,,Rows are retained only when all compared series are finite,GHCN station comparison,common complete years through 1911,Derived from GHCNv4.xlsx and city assimilation outputs,https://www.ncei.noaa.gov/pub/data/ghcn/v4/,Code/Figure10.R,exact Figure 10 plotting data,,verified from current scripts
D0235,FIGURE10_PLOT_DATA,Output/Figure10/Figure10_plot_data.csv,generated plotting data,CSV,,GHCN,Observed annual GHCN temperature.,numeric,degrees Celsius,,Rows are retained only when all compared series are finite,GHCN station comparison,common complete years through 1911,Derived from GHCNv4.xlsx and city assimilation outputs,https://www.ncei.noaa.gov/pub/data/ghcn/v4/,Code/Figure10.R,exact Figure 10 plotting data,,verified from current scripts
D0236,FIGURE10_PLOT_DATA,Output/Figure10/Figure10_plot_data.csv,generated plotting data,CSV,,Method,Estimated series name.,character,none,Assimilated; LME; REACHES,Rows are retained only when all compared series are finite,GHCN station comparison,common complete years through 1911,Derived from GHCNv4.xlsx and city assimilation outputs,https://www.ncei.noaa.gov/pub/data/ghcn/v4/,Code/Figure10.R,exact Figure 10 plotting data,,verified from current scripts
D0237,FIGURE10_PLOT_DATA,Output/Figure10/Figure10_plot_data.csv,generated plotting data,CSV,,Estimate,Estimated annual temperature for Method.,numeric,degrees Celsius,,Rows are retained only when all compared series are finite,GHCN station comparison,common complete years through 1911,Derived from GHCNv4.xlsx and city assimilation outputs,https://www.ncei.noaa.gov/pub/data/ghcn/v4/,Code/Figure10.R,exact Figure 10 plotting data,,verified from current scripts
D0238,FIGURE10_PLOT_DATA,Output/Figure10/Figure10_plot_data.csv,generated plotting data,CSV,,city,City name.,character,none,Beijing; Shanghai; HongKong,Rows are retained only when all compared series are finite,GHCN station comparison,common complete years through 1911,Derived from GHCNv4.xlsx and city assimilation outputs,https://www.ncei.noaa.gov/pub/data/ghcn/v4/,Code/Figure10.R,exact Figure 10 plotting data,,verified from current scripts
D0239,FIGURES2_PLOT_DATA,Output/Supplementary/FigureS2_plot_data.csv,generated plotting data,CSV,,year,Calendar year.,integer,Common Era year,,REACHES and GHCN can be NA when unavailable; annual state fields should be finite,nominal GHCN station coordinate,configured historical display period through 1911,Derived from GHCNv4.xlsx and city assimilation outputs,https://www.ncei.noaa.gov/pub/data/ghcn/v4/,Code/Supplementary/FigureS2.R,exact Figure S2 plotting data,,verified from current scripts
D0240,FIGURES2_PLOT_DATA,Output/Supplementary/FigureS2_plot_data.csv,generated plotting data,CSV,,Assimilated,RTS-smoothed annual temperature.,numeric,degrees Celsius,,REACHES and GHCN can be NA when unavailable; annual state fields should be finite,nominal GHCN station coordinate,configured historical display period through 1911,Derived from GHCNv4.xlsx and city assimilation outputs,https://www.ncei.noaa.gov/pub/data/ghcn/v4/,Code/Supplementary/FigureS2.R,exact Figure S2 plotting data,,verified from current scripts
D0241,FIGURES2_PLOT_DATA,Output/Supplementary/FigureS2_plot_data.csv,generated plotting data,CSV,,Assimilated_variance,RTS-smoothed posterior variance.,numeric,degrees Celsius squared,>= 0,REACHES and GHCN can be NA when unavailable; annual state fields should be finite,nominal GHCN station coordinate,configured historical display period through 1911,Derived from GHCNv4.xlsx and city assimilation outputs,https://www.ncei.noaa.gov/pub/data/ghcn/v4/,Code/Supplementary/FigureS2.R,exact Figure S2 plotting data,,verified from current scripts
D0242,FIGURES2_PLOT_DATA,Output/Supplementary/FigureS2_plot_data.csv,generated plotting data,CSV,,REACHES,Calibrated REACHES annual temperature.,numeric,degrees Celsius,,REACHES and GHCN can be NA when unavailable; annual state fields should be finite,nominal GHCN station coordinate,configured historical display period through 1911,Derived from GHCNv4.xlsx and city assimilation outputs,https://www.ncei.noaa.gov/pub/data/ghcn/v4/,Code/Supplementary/FigureS2.R,exact Figure S2 plotting data,,verified from current scripts
D0243,FIGURES2_PLOT_DATA,Output/Supplementary/FigureS2_plot_data.csv,generated plotting data,CSV,,LME,Annual LME ensemble-mean temperature.,numeric,degrees Celsius,,REACHES and GHCN can be NA when unavailable; annual state fields should be finite,nominal GHCN station coordinate,configured historical display period through 1911,Derived from GHCNv4.xlsx and city assimilation outputs,https://www.ncei.noaa.gov/pub/data/ghcn/v4/,Code/Supplementary/FigureS2.R,exact Figure S2 plotting data,,verified from current scripts
D0244,FIGURES2_PLOT_DATA,Output/Supplementary/FigureS2_plot_data.csv,generated plotting data,CSV,,Assimilated_sd,Square root of Assimilated_variance.,numeric,degrees Celsius,>= 0,REACHES and GHCN can be NA when unavailable; annual state fields should be finite,nominal GHCN station coordinate,configured historical display period through 1911,Derived from GHCNv4.xlsx and city assimilation outputs,https://www.ncei.noaa.gov/pub/data/ghcn/v4/,Code/Supplementary/FigureS2.R,exact Figure S2 plotting data,,verified from current scripts
D0245,FIGURES2_PLOT_DATA,Output/Supplementary/FigureS2_plot_data.csv,generated plotting data,CSV,,lower_95,Lower endpoint of the plotted ±1.96 SD interval.,numeric,degrees Celsius,,REACHES and GHCN can be NA when unavailable; annual state fields should be finite,nominal GHCN station coordinate,configured historical display period through 1911,Derived from GHCNv4.xlsx and city assimilation outputs,https://www.ncei.noaa.gov/pub/data/ghcn/v4/,Code/Supplementary/FigureS2.R,exact Figure S2 plotting data,,verified from current scripts
D0246,FIGURES2_PLOT_DATA,Output/Supplementary/FigureS2_plot_data.csv,generated plotting data,CSV,,upper_95,Upper endpoint of the plotted ±1.96 SD interval.,numeric,degrees Celsius,,REACHES and GHCN can be NA when unavailable; annual state fields should be finite,nominal GHCN station coordinate,configured historical display period through 1911,Derived from GHCNv4.xlsx and city assimilation outputs,https://www.ncei.noaa.gov/pub/data/ghcn/v4/,Code/Supplementary/FigureS2.R,exact Figure S2 plotting data,,verified from current scripts
D0247,FIGURES2_PLOT_DATA,Output/Supplementary/FigureS2_plot_data.csv,generated plotting data,CSV,,city,City name.,character,none,Beijing; Shanghai; HongKong,REACHES and GHCN can be NA when unavailable; annual state fields should be finite,nominal GHCN station coordinate,configured historical display period through 1911,Derived from GHCNv4.xlsx and city assimilation outputs,https://www.ncei.noaa.gov/pub/data/ghcn/v4/,Code/Supplementary/FigureS2.R,exact Figure S2 plotting data,,verified from current scripts
D0248,FIGURES2_PLOT_DATA,Output/Supplementary/FigureS2_plot_data.csv,generated plotting data,CSV,,GHCN,Observed annual GHCN temperature when available.,numeric,degrees Celsius,,REACHES and GHCN can be NA when unavailable; annual state fields should be finite,nominal GHCN station coordinate,configured historical display period through 1911,Derived from GHCNv4.xlsx and city assimilation outputs,https://www.ncei.noaa.gov/pub/data/ghcn/v4/,Code/Supplementary/FigureS2.R,exact Figure S2 plotting data,,verified from current scripts
D0249,SPATIAL_POSTERIOR_MEAN,Output/Intermediate/Assimilation/assimilated_posterior_lme_grid_mean.csv,generated intermediate,CSV,,location_id,Native LME location identifier.,integer,none,,No missing values expected after successful completion,selected native LME grid locations,time-invariant,"Derived from LME, kriged REACHES, and fixed-penalty prior estimation",,Code/Assimilation_grid.R,Code/Supplementary/FigureS5.R,,verified from current scripts
D0250,SPATIAL_POSTERIOR_MEAN,Output/Intermediate/Assimilation/assimilated_posterior_lme_grid_mean.csv,generated intermediate,CSV,,lati,Latitude of native LME location.,numeric,decimal degrees north,,No missing values expected after successful completion,selected native LME grid locations,time-invariant,"Derived from LME, kriged REACHES, and fixed-penalty prior estimation",,Code/Assimilation_grid.R,Code/Supplementary/FigureS5.R,,verified from current scripts
D0251,SPATIAL_POSTERIOR_MEAN,Output/Intermediate/Assimilation/assimilated_posterior_lme_grid_mean.csv,generated intermediate,CSV,,long,Longitude of native LME location.,numeric,decimal degrees east,,No missing values expected after successful completion,selected native LME grid locations,time-invariant,"Derived from LME, kriged REACHES, and fixed-penalty prior estimation",,Code/Assimilation_grid.R,Code/Supplementary/FigureS5.R,,verified from current scripts
D0252,SPATIAL_POSTERIOR_MEAN,Output/Intermediate/Assimilation/assimilated_posterior_lme_grid_mean.csv,generated intermediate,CSV,,figure6_cluster,Figure 6 cluster label.,integer,none,1; 2; 3; 4,No missing values expected after successful completion,selected native LME grid locations,analysis-wide assignment,"Derived from LME, kriged REACHES, and fixed-penalty prior estimation",,Code/Assimilation_grid.R,Code/Supplementary/FigureS5.R,,verified from current scripts
D0253,SPATIAL_POSTERIOR_MEAN,Output/Intermediate/Assimilation/assimilated_posterior_lme_grid_mean.csv,generated intermediate,CSV,,xYYYY,RTS-smoothed posterior temperature mean in calendar year YYYY.,numeric,degrees Celsius,,No missing values expected after successful completion,selected native LME grid locations,"YYYY = 1368,…,1911","Derived from LME, kriged REACHES, and fixed-penalty prior estimation",,Code/Assimilation_grid.R,Code/Supplementary/FigureS5.R,,verified from current scripts
D0254,SPATIAL_POSTERIOR_VARIANCE,Output/Intermediate/Assimilation/assimilated_posterior_lme_grid_variance.csv,generated intermediate,CSV,,location_id,Native LME location identifier.,integer,none,,No missing values expected after successful completion,selected native LME grid locations,time-invariant,"Derived from LME, kriged REACHES, and fixed-penalty prior estimation",,Code/Assimilation_grid.R,Code/Supplementary/FigureS5.R,,verified from current scripts
D0255,SPATIAL_POSTERIOR_VARIANCE,Output/Intermediate/Assimilation/assimilated_posterior_lme_grid_variance.csv,generated intermediate,CSV,,lati,Latitude of native LME location.,numeric,decimal degrees north,,No missing values expected after successful completion,selected native LME grid locations,time-invariant,"Derived from LME, kriged REACHES, and fixed-penalty prior estimation",,Code/Assimilation_grid.R,Code/Supplementary/FigureS5.R,,verified from current scripts
D0256,SPATIAL_POSTERIOR_VARIANCE,Output/Intermediate/Assimilation/assimilated_posterior_lme_grid_variance.csv,generated intermediate,CSV,,long,Longitude of native LME location.,numeric,decimal degrees east,,No missing values expected after successful completion,selected native LME grid locations,time-invariant,"Derived from LME, kriged REACHES, and fixed-penalty prior estimation",,Code/Assimilation_grid.R,Code/Supplementary/FigureS5.R,,verified from current scripts
D0257,SPATIAL_POSTERIOR_VARIANCE,Output/Intermediate/Assimilation/assimilated_posterior_lme_grid_variance.csv,generated intermediate,CSV,,figure6_cluster,Figure 6 cluster label.,integer,none,1; 2; 3; 4,No missing values expected after successful completion,selected native LME grid locations,analysis-wide assignment,"Derived from LME, kriged REACHES, and fixed-penalty prior estimation",,Code/Assimilation_grid.R,Code/Supplementary/FigureS5.R,,verified from current scripts
D0258,SPATIAL_POSTERIOR_VARIANCE,Output/Intermediate/Assimilation/assimilated_posterior_lme_grid_variance.csv,generated intermediate,CSV,,xYYYY,RTS-smoothed posterior temperature variance in calendar year YYYY.,numeric,degrees Celsius squared,,No missing values expected after successful completion,selected native LME grid locations,"YYYY = 1368,…,1911","Derived from LME, kriged REACHES, and fixed-penalty prior estimation",,Code/Assimilation_grid.R,Code/Supplementary/FigureS5.R,,verified from current scripts
D0259,SPATIAL_ASSIMILATION_DIAGNOSTICS,Output/Intermediate/Assimilation/assimilated_posterior_lme_grid_diagnostics.csv,generated diagnostic,CSV,,location_id,Native LME location identifier.,integer,none,,,native LME grid location,1368–1911 / analysis-wide,Derived from spatial assimilation,,Code/Assimilation_grid.R,workflow and model diagnostics,,verified from current scripts
D0260,SPATIAL_ASSIMILATION_DIAGNOSTICS,Output/Intermediate/Assimilation/assimilated_posterior_lme_grid_diagnostics.csv,generated diagnostic,CSV,,long,Longitude.,numeric,decimal degrees east,,,native LME grid location,1368–1911 / analysis-wide,Derived from spatial assimilation,,Code/Assimilation_grid.R,workflow and model diagnostics,,verified from current scripts
D0261,SPATIAL_ASSIMILATION_DIAGNOSTICS,Output/Intermediate/Assimilation/assimilated_posterior_lme_grid_diagnostics.csv,generated diagnostic,CSV,,lati,Latitude.,numeric,decimal degrees north,,,native LME grid location,1368–1911 / analysis-wide,Derived from spatial assimilation,,Code/Assimilation_grid.R,workflow and model diagnostics,,verified from current scripts
D0262,SPATIAL_ASSIMILATION_DIAGNOSTICS,Output/Intermediate/Assimilation/assimilated_posterior_lme_grid_diagnostics.csv,generated diagnostic,CSV,,figure6_cluster,Figure 6 cluster.,integer,none,,,native LME grid location,1368–1911 / analysis-wide,Derived from spatial assimilation,,Code/Assimilation_grid.R,workflow and model diagnostics,,verified from current scripts
D0263,SPATIAL_ASSIMILATION_DIAGNOSTICS,Output/Intermediate/Assimilation/assimilated_posterior_lme_grid_diagnostics.csv,generated diagnostic,CSV,,lambda1,Fixed first penalty.,numeric,none,,,native LME grid location,1368–1911 / analysis-wide,Derived from spatial assimilation,,Code/Assimilation_grid.R,workflow and model diagnostics,,verified from current scripts
D0264,SPATIAL_ASSIMILATION_DIAGNOSTICS,Output/Intermediate/Assimilation/assimilated_posterior_lme_grid_diagnostics.csv,generated diagnostic,CSV,,lambda2,Fixed second penalty.,numeric,none,,,native LME grid location,1368–1911 / analysis-wide,Derived from spatial assimilation,,Code/Assimilation_grid.R,workflow and model diagnostics,,verified from current scripts
D0265,SPATIAL_ASSIMILATION_DIAGNOSTICS,Output/Intermediate/Assimilation/assimilated_posterior_lme_grid_diagnostics.csv,generated diagnostic,CSV,,lambda3,Fixed third penalty.,numeric,none,,,native LME grid location,1368–1911 / analysis-wide,Derived from spatial assimilation,,Code/Assimilation_grid.R,workflow and model diagnostics,,verified from current scripts
D0266,SPATIAL_ASSIMILATION_DIAGNOSTICS,Output/Intermediate/Assimilation/assimilated_posterior_lme_grid_diagnostics.csv,generated diagnostic,CSV,,prior_converged,Prior-fit convergence indicator.,logical,none,,,native LME grid location,1368–1911 / analysis-wide,Derived from spatial assimilation,,Code/Assimilation_grid.R,workflow and model diagnostics,,verified from current scripts
D0267,SPATIAL_ASSIMILATION_DIAGNOSTICS,Output/Intermediate/Assimilation/assimilated_posterior_lme_grid_diagnostics.csv,generated diagnostic,CSV,,prior_iterations,Prior-fit iterations.,integer,iterations,,,native LME grid location,1368–1911 / analysis-wide,Derived from spatial assimilation,,Code/Assimilation_grid.R,workflow and model diagnostics,,verified from current scripts
D0268,SPATIAL_ASSIMILATION_DIAGNOSTICS,Output/Intermediate/Assimilation/assimilated_posterior_lme_grid_diagnostics.csv,generated diagnostic,CSV,,prior_objective,Final prior objective.,numeric,objective scale,,,native LME grid location,1368–1911 / analysis-wide,Derived from spatial assimilation,,Code/Assimilation_grid.R,workflow and model diagnostics,,verified from current scripts
D0269,SPATIAL_ASSIMILATION_DIAGNOSTICS,Output/Intermediate/Assimilation/assimilated_posterior_lme_grid_diagnostics.csv,generated diagnostic,CSV,,number_of_event_years,Number of REACHES event years.,integer,years,,,native LME grid location,1368–1911 / analysis-wide,Derived from spatial assimilation,,Code/Assimilation_grid.R,workflow and model diagnostics,,verified from current scripts
D0270,SPATIAL_ASSIMILATION_DIAGNOSTICS,Output/Intermediate/Assimilation/assimilated_posterior_lme_grid_diagnostics.csv,generated diagnostic,CSV,,number_of_prediction_only_years,Number of prediction-only state years.,integer,years,,,native LME grid location,1368–1911 / analysis-wide,Derived from spatial assimilation,,Code/Assimilation_grid.R,workflow and model diagnostics,,verified from current scripts
D0271,SPATIAL_ASSIMILATION_DIAGNOSTICS,Output/Intermediate/Assimilation/assimilated_posterior_lme_grid_diagnostics.csv,generated diagnostic,CSV,,minimum_reaches_mspe,Minimum REACHES MSPE.,numeric,documentary index squared,,,native LME grid location,1368–1911 / analysis-wide,Derived from spatial assimilation,,Code/Assimilation_grid.R,workflow and model diagnostics,,verified from current scripts
D0272,SPATIAL_ASSIMILATION_DIAGNOSTICS,Output/Intermediate/Assimilation/assimilated_posterior_lme_grid_diagnostics.csv,generated diagnostic,CSV,,maximum_reaches_mspe,Maximum REACHES MSPE.,numeric,documentary index squared,,,native LME grid location,1368–1911 / analysis-wide,Derived from spatial assimilation,,Code/Assimilation_grid.R,workflow and model diagnostics,,verified from current scripts
D0273,SPATIAL_ASSIMILATION_DIAGNOSTICS,Output/Intermediate/Assimilation/assimilated_posterior_lme_grid_diagnostics.csv,generated diagnostic,CSV,,number_of_vhat_values_clipped,Number of implied latent variances clipped.,integer,values,,,native LME grid location,1368–1911 / analysis-wide,Derived from spatial assimilation,,Code/Assimilation_grid.R,workflow and model diagnostics,,verified from current scripts
D0274,SPATIAL_ASSIMILATION_DIAGNOSTICS,Output/Intermediate/Assimilation/assimilated_posterior_lme_grid_diagnostics.csv,generated diagnostic,CSV,,minimum_beta,Minimum measurement slope.,numeric,degrees Celsius per latent unit,,,native LME grid location,1368–1911 / analysis-wide,Derived from spatial assimilation,,Code/Assimilation_grid.R,workflow and model diagnostics,,verified from current scripts
D0275,SPATIAL_ASSIMILATION_DIAGNOSTICS,Output/Intermediate/Assimilation/assimilated_posterior_lme_grid_diagnostics.csv,generated diagnostic,CSV,,median_beta,Median measurement slope.,numeric,degrees Celsius per latent unit,,,native LME grid location,1368–1911 / analysis-wide,Derived from spatial assimilation,,Code/Assimilation_grid.R,workflow and model diagnostics,,verified from current scripts
D0276,SPATIAL_ASSIMILATION_DIAGNOSTICS,Output/Intermediate/Assimilation/assimilated_posterior_lme_grid_diagnostics.csv,generated diagnostic,CSV,,maximum_beta,Maximum measurement slope.,numeric,degrees Celsius per latent unit,,,native LME grid location,1368–1911 / analysis-wide,Derived from spatial assimilation,,Code/Assimilation_grid.R,workflow and model diagnostics,,verified from current scripts
D0277,SPATIAL_ASSIMILATION_DIAGNOSTICS,Output/Intermediate/Assimilation/assimilated_posterior_lme_grid_diagnostics.csv,generated diagnostic,CSV,,number_abs_beta_below_0_01,Number of event years with |beta| < 0.01.,integer,years,,,native LME grid location,1368–1911 / analysis-wide,Derived from spatial assimilation,,Code/Assimilation_grid.R,workflow and model diagnostics,,verified from current scripts
D0278,SPATIAL_ASSIMILATION_DIAGNOSTICS,Output/Intermediate/Assimilation/assimilated_posterior_lme_grid_diagnostics.csv,generated diagnostic,CSV,,minimum_observation_weight,Minimum observation weight.,numeric,proportion,,,native LME grid location,1368–1911 / analysis-wide,Derived from spatial assimilation,,Code/Assimilation_grid.R,workflow and model diagnostics,,verified from current scripts
D0279,SPATIAL_ASSIMILATION_DIAGNOSTICS,Output/Intermediate/Assimilation/assimilated_posterior_lme_grid_diagnostics.csv,generated diagnostic,CSV,,median_observation_weight,Median observation weight.,numeric,proportion,,,native LME grid location,1368–1911 / analysis-wide,Derived from spatial assimilation,,Code/Assimilation_grid.R,workflow and model diagnostics,,verified from current scripts
D0280,SPATIAL_ASSIMILATION_DIAGNOSTICS,Output/Intermediate/Assimilation/assimilated_posterior_lme_grid_diagnostics.csv,generated diagnostic,CSV,,maximum_observation_weight,Maximum observation weight.,numeric,proportion,,,native LME grid location,1368–1911 / analysis-wide,Derived from spatial assimilation,,Code/Assimilation_grid.R,workflow and model diagnostics,,verified from current scripts
D0281,SPATIAL_ASSIMILATION_DIAGNOSTICS,Output/Intermediate/Assimilation/assimilated_posterior_lme_grid_diagnostics.csv,generated diagnostic,CSV,,maximum_filter_identity_error,Maximum filtered-identity discrepancy.,numeric,degrees Celsius,,,native LME grid location,1368–1911 / analysis-wide,Derived from spatial assimilation,,Code/Assimilation_grid.R,workflow and model diagnostics,,verified from current scripts
D0282,SPATIAL_ASSIMILATION_DIAGNOSTICS,Output/Intermediate/Assimilation/assimilated_posterior_lme_grid_diagnostics.csv,generated diagnostic,CSV,,mapping_latent_lower,Lower latent mapping range.,numeric,latent units,,,native LME grid location,1368–1911 / analysis-wide,Derived from spatial assimilation,,Code/Assimilation_grid.R,workflow and model diagnostics,,verified from current scripts
D0283,SPATIAL_ASSIMILATION_DIAGNOSTICS,Output/Intermediate/Assimilation/assimilated_posterior_lme_grid_diagnostics.csv,generated diagnostic,CSV,,mapping_latent_upper,Upper latent mapping range.,numeric,latent units,,,native LME grid location,1368–1911 / analysis-wide,Derived from spatial assimilation,,Code/Assimilation_grid.R,workflow and model diagnostics,,verified from current scripts
D0284,SPATIAL_ASSIMILATION_DIAGNOSTICS,Output/Intermediate/Assimilation/assimilated_posterior_lme_grid_diagnostics.csv,generated diagnostic,CSV,,maximum_absolute_mc_latent_draw,Maximum absolute Monte Carlo latent draw.,numeric,latent units,,,native LME grid location,1368–1911 / analysis-wide,Derived from spatial assimilation,,Code/Assimilation_grid.R,workflow and model diagnostics,,verified from current scripts
D0285,SPATIAL_ASSIMILATION_DIAGNOSTICS,Output/Intermediate/Assimilation/assimilated_posterior_lme_grid_diagnostics.csv,generated diagnostic,CSV,,mc_draw_exceeded_mapping_range,Whether an MC draw exceeded the mapping range.,logical,none,,,native LME grid location,1368–1911 / analysis-wide,Derived from spatial assimilation,,Code/Assimilation_grid.R,workflow and model diagnostics,,verified from current scripts
D0286,SPATIAL_ASSIMILATION_DIAGNOSTICS,Output/Intermediate/Assimilation/assimilated_posterior_lme_grid_diagnostics.csv,generated diagnostic,CSV,,proportion_posterior_below_both_inputs,Event-year proportion below both calibrated REACHES and LME.,numeric,proportion,,,native LME grid location,1368–1911 / analysis-wide,Derived from spatial assimilation,,Code/Assimilation_grid.R,workflow and model diagnostics,,verified from current scripts
D0287,SPATIAL_ASSIMILATION_DIAGNOSTICS,Output/Intermediate/Assimilation/assimilated_posterior_lme_grid_diagnostics.csv,generated diagnostic,CSV,,proportion_posterior_above_both_inputs,Event-year proportion above both calibrated REACHES and LME.,numeric,proportion,,,native LME grid location,1368–1911 / analysis-wide,Derived from spatial assimilation,,Code/Assimilation_grid.R,workflow and model diagnostics,,verified from current scripts
D0288,SPATIAL_ASSIMILATION_DIAGNOSTICS,Output/Intermediate/Assimilation/assimilated_posterior_lme_grid_diagnostics.csv,generated diagnostic,CSV,,mean_posterior_celsius,Mean posterior temperature.,numeric,degrees Celsius,,,native LME grid location,1368–1911 / analysis-wide,Derived from spatial assimilation,,Code/Assimilation_grid.R,workflow and model diagnostics,,verified from current scripts
D0289,SPATIAL_ASSIMILATION_DIAGNOSTICS,Output/Intermediate/Assimilation/assimilated_posterior_lme_grid_diagnostics.csv,generated diagnostic,CSV,,minimum_posterior_variance,Minimum posterior variance.,numeric,degrees Celsius squared,,,native LME grid location,1368–1911 / analysis-wide,Derived from spatial assimilation,,Code/Assimilation_grid.R,workflow and model diagnostics,,verified from current scripts
D0290,SPATIAL_ASSIMILATION_DIAGNOSTICS,Output/Intermediate/Assimilation/assimilated_posterior_lme_grid_diagnostics.csv,generated diagnostic,CSV,,maximum_posterior_variance,Maximum posterior variance.,numeric,degrees Celsius squared,,,native LME grid location,1368–1911 / analysis-wide,Derived from spatial assimilation,,Code/Assimilation_grid.R,workflow and model diagnostics,,verified from current scripts
D0291,SPATIAL_ASSIMILATION_METADATA,Output/Intermediate/Assimilation/assimilated_posterior_lme_grid_metadata.csv,generated metadata,CSV,,location_scope,Configured set of locations processed.,character,none,,NA allowed for cluster_assignment_file when not applicable,spatial assimilation workflow,analysis-wide,Derived from spatial assimilation,,Code/Assimilation_grid.R,workflow documentation,,verified from current scripts
D0292,SPATIAL_ASSIMILATION_METADATA,Output/Intermediate/Assimilation/assimilated_posterior_lme_grid_metadata.csv,generated metadata,CSV,,number_of_locations,Number of processed locations.,integer,locations,,NA allowed for cluster_assignment_file when not applicable,spatial assimilation workflow,analysis-wide,Derived from spatial assimilation,,Code/Assimilation_grid.R,workflow documentation,,verified from current scripts
D0293,SPATIAL_ASSIMILATION_METADATA,Output/Intermediate/Assimilation/assimilated_posterior_lme_grid_metadata.csv,generated metadata,CSV,,number_of_annual_years,Number of annual state years.,integer,years,,NA allowed for cluster_assignment_file when not applicable,spatial assimilation workflow,analysis-wide,Derived from spatial assimilation,,Code/Assimilation_grid.R,workflow documentation,,verified from current scripts
D0294,SPATIAL_ASSIMILATION_METADATA,Output/Intermediate/Assimilation/assimilated_posterior_lme_grid_metadata.csv,generated metadata,CSV,,first_year,First state year.,integer,Common Era year,,NA allowed for cluster_assignment_file when not applicable,spatial assimilation workflow,analysis-wide,Derived from spatial assimilation,,Code/Assimilation_grid.R,workflow documentation,,verified from current scripts
D0295,SPATIAL_ASSIMILATION_METADATA,Output/Intermediate/Assimilation/assimilated_posterior_lme_grid_metadata.csv,generated metadata,CSV,,last_year,Last state year.,integer,Common Era year,,NA allowed for cluster_assignment_file when not applicable,spatial assimilation workflow,analysis-wide,Derived from spatial assimilation,,Code/Assimilation_grid.R,workflow documentation,,verified from current scripts
D0296,SPATIAL_ASSIMILATION_METADATA,Output/Intermediate/Assimilation/assimilated_posterior_lme_grid_metadata.csv,generated metadata,CSV,,number_of_reaches_event_years,Number of REACHES event years.,integer,years,,NA allowed for cluster_assignment_file when not applicable,spatial assimilation workflow,analysis-wide,Derived from spatial assimilation,,Code/Assimilation_grid.R,workflow documentation,,verified from current scripts
D0297,SPATIAL_ASSIMILATION_METADATA,Output/Intermediate/Assimilation/assimilated_posterior_lme_grid_metadata.csv,generated metadata,CSV,,process_variance,Latent REACHES process variance.,numeric,latent index squared,,NA allowed for cluster_assignment_file when not applicable,spatial assimilation workflow,analysis-wide,Derived from spatial assimilation,,Code/Assimilation_grid.R,workflow documentation,,verified from current scripts
D0298,SPATIAL_ASSIMILATION_METADATA,Output/Intermediate/Assimilation/assimilated_posterior_lme_grid_metadata.csv,generated metadata,CSV,,lambda1,Fixed first penalty.,numeric,none,,NA allowed for cluster_assignment_file when not applicable,spatial assimilation workflow,analysis-wide,Derived from spatial assimilation,,Code/Assimilation_grid.R,workflow documentation,,verified from current scripts
D0299,SPATIAL_ASSIMILATION_METADATA,Output/Intermediate/Assimilation/assimilated_posterior_lme_grid_metadata.csv,generated metadata,CSV,,lambda2,Fixed second penalty.,numeric,none,,NA allowed for cluster_assignment_file when not applicable,spatial assimilation workflow,analysis-wide,Derived from spatial assimilation,,Code/Assimilation_grid.R,workflow documentation,,verified from current scripts
D0300,SPATIAL_ASSIMILATION_METADATA,Output/Intermediate/Assimilation/assimilated_posterior_lme_grid_metadata.csv,generated metadata,CSV,,lambda3,Fixed third penalty.,numeric,none,,NA allowed for cluster_assignment_file when not applicable,spatial assimilation workflow,analysis-wide,Derived from spatial assimilation,,Code/Assimilation_grid.R,workflow documentation,,verified from current scripts
D0301,SPATIAL_ASSIMILATION_METADATA,Output/Intermediate/Assimilation/assimilated_posterior_lme_grid_metadata.csv,generated metadata,CSV,,location_specific_cross_validation,Whether location-specific CV was performed.,logical,none,,NA allowed for cluster_assignment_file when not applicable,spatial assimilation workflow,analysis-wide,Derived from spatial assimilation,,Code/Assimilation_grid.R,workflow documentation,,verified from current scripts
D0302,SPATIAL_ASSIMILATION_METADATA,Output/Intermediate/Assimilation/assimilated_posterior_lme_grid_metadata.csv,generated metadata,CSV,,prior_max_iter,Maximum prior-estimation iterations.,integer,iterations,,NA allowed for cluster_assignment_file when not applicable,spatial assimilation workflow,analysis-wide,Derived from spatial assimilation,,Code/Assimilation_grid.R,workflow documentation,,verified from current scripts
D0303,SPATIAL_ASSIMILATION_METADATA,Output/Intermediate/Assimilation/assimilated_posterior_lme_grid_metadata.csv,generated metadata,CSV,,prior_tol,Prior convergence tolerance.,numeric,none,,NA allowed for cluster_assignment_file when not applicable,spatial assimilation workflow,analysis-wide,Derived from spatial assimilation,,Code/Assimilation_grid.R,workflow documentation,,verified from current scripts
D0304,SPATIAL_ASSIMILATION_METADATA,Output/Intermediate/Assimilation/assimilated_posterior_lme_grid_metadata.csv,generated metadata,CSV,,measurement_mc_size,Measurement-model Monte Carlo size.,integer,draws,,NA allowed for cluster_assignment_file when not applicable,spatial assimilation workflow,analysis-wide,Derived from spatial assimilation,,Code/Assimilation_grid.R,workflow documentation,,verified from current scripts
D0305,SPATIAL_ASSIMILATION_METADATA,Output/Intermediate/Assimilation/assimilated_posterior_lme_grid_metadata.csv,generated metadata,CSV,,mapping_grid_size,Latent quantile-mapping grid size.,integer,grid points,,NA allowed for cluster_assignment_file when not applicable,spatial assimilation workflow,analysis-wide,Derived from spatial assimilation,,Code/Assimilation_grid.R,workflow documentation,,verified from current scripts
D0306,SPATIAL_ASSIMILATION_METADATA,Output/Intermediate/Assimilation/assimilated_posterior_lme_grid_metadata.csv,generated metadata,CSV,,lme_cdf_grid_size,LME CDF grid size.,integer,grid points,,NA allowed for cluster_assignment_file when not applicable,spatial assimilation workflow,analysis-wide,Derived from spatial assimilation,,Code/Assimilation_grid.R,workflow documentation,,verified from current scripts
D0307,SPATIAL_ASSIMILATION_METADATA,Output/Intermediate/Assimilation/assimilated_posterior_lme_grid_metadata.csv,generated metadata,CSV,,elapsed_minutes,Elapsed runtime.,numeric,minutes,,NA allowed for cluster_assignment_file when not applicable,spatial assimilation workflow,analysis-wide,Derived from spatial assimilation,,Code/Assimilation_grid.R,workflow documentation,,verified from current scripts
D0308,SPATIAL_ASSIMILATION_METADATA,Output/Intermediate/Assimilation/assimilated_posterior_lme_grid_metadata.csv,generated metadata,CSV,,lme_archive_file,LME archive path used.,character,file path,,NA allowed for cluster_assignment_file when not applicable,spatial assimilation workflow,analysis-wide,Derived from spatial assimilation,,Code/Assimilation_grid.R,workflow documentation,,verified from current scripts
D0309,SPATIAL_ASSIMILATION_METADATA,Output/Intermediate/Assimilation/assimilated_posterior_lme_grid_metadata.csv,generated metadata,CSV,,reaches_mean_file,REACHES mean input path.,character,file path,,NA allowed for cluster_assignment_file when not applicable,spatial assimilation workflow,analysis-wide,Derived from spatial assimilation,,Code/Assimilation_grid.R,workflow documentation,,verified from current scripts
D0310,SPATIAL_ASSIMILATION_METADATA,Output/Intermediate/Assimilation/assimilated_posterior_lme_grid_metadata.csv,generated metadata,CSV,,reaches_variance_file,REACHES variance input path.,character,file path,,NA allowed for cluster_assignment_file when not applicable,spatial assimilation workflow,analysis-wide,Derived from spatial assimilation,,Code/Assimilation_grid.R,workflow documentation,,verified from current scripts
D0311,SPATIAL_ASSIMILATION_METADATA,Output/Intermediate/Assimilation/assimilated_posterior_lme_grid_metadata.csv,generated metadata,CSV,,reaches_metadata_file,REACHES metadata input path.,character,file path,,NA allowed for cluster_assignment_file when not applicable,spatial assimilation workflow,analysis-wide,Derived from spatial assimilation,,Code/Assimilation_grid.R,workflow documentation,,verified from current scripts
D0312,SPATIAL_ASSIMILATION_METADATA,Output/Intermediate/Assimilation/assimilated_posterior_lme_grid_metadata.csv,generated metadata,CSV,,cluster_assignment_file,Cluster-assignment input path when applicable.,character,file path,,NA allowed for cluster_assignment_file when not applicable,spatial assimilation workflow,analysis-wide,Derived from spatial assimilation,,Code/Assimilation_grid.R,workflow documentation,,verified from current scripts
D0313,FIGURES5_PANEL_MANIFEST,Output/Intermediate/FigureS5/FigureS5_panel_files.csv,generated manifest,CSV,,data_product,Data product represented by the panel.,character,none,reaches; lme; posterior,,Figure 6 cluster,analysis-wide,Derived from Figure 6 assignments and three gridded products,,Code/Supplementary/FigureS5.R,supplementary figure verification,,verified from current scripts
D0314,FIGURES5_PANEL_MANIFEST,Output/Intermediate/FigureS5/FigureS5_panel_files.csv,generated manifest,CSV,,cluster,Figure 6 cluster.,integer,none,1; 2; 3; 4,,Figure 6 cluster,analysis-wide,Derived from Figure 6 assignments and three gridded products,,Code/Supplementary/FigureS5.R,supplementary figure verification,,verified from current scripts
D0315,FIGURES5_PANEL_MANIFEST,Output/Intermediate/FigureS5/FigureS5_panel_files.csv,generated manifest,CSV,,number_of_locations,Number of locations included in the panel.,integer,locations,,,Figure 6 cluster,analysis-wide,Derived from Figure 6 assignments and three gridded products,,Code/Supplementary/FigureS5.R,supplementary figure verification,,verified from current scripts
D0316,FIGURES5_PANEL_MANIFEST,Output/Intermediate/FigureS5/FigureS5_panel_files.csv,generated manifest,CSV,,output_file,Path to the generated panel image.,character,file path,,,Figure 6 cluster,analysis-wide,Derived from Figure 6 assignments and three gridded products,,Code/Supplementary/FigureS5.R,supplementary figure verification,,verified from current scripts
D0317,FIGURES5_ASSIGNMENTS,Output/Intermediate/FigureS5/FigureS5_cluster_assignments.csv,generated intermediate,CSV,,location_id,Native LME location identifier when available.,integer,none,,,native LME grid location,analysis-wide,Derived from Figure 6 assignments,,Code/Supplementary/FigureS5.R,supplementary clustering consistency,,verified from current scripts
D0318,FIGURES5_ASSIGNMENTS,Output/Intermediate/FigureS5/FigureS5_cluster_assignments.csv,generated intermediate,CSV,,long,Longitude.,numeric,decimal degrees east,,,native LME grid location,analysis-wide,Derived from Figure 6 assignments,,Code/Supplementary/FigureS5.R,supplementary clustering consistency,,verified from current scripts
D0319,FIGURES5_ASSIGNMENTS,Output/Intermediate/FigureS5/FigureS5_cluster_assignments.csv,generated intermediate,CSV,,lat,Latitude.,numeric,decimal degrees north,,,native LME grid location,analysis-wide,Derived from Figure 6 assignments,,Code/Supplementary/FigureS5.R,supplementary clustering consistency,,verified from current scripts
D0320,FIGURES5_ASSIGNMENTS,Output/Intermediate/FigureS5/FigureS5_cluster_assignments.csv,generated intermediate,CSV,,original_mclust_component,Original mclust component label.,integer,none,,,native LME grid location,analysis-wide,Derived from Figure 6 assignments,,Code/Supplementary/FigureS5.R,supplementary clustering consistency,,verified from current scripts
D0321,FIGURES5_ASSIGNMENTS,Output/Intermediate/FigureS5/FigureS5_cluster_assignments.csv,generated intermediate,CSV,,cluster,Cluster label used in Figure S5.,integer,none,1; 2; 3; 4,,native LME grid location,analysis-wide,Derived from Figure 6 assignments,,Code/Supplementary/FigureS5.R,supplementary clustering consistency,,verified from current scripts
D0322,FIGURES5_ASSIGNMENTS,Output/Intermediate/FigureS5/FigureS5_cluster_assignments.csv,generated intermediate,CSV,,cell_id,Coordinate-based unique cell key.,character,none,,,native LME grid location,analysis-wide,Derived from Figure 6 assignments,,Code/Supplementary/FigureS5.R,supplementary clustering consistency,,verified from current scripts
D0323,FIGURES5_ASSIGNMENTS,Output/Intermediate/FigureS5/FigureS5_cluster_assignments.csv,generated intermediate,CSV,,number_of_event_years,Number of REACHES event years.,integer,years,,,native LME grid location,analysis-wide,Derived from Figure 6 assignments,,Code/Supplementary/FigureS5.R,supplementary clustering consistency,,verified from current scripts
D0324,FIGURES5_DIAGNOSTICS,Output/Intermediate/FigureS5/FigureS5_diagnostics.csv,generated diagnostic,CSV,,quantity,Diagnostic quantity name.,character,none,,,Figure S5 workflow,analysis-wide,"Derived from REACHES, LME, posterior, and cluster assignments",,Code/Supplementary/FigureS5.R,workflow diagnostics,,verified from current scripts
D0325,FIGURES5_DIAGNOSTICS,Output/Intermediate/FigureS5/FigureS5_diagnostics.csv,generated diagnostic,CSV,,value,Diagnostic value serialized as text.,character,mixed,,,Figure S5 workflow,analysis-wide,"Derived from REACHES, LME, posterior, and cluster assignments",,Code/Supplementary/FigureS5.R,workflow diagnostics,,verified from current scripts
D0326,COVERAGE_CLIMATE_SUMMARY,Output/Intermediate/coverage_population/lme_climate_summaries.csv,generated intermediate,CSV,,cell_id,Native LME grid-cell identifier.,integer,none,,,native LME grid cell,1368–1911 summary,Derived from CESM LME annual archive,https://www.cesm.ucar.edu/community-projects/lme,Code/Analysis/coverage_population_GAM.R,coverage/population model panel,,verified from current scripts
D0327,COVERAGE_CLIMATE_SUMMARY,Output/Intermediate/coverage_population/lme_climate_summaries.csv,generated intermediate,CSV,,lati,Grid-cell latitude.,numeric,decimal degrees north,,,native LME grid cell,1368–1911 summary,Derived from CESM LME annual archive,https://www.cesm.ucar.edu/community-projects/lme,Code/Analysis/coverage_population_GAM.R,coverage/population model panel,,verified from current scripts
D0328,COVERAGE_CLIMATE_SUMMARY,Output/Intermediate/coverage_population/lme_climate_summaries.csv,generated intermediate,CSV,,long,Grid-cell longitude.,numeric,decimal degrees east,,,native LME grid cell,1368–1911 summary,Derived from CESM LME annual archive,https://www.cesm.ucar.edu/community-projects/lme,Code/Analysis/coverage_population_GAM.R,coverage/population model panel,,verified from current scripts
D0329,COVERAGE_CLIMATE_SUMMARY,Output/Intermediate/coverage_population/lme_climate_summaries.csv,generated intermediate,CSV,,Lbar_g,Long-run mean temperature over all members and analysis years.,numeric,degrees Celsius,,,native LME grid cell,1368–1911 summary,Derived from CESM LME annual archive,https://www.cesm.ucar.edu/community-projects/lme,Code/Analysis/coverage_population_GAM.R,coverage/population model panel,,verified from current scripts
D0330,COVERAGE_CLIMATE_SUMMARY,Output/Intermediate/coverage_population/lme_climate_summaries.csv,generated intermediate,CSV,,sigma2_g,Variance of member-specific temperature anomalies.,numeric,degrees Celsius squared,,,native LME grid cell,1368–1911 summary,Derived from CESM LME annual archive,https://www.cesm.ucar.edu/community-projects/lme,Code/Analysis/coverage_population_GAM.R,coverage/population model panel,,verified from current scripts
D0331,COVERAGE_CLIMATE_SUMMARY,Output/Intermediate/coverage_population/lme_climate_summaries.csv,generated intermediate,CSV,,sigma_g,Standard deviation of member-specific temperature anomalies.,numeric,degrees Celsius,,,native LME grid cell,1368–1911 summary,Derived from CESM LME annual archive,https://www.cesm.ucar.edu/community-projects/lme,Code/Analysis/coverage_population_GAM.R,coverage/population model panel,,verified from current scripts
D0332,COVERAGE_CLIMATE_SUMMARY,Output/Intermediate/coverage_population/lme_climate_summaries.csv,generated intermediate,CSV,,pcold_g,Proportion of anomalies at or below the global 10th-percentile threshold.,numeric,proportion,,,native LME grid cell,1368–1911 summary,Derived from CESM LME annual archive,https://www.cesm.ucar.edu/community-projects/lme,Code/Analysis/coverage_population_GAM.R,coverage/population model panel,,verified from current scripts
D0333,COVERAGE_CLIMATE_SUMMARY,Output/Intermediate/coverage_population/lme_climate_summaries.csv,generated intermediate,CSV,,pwarm_g,Proportion of anomalies at or above the global 90th-percentile threshold.,numeric,proportion,,,native LME grid cell,1368–1911 summary,Derived from CESM LME annual archive,https://www.cesm.ucar.edu/community-projects/lme,Code/Analysis/coverage_population_GAM.R,coverage/population model panel,,verified from current scripts
D0334,POPULATION_ON_LME_GRID,Output/Intermediate/coverage_population/population_on_lme_grid.csv,generated intermediate,CSV,,cell_id,Native LME grid-cell identifier.,integer,none,,,native LME grid cell,time-invariant identifier,Aggregated historical population rasters,,Code/Analysis/coverage_population_GAM.R,coverage/population model panel,,verified from current scripts
D0335,COVERAGE_MODEL_PANEL,Output/Intermediate/coverage_population/coverage_population_model_panel.csv.gz,generated analysis dataset,CSV.GZ,,cell_id,Native LME grid-cell identifier.,integer,none,,Rows with incomplete model variables are excluded,native LME grid cell,"annual, 1368–1911","Derived from REACHES, CESM LME, and population rasters",,Code/Analysis/coverage_population_GAM.R,GAMs M1–M4,All four GAMs are fit on this common complete-case panel.,verified from current scripts
D0336,COVERAGE_MODEL_PANEL,Output/Intermediate/coverage_population/coverage_population_model_panel.csv.gz,generated analysis dataset,CSV.GZ,,R,Binary documentary-coverage indicator R_gu.,integer,0 or 1,,Rows with incomplete model variables are excluded,native LME grid cell,"annual, 1368–1911","Derived from REACHES, CESM LME, and population rasters",,Code/Analysis/coverage_population_GAM.R,GAMs M1–M4,All four GAMs are fit on this common complete-case panel.,verified from current scripts
D0337,COVERAGE_MODEL_PANEL,Output/Intermediate/coverage_population/coverage_population_model_panel.csv.gz,generated analysis dataset,CSV.GZ,,Ngu,Number of distinct documentary sites in cell g and year u.,integer,sites,,Rows with incomplete model variables are excluded,native LME grid cell,"annual, 1368–1911","Derived from REACHES, CESM LME, and population rasters",,Code/Analysis/coverage_population_GAM.R,GAMs M1–M4,All four GAMs are fit on this common complete-case panel.,verified from current scripts
D0338,COVERAGE_MODEL_PANEL,Output/Intermediate/coverage_population/coverage_population_model_panel.csv.gz,generated analysis dataset,CSV.GZ,,long,Grid-cell longitude.,numeric,decimal degrees east,,Rows with incomplete model variables are excluded,native LME grid cell,"annual, 1368–1911","Derived from REACHES, CESM LME, and population rasters",,Code/Analysis/coverage_population_GAM.R,GAMs M1–M4,All four GAMs are fit on this common complete-case panel.,verified from current scripts
D0339,COVERAGE_MODEL_PANEL,Output/Intermediate/coverage_population/coverage_population_model_panel.csv.gz,generated analysis dataset,CSV.GZ,,lat,Grid-cell latitude.,numeric,decimal degrees north,,Rows with incomplete model variables are excluded,native LME grid cell,"annual, 1368–1911","Derived from REACHES, CESM LME, and population rasters",,Code/Analysis/coverage_population_GAM.R,GAMs M1–M4,All four GAMs are fit on this common complete-case panel.,verified from current scripts
D0340,COVERAGE_MODEL_PANEL,Output/Intermediate/coverage_population/coverage_population_model_panel.csv.gz,generated analysis dataset,CSV.GZ,,year,Calendar year.,integer,Common Era year,,Rows with incomplete model variables are excluded,native LME grid cell,"annual, 1368–1911","Derived from REACHES, CESM LME, and population rasters",,Code/Analysis/coverage_population_GAM.R,GAMs M1–M4,All four GAMs are fit on this common complete-case panel.,verified from current scripts
D0341,COVERAGE_MODEL_PANEL,Output/Intermediate/coverage_population/coverage_population_model_panel.csv.gz,generated analysis dataset,CSV.GZ,,Lbar_g,Long-run mean LME temperature.,numeric,degrees Celsius,,Rows with incomplete model variables are excluded,native LME grid cell,"annual, 1368–1911","Derived from REACHES, CESM LME, and population rasters",,Code/Analysis/coverage_population_GAM.R,GAMs M1–M4,All four GAMs are fit on this common complete-case panel.,verified from current scripts
D0342,COVERAGE_MODEL_PANEL,Output/Intermediate/coverage_population/coverage_population_model_panel.csv.gz,generated analysis dataset,CSV.GZ,,sigma_g,Standard deviation of member-specific anomalies.,numeric,degrees Celsius,,Rows with incomplete model variables are excluded,native LME grid cell,"annual, 1368–1911","Derived from REACHES, CESM LME, and population rasters",,Code/Analysis/coverage_population_GAM.R,GAMs M1–M4,All four GAMs are fit on this common complete-case panel.,verified from current scripts
D0343,COVERAGE_MODEL_PANEL,Output/Intermediate/coverage_population/coverage_population_model_panel.csv.gz,generated analysis dataset,CSV.GZ,,pcold_g,Cold-anomaly proportion.,numeric,proportion,,Rows with incomplete model variables are excluded,native LME grid cell,"annual, 1368–1911","Derived from REACHES, CESM LME, and population rasters",,Code/Analysis/coverage_population_GAM.R,GAMs M1–M4,All four GAMs are fit on this common complete-case panel.,verified from current scripts
D0344,COVERAGE_MODEL_PANEL,Output/Intermediate/coverage_population/coverage_population_model_panel.csv.gz,generated analysis dataset,CSV.GZ,,pwarm_g,Warm-anomaly proportion.,numeric,proportion,,Rows with incomplete model variables are excluded,native LME grid cell,"annual, 1368–1911","Derived from REACHES, CESM LME, and population rasters",,Code/Analysis/coverage_population_GAM.R,GAMs M1–M4,All four GAMs are fit on this common complete-case panel.,verified from current scripts
D0345,COVERAGE_MODEL_PANEL,Output/Intermediate/coverage_population/coverage_population_model_panel.csv.gz,generated analysis dataset,CSV.GZ,,nearest_pop_year,Population reference year nearest to the calendar year.,integer,Common Era year,,Rows with incomplete model variables are excluded,native LME grid cell,"annual, 1368–1911","Derived from REACHES, CESM LME, and population rasters",,Code/Analysis/coverage_population_GAM.R,GAMs M1–M4,All four GAMs are fit on this common complete-case panel.,verified from current scripts
D0346,COVERAGE_MODEL_PANEL,Output/Intermediate/coverage_population/coverage_population_model_panel.csv.gz,generated analysis dataset,CSV.GZ,,pop_hist,Historical population raster value selected for the year.,numeric,source raster unit,,Rows with incomplete model variables are excluded,native LME grid cell,"annual, 1368–1911","Derived from REACHES, CESM LME, and population rasters",,Code/Analysis/coverage_population_GAM.R,GAMs M1–M4,All four GAMs are fit on this common complete-case panel.,verified from current scripts
D0347,COVERAGE_MODEL_PANEL,Output/Intermediate/coverage_population/coverage_population_model_panel.csv.gz,generated analysis dataset,CSV.GZ,,Hgu,Population covariate log1p(pop_hist).,numeric,log-transformed source unit,,Rows with incomplete model variables are excluded,native LME grid cell,"annual, 1368–1911","Derived from REACHES, CESM LME, and population rasters",,Code/Analysis/coverage_population_GAM.R,GAMs M1–M4,All four GAMs are fit on this common complete-case panel.,verified from current scripts
D0348,COVERAGE_METADATA,Output/Intermediate/coverage_population/coverage_population_metadata.csv,generated metadata,CSV,,quantity,Metadata quantity name.,character,none,,,coverage/population workflow,analysis-wide,Derived from input and model-panel diagnostics,,Code/Analysis/coverage_population_GAM.R,workflow documentation,,verified from current scripts
D0349,COVERAGE_METADATA,Output/Intermediate/coverage_population/coverage_population_metadata.csv,generated metadata,CSV,,value,Metadata value serialized as text.,character,mixed,,,coverage/population workflow,analysis-wide,Derived from input and model-panel diagnostics,,Code/Analysis/coverage_population_GAM.R,workflow documentation,,verified from current scripts
D0350,TABLE2_COVERAGE_GAM,Output/Tables/Table2_coverage_GAM.csv,generated manuscript table,CSV,,Model,Model identifier.,character,none,,,coverage GAM,analysis-wide,Derived from GAMs M1–M4,,Code/Analysis/coverage_population_GAM.R,manuscript Table 2,,verified from current scripts
D0351,TABLE2_COVERAGE_GAM,Output/Tables/Table2_coverage_GAM.csv,generated manuscript table,CSV,,Additional_terms,Additional covariate group beyond geography and year.,character,none,,,coverage GAM,analysis-wide,Derived from GAMs M1–M4,,Code/Analysis/coverage_population_GAM.R,manuscript Table 2,,verified from current scripts
D0352,TABLE2_COVERAGE_GAM,Output/Tables/Table2_coverage_GAM.csv,generated manuscript table,CSV,,n,Number of model observations.,numeric/integer,cell-years,,,coverage GAM,analysis-wide,Derived from GAMs M1–M4,,Code/Analysis/coverage_population_GAM.R,manuscript Table 2,,verified from current scripts
D0353,TABLE2_COVERAGE_GAM,Output/Tables/Table2_coverage_GAM.csv,generated manuscript table,CSV,,AIC,Akaike information criterion.,numeric,none,,,coverage GAM,analysis-wide,Derived from GAMs M1–M4,,Code/Analysis/coverage_population_GAM.R,manuscript Table 2,,verified from current scripts
D0354,TABLE2_COVERAGE_GAM,Output/Tables/Table2_coverage_GAM.csv,generated manuscript table,CSV,,BIC,Bayesian information criterion.,numeric,none,,,coverage GAM,analysis-wide,Derived from GAMs M1–M4,,Code/Analysis/coverage_population_GAM.R,manuscript Table 2,,verified from current scripts
D0355,TABLE2_COVERAGE_GAM,Output/Tables/Table2_coverage_GAM.csv,generated manuscript table,CSV,,Deviance_explained,Fraction of model deviance explained.,numeric,proportion,,,coverage GAM,analysis-wide,Derived from GAMs M1–M4,,Code/Analysis/coverage_population_GAM.R,manuscript Table 2,,verified from current scripts
D0356,TABLE2_COVERAGE_GAM_FORMATTED,Output/Tables/Table2_coverage_GAM_formatted.csv,generated manuscript table,CSV,,Model,Formatted model identifier.,character,display text,,,coverage GAM,analysis-wide,Formatted from Table2_coverage_GAM.csv,,Code/Analysis/coverage_population_GAM.R,manuscript table rendering,,verified from current scripts
D0357,TABLE2_COVERAGE_GAM_FORMATTED,Output/Tables/Table2_coverage_GAM_formatted.csv,generated manuscript table,CSV,,Additional terms,Formatted additional-term label.,character,display text,,,coverage GAM,analysis-wide,Formatted from Table2_coverage_GAM.csv,,Code/Analysis/coverage_population_GAM.R,manuscript table rendering,,verified from current scripts
D0358,TABLE2_COVERAGE_GAM_FORMATTED,Output/Tables/Table2_coverage_GAM_formatted.csv,generated manuscript table,CSV,,n,Formatted observation count.,character,display text,,,coverage GAM,analysis-wide,Formatted from Table2_coverage_GAM.csv,,Code/Analysis/coverage_population_GAM.R,manuscript table rendering,,verified from current scripts
D0359,TABLE2_COVERAGE_GAM_FORMATTED,Output/Tables/Table2_coverage_GAM_formatted.csv,generated manuscript table,CSV,,AIC,Formatted AIC.,character,display text,,,coverage GAM,analysis-wide,Formatted from Table2_coverage_GAM.csv,,Code/Analysis/coverage_population_GAM.R,manuscript table rendering,,verified from current scripts
D0360,TABLE2_COVERAGE_GAM_FORMATTED,Output/Tables/Table2_coverage_GAM_formatted.csv,generated manuscript table,CSV,,BIC,Formatted BIC.,character,display text,,,coverage GAM,analysis-wide,Formatted from Table2_coverage_GAM.csv,,Code/Analysis/coverage_population_GAM.R,manuscript table rendering,,verified from current scripts
D0361,TABLE2_COVERAGE_GAM_FORMATTED,Output/Tables/Table2_coverage_GAM_formatted.csv,generated manuscript table,CSV,,Dev. expl.,Formatted percentage of deviance explained.,character,display text,,,coverage GAM,analysis-wide,Formatted from Table2_coverage_GAM.csv,,Code/Analysis/coverage_population_GAM.R,manuscript table rendering,,verified from current scripts
D0362,TABLE2_NESTED_COMPARISONS,Output/Tables/Table2_nested_comparisons.csv,generated diagnostic table,CSV,,Comparison,Nested model comparison label.,character,none,,,coverage GAM comparison,analysis-wide,Derived from nested GAM ANOVA comparisons,,Code/Analysis/coverage_population_GAM.R,Section 5.1 model comparisons,,verified from current scripts
D0363,TABLE2_NESTED_COMPARISONS,Output/Tables/Table2_nested_comparisons.csv,generated diagnostic table,CSV,,Added_terms,Terms added in the larger model.,character,none,,,coverage GAM comparison,analysis-wide,Derived from nested GAM ANOVA comparisons,,Code/Analysis/coverage_population_GAM.R,Section 5.1 model comparisons,,verified from current scripts
D0364,TABLE2_NESTED_COMPARISONS,Output/Tables/Table2_nested_comparisons.csv,generated diagnostic table,CSV,,Df,Degrees-of-freedom change.,numeric,degrees of freedom,,,coverage GAM comparison,analysis-wide,Derived from nested GAM ANOVA comparisons,,Code/Analysis/coverage_population_GAM.R,Section 5.1 model comparisons,,verified from current scripts
D0365,TABLE2_NESTED_COMPARISONS,Output/Tables/Table2_nested_comparisons.csv,generated diagnostic table,CSV,,Deviance_reduction,Reduction in deviance.,numeric,deviance,,,coverage GAM comparison,analysis-wide,Derived from nested GAM ANOVA comparisons,,Code/Analysis/coverage_population_GAM.R,Section 5.1 model comparisons,,verified from current scripts
D0366,TABLE2_NESTED_COMPARISONS,Output/Tables/Table2_nested_comparisons.csv,generated diagnostic table,CSV,,p_value,Chi-square comparison p-value.,numeric,probability,,,coverage GAM comparison,analysis-wide,Derived from nested GAM ANOVA comparisons,,Code/Analysis/coverage_population_GAM.R,Section 5.1 model comparisons,,verified from current scripts
D0367,TABLES2_M4_COEFFICIENTS,Output/Tables/TableS2_M4_parametric_coefficients.csv,generated manuscript table,CSV,,Model,Model identifier.,character,none,,,full GAM M4,analysis-wide,Derived from summary(m4)$p.table,,Code/Analysis/coverage_population_GAM.R,Supplementary Table S2,,verified from current scripts
D0368,TABLES2_M4_COEFFICIENTS,Output/Tables/TableS2_M4_parametric_coefficients.csv,generated manuscript table,CSV,,Term,Parametric coefficient name.,character,none,,,full GAM M4,analysis-wide,Derived from summary(m4)$p.table,,Code/Analysis/coverage_population_GAM.R,Supplementary Table S2,,verified from current scripts
D0369,TABLES2_M4_COEFFICIENTS,Output/Tables/TableS2_M4_parametric_coefficients.csv,generated manuscript table,CSV,,Estimate,Estimated logit-scale coefficient.,numeric,log-odds scale,,,full GAM M4,analysis-wide,Derived from summary(m4)$p.table,,Code/Analysis/coverage_population_GAM.R,Supplementary Table S2,,verified from current scripts
D0370,TABLES2_M4_COEFFICIENTS,Output/Tables/TableS2_M4_parametric_coefficients.csv,generated manuscript table,CSV,,Standard_error,Standard error of Estimate.,numeric,log-odds scale,,,full GAM M4,analysis-wide,Derived from summary(m4)$p.table,,Code/Analysis/coverage_population_GAM.R,Supplementary Table S2,,verified from current scripts
D0371,TABLES2_M4_COEFFICIENTS,Output/Tables/TableS2_M4_parametric_coefficients.csv,generated manuscript table,CSV,,z_value,Wald z statistic.,numeric,none,,,full GAM M4,analysis-wide,Derived from summary(m4)$p.table,,Code/Analysis/coverage_population_GAM.R,Supplementary Table S2,,verified from current scripts
D0372,TABLES2_M4_COEFFICIENTS,Output/Tables/TableS2_M4_parametric_coefficients.csv,generated manuscript table,CSV,,p_value,Two-sided coefficient-test p-value.,numeric,probability,,,full GAM M4,analysis-wide,Derived from summary(m4)$p.table,,Code/Analysis/coverage_population_GAM.R,Supplementary Table S2,,verified from current scripts
D0373,TABLES2_M4_COEFFICIENTS_FORMATTED,Output/Tables/TableS2_M4_parametric_coefficients_formatted.csv,generated manuscript table,CSV,,Term,Display label for the term.,character,display text,,,full GAM M4,analysis-wide,Formatted from raw M4 coefficient table,,Code/Analysis/coverage_population_GAM.R,Supplementary Table S2 rendering,,verified from current scripts
D0374,TABLES2_M4_COEFFICIENTS_FORMATTED,Output/Tables/TableS2_M4_parametric_coefficients_formatted.csv,generated manuscript table,CSV,,Term_LaTeX,LaTeX label for the term.,character,display text,,,full GAM M4,analysis-wide,Formatted from raw M4 coefficient table,,Code/Analysis/coverage_population_GAM.R,Supplementary Table S2 rendering,,verified from current scripts
D0375,TABLES2_M4_COEFFICIENTS_FORMATTED,Output/Tables/TableS2_M4_parametric_coefficients_formatted.csv,generated manuscript table,CSV,,Estimate,Estimate formatted to three decimals.,character,display text,,,full GAM M4,analysis-wide,Formatted from raw M4 coefficient table,,Code/Analysis/coverage_population_GAM.R,Supplementary Table S2 rendering,,verified from current scripts
D0376,TABLES2_M4_COEFFICIENTS_FORMATTED,Output/Tables/TableS2_M4_parametric_coefficients_formatted.csv,generated manuscript table,CSV,,Std. error,Standard error formatted to three decimals.,character,display text,,,full GAM M4,analysis-wide,Formatted from raw M4 coefficient table,,Code/Analysis/coverage_population_GAM.R,Supplementary Table S2 rendering,,verified from current scripts
D0377,TABLES2_M4_COEFFICIENTS_FORMATTED,Output/Tables/TableS2_M4_parametric_coefficients_formatted.csv,generated manuscript table,CSV,,z value,z statistic formatted to three decimals.,character,display text,,,full GAM M4,analysis-wide,Formatted from raw M4 coefficient table,,Code/Analysis/coverage_population_GAM.R,Supplementary Table S2 rendering,,verified from current scripts
D0378,TABLES2_M4_COEFFICIENTS_FORMATTED,Output/Tables/TableS2_M4_parametric_coefficients_formatted.csv,generated manuscript table,CSV,,p value,Formatted p-value.,character,display text,,,full GAM M4,analysis-wide,Formatted from raw M4 coefficient table,,Code/Analysis/coverage_population_GAM.R,Supplementary Table S2 rendering,,verified from current scripts
D0379,TABLE2_HGU_COEFFICIENT,Output/Tables/Table2_Hgu_coefficient.csv,generated manuscript/diagnostic table,CSV,,Term,Coefficient identifier Hgu.,character,none,,,full GAM M4,analysis-wide,Extracted from the M4 coefficient table,,Code/Analysis/coverage_population_GAM.R,Section 5.1 reporting,,verified from current scripts
D0380,TABLE2_HGU_COEFFICIENT,Output/Tables/Table2_Hgu_coefficient.csv,generated manuscript/diagnostic table,CSV,,Estimate,Estimated Hgu coefficient.,numeric,log-odds scale,,,full GAM M4,analysis-wide,Extracted from the M4 coefficient table,,Code/Analysis/coverage_population_GAM.R,Section 5.1 reporting,,verified from current scripts
D0381,TABLE2_HGU_COEFFICIENT,Output/Tables/Table2_Hgu_coefficient.csv,generated manuscript/diagnostic table,CSV,,Standard_error,Standard error.,numeric,log-odds scale,,,full GAM M4,analysis-wide,Extracted from the M4 coefficient table,,Code/Analysis/coverage_population_GAM.R,Section 5.1 reporting,,verified from current scripts
D0382,TABLE2_HGU_COEFFICIENT,Output/Tables/Table2_Hgu_coefficient.csv,generated manuscript/diagnostic table,CSV,,Test_statistic,Wald z statistic.,numeric,none,,,full GAM M4,analysis-wide,Extracted from the M4 coefficient table,,Code/Analysis/coverage_population_GAM.R,Section 5.1 reporting,,verified from current scripts
D0383,TABLE2_HGU_COEFFICIENT,Output/Tables/Table2_Hgu_coefficient.csv,generated manuscript/diagnostic table,CSV,,p_value,Two-sided p-value.,numeric,probability,,,full GAM M4,analysis-wide,Extracted from the M4 coefficient table,,Code/Analysis/coverage_population_GAM.R,Section 5.1 reporting,,verified from current scripts
D0384,INTERVAL_DUPLICATE_DIAGNOSTICS,Output/Intermediate/interval_compatibility/duplicate_site_year_diagnostics.csv,generated diagnostic,CSV,,number_of_source_records,Number of raw REACHES source records.,integer,records,,,REACHES site-year aggregation,analysis period,Derived from REACHES,https://www.ncei.noaa.gov/access/paleo-search/study/37720,Code/Analysis/interval_compatibility.R,internal-validation diagnostics,,verified from current scripts
D0385,INTERVAL_DUPLICATE_DIAGNOSTICS,Output/Intermediate/interval_compatibility/duplicate_site_year_diagnostics.csv,generated diagnostic,CSV,,number_of_site_years,Number of unique site-year combinations.,integer,site-years,,,REACHES site-year aggregation,analysis period,Derived from REACHES,https://www.ncei.noaa.gov/access/paleo-search/study/37720,Code/Analysis/interval_compatibility.R,internal-validation diagnostics,,verified from current scripts
D0386,INTERVAL_DUPLICATE_DIAGNOSTICS,Output/Intermediate/interval_compatibility/duplicate_site_year_diagnostics.csv,generated diagnostic,CSV,,duplicated_site_years,Number of site-years with more than one source record.,integer,site-years,,,REACHES site-year aggregation,analysis period,Derived from REACHES,https://www.ncei.noaa.gov/access/paleo-search/study/37720,Code/Analysis/interval_compatibility.R,internal-validation diagnostics,,verified from current scripts
D0387,INTERVAL_DUPLICATE_DIAGNOSTICS,Output/Intermediate/interval_compatibility/duplicate_site_year_diagnostics.csv,generated diagnostic,CSV,,conflicting_site_years,Number of site-years with more than one distinct category.,integer,site-years,,,REACHES site-year aggregation,analysis period,Derived from REACHES,https://www.ncei.noaa.gov/access/paleo-search/study/37720,Code/Analysis/interval_compatibility.R,internal-validation diagnostics,,verified from current scripts
D0388,INTERVAL_DUPLICATE_DIAGNOSTICS,Output/Intermediate/interval_compatibility/duplicate_site_year_diagnostics.csv,generated diagnostic,CSV,,maximum_records_at_one_site_year,Maximum source-record count for one site-year.,integer,records,,,REACHES site-year aggregation,analysis period,Derived from REACHES,https://www.ncei.noaa.gov/access/paleo-search/study/37720,Code/Analysis/interval_compatibility.R,internal-validation diagnostics,,verified from current scripts
D0389,INTERVAL_DUPLICATE_DIAGNOSTICS,Output/Intermediate/interval_compatibility/duplicate_site_year_diagnostics.csv,generated diagnostic,CSV,,maximum_distinct_levels_at_one_site_year,Maximum distinct-category count for one site-year.,integer,categories,,,REACHES site-year aggregation,analysis period,Derived from REACHES,https://www.ncei.noaa.gov/access/paleo-search/study/37720,Code/Analysis/interval_compatibility.R,internal-validation diagnostics,,verified from current scripts
D0390,INTERVAL_SITE_YEAR_MODE,Output/Intermediate/interval_compatibility/reaches_site_year_mode.csv,generated intermediate,CSV,,year,Calendar year.,integer,Common Era year,,,REACHES site,site-year,Derived from REACHES,https://www.ncei.noaa.gov/access/paleo-search/study/37720,Code/Analysis/interval_compatibility.R,held-out split construction,,verified from current scripts
D0391,INTERVAL_SITE_YEAR_MODE,Output/Intermediate/interval_compatibility/reaches_site_year_mode.csv,generated intermediate,CSV,,long,Site longitude.,numeric,decimal degrees east,,,REACHES site,site-year,Derived from REACHES,https://www.ncei.noaa.gov/access/paleo-search/study/37720,Code/Analysis/interval_compatibility.R,held-out split construction,,verified from current scripts
D0392,INTERVAL_SITE_YEAR_MODE,Output/Intermediate/interval_compatibility/reaches_site_year_mode.csv,generated intermediate,CSV,,lat,Site latitude.,numeric,decimal degrees north,,,REACHES site,site-year,Derived from REACHES,https://www.ncei.noaa.gov/access/paleo-search/study/37720,Code/Analysis/interval_compatibility.R,held-out split construction,,verified from current scripts
D0393,INTERVAL_SITE_YEAR_MODE,Output/Intermediate/interval_compatibility/reaches_site_year_mode.csv,generated intermediate,CSV,,site_key,Coordinate-based site identifier.,character,none,,,REACHES site,site-year,Derived from REACHES,https://www.ncei.noaa.gov/access/paleo-search/study/37720,Code/Analysis/interval_compatibility.R,held-out split construction,,verified from current scripts
D0394,INTERVAL_SITE_YEAR_MODE,Output/Intermediate/interval_compatibility/reaches_site_year_mode.csv,generated intermediate,CSV,,site_year_key,Combined site-and-year identifier.,character,none,,,REACHES site,site-year,Derived from REACHES,https://www.ncei.noaa.gov/access/paleo-search/study/37720,Code/Analysis/interval_compatibility.R,held-out split construction,,verified from current scripts
D0395,INTERVAL_SITE_YEAR_MODE,Output/Intermediate/interval_compatibility/reaches_site_year_mode.csv,generated intermediate,CSV,,number_of_source_records,Number of raw records for the site-year.,integer,records,,,REACHES site,site-year,Derived from REACHES,https://www.ncei.noaa.gov/access/paleo-search/study/37720,Code/Analysis/interval_compatibility.R,held-out split construction,,verified from current scripts
D0396,INTERVAL_SITE_YEAR_MODE,Output/Intermediate/interval_compatibility/reaches_site_year_mode.csv,generated intermediate,CSV,,number_of_distinct_levels,Number of distinct REACHES levels for the site-year.,integer,categories,,,REACHES site,site-year,Derived from REACHES,https://www.ncei.noaa.gov/access/paleo-search/study/37720,Code/Analysis/interval_compatibility.R,held-out split construction,,verified from current scripts
D0397,INTERVAL_SITE_YEAR_MODE,Output/Intermediate/interval_compatibility/reaches_site_year_mode.csv,generated intermediate,CSV,,level,Modal REACHES level with first-record tie breaking.,numeric,dimensionless ordinal index,,,REACHES site,site-year,Derived from REACHES,https://www.ncei.noaa.gov/access/paleo-search/study/37720,Code/Analysis/interval_compatibility.R,held-out split construction,,verified from current scripts
D0398,INTERVAL_SITE_YEAR_MODE,Output/Intermediate/interval_compatibility/reaches_site_year_mode.csv,generated intermediate,CSV,,first_source_order,Earliest source-row order in the site-year group.,integer,row order,,,REACHES site,site-year,Derived from REACHES,https://www.ncei.noaa.gov/access/paleo-search/study/37720,Code/Analysis/interval_compatibility.R,held-out split construction,,verified from current scripts
D0399,INTERVAL_ELIGIBLE_YEARS,Output/Intermediate/interval_compatibility/eligible_event_years.csv,generated intermediate,CSV,,year,Event year eligible for held-out validation.,integer,Common Era year,,,REACHES network,event year,Derived from REACHES,https://www.ncei.noaa.gov/access/paleo-search/study/37720,Code/Analysis/interval_compatibility.R,held-out split construction,,verified from current scripts
D0400,INTERVAL_ELIGIBLE_YEARS,Output/Intermediate/interval_compatibility/eligible_event_years.csv,generated intermediate,CSV,,number_of_distinct_sites,Number of distinct sites in the year.,integer,sites,,,REACHES network,event year,Derived from REACHES,https://www.ncei.noaa.gov/access/paleo-search/study/37720,Code/Analysis/interval_compatibility.R,held-out split construction,,verified from current scripts
D0401,INTERVAL_COMPATIBILITY_SUMMARY,Output/Validation/interval_compatibility_summary.csv,generated manuscript/validation table,CSV,,nominal_level,Nominal predictive-interval level.,numeric,proportion,,,held-out REACHES site-years,validation repetitions,Derived from held-out interval validation,https://www.ncei.noaa.gov/access/paleo-search/study/37720,Code/Analysis/interval_compatibility.R,Section 5.2 reporting,,verified from current scripts
D0402,INTERVAL_COMPATIBILITY_SUMMARY,Output/Validation/interval_compatibility_summary.csv,generated manuscript/validation table,CSV,,repetitions,Number of validation repetitions.,integer,repetitions,,,held-out REACHES site-years,validation repetitions,Derived from held-out interval validation,https://www.ncei.noaa.gov/access/paleo-search/study/37720,Code/Analysis/interval_compatibility.R,Section 5.2 reporting,,verified from current scripts
D0403,INTERVAL_COMPATIBILITY_SUMMARY,Output/Validation/interval_compatibility_summary.csv,generated manuscript/validation table,CSV,,held_out_observations_per_repetition,Held-out observations in each repetition.,integer,site-years,,,held-out REACHES site-years,validation repetitions,Derived from held-out interval validation,https://www.ncei.noaa.gov/access/paleo-search/study/37720,Code/Analysis/interval_compatibility.R,Section 5.2 reporting,,verified from current scripts
D0404,INTERVAL_COMPATIBILITY_SUMMARY,Output/Validation/interval_compatibility_summary.csv,generated manuscript/validation table,CSV,,mean_compatibility,Mean compatibility proportion across repetitions.,numeric,proportion,,,held-out REACHES site-years,validation repetitions,Derived from held-out interval validation,https://www.ncei.noaa.gov/access/paleo-search/study/37720,Code/Analysis/interval_compatibility.R,Section 5.2 reporting,,verified from current scripts
D0405,INTERVAL_COMPATIBILITY_SUMMARY,Output/Validation/interval_compatibility_summary.csv,generated manuscript/validation table,CSV,,sd_compatibility,SD of compatibility across repetitions.,numeric,proportion,,,held-out REACHES site-years,validation repetitions,Derived from held-out interval validation,https://www.ncei.noaa.gov/access/paleo-search/study/37720,Code/Analysis/interval_compatibility.R,Section 5.2 reporting,,verified from current scripts
D0406,INTERVAL_COMPATIBILITY_SUMMARY,Output/Validation/interval_compatibility_summary.csv,generated manuscript/validation table,CSV,,minimum_compatibility,Minimum repetition-specific compatibility.,numeric,proportion,,,held-out REACHES site-years,validation repetitions,Derived from held-out interval validation,https://www.ncei.noaa.gov/access/paleo-search/study/37720,Code/Analysis/interval_compatibility.R,Section 5.2 reporting,,verified from current scripts
D0407,INTERVAL_COMPATIBILITY_SUMMARY,Output/Validation/interval_compatibility_summary.csv,generated manuscript/validation table,CSV,,maximum_compatibility,Maximum repetition-specific compatibility.,numeric,proportion,,,held-out REACHES site-years,validation repetitions,Derived from held-out interval validation,https://www.ncei.noaa.gov/access/paleo-search/study/37720,Code/Analysis/interval_compatibility.R,Section 5.2 reporting,,verified from current scripts
D0408,INTERVAL_COMPATIBILITY_SUMMARY,Output/Validation/interval_compatibility_summary.csv,generated manuscript/validation table,CSV,,pooled_compatibility,Compatibility pooled across all held-out observations.,numeric,proportion,,,held-out REACHES site-years,validation repetitions,Derived from held-out interval validation,https://www.ncei.noaa.gov/access/paleo-search/study/37720,Code/Analysis/interval_compatibility.R,Section 5.2 reporting,,verified from current scripts
D0409,INTERVAL_COMPATIBILITY_SUMMARY_FORMATTED,Output/Validation/interval_compatibility_summary_formatted.csv,generated manuscript table,CSV,,Nominal level,Formatted nominal level.,character,display text,,,held-out REACHES site-years,validation repetitions,Formatted from interval_compatibility_summary.csv,https://www.ncei.noaa.gov/access/paleo-search/study/37720,Code/Analysis/interval_compatibility.R,Section 5.2 table rendering,,verified from current scripts
D0410,INTERVAL_COMPATIBILITY_SUMMARY_FORMATTED,Output/Validation/interval_compatibility_summary_formatted.csv,generated manuscript table,CSV,,Mean compatibility,Formatted mean compatibility.,character,display text,,,held-out REACHES site-years,validation repetitions,Formatted from interval_compatibility_summary.csv,https://www.ncei.noaa.gov/access/paleo-search/study/37720,Code/Analysis/interval_compatibility.R,Section 5.2 table rendering,,verified from current scripts
D0411,INTERVAL_COMPATIBILITY_SUMMARY_FORMATTED,Output/Validation/interval_compatibility_summary_formatted.csv,generated manuscript table,CSV,,SD,Formatted SD.,character,display text,,,held-out REACHES site-years,validation repetitions,Formatted from interval_compatibility_summary.csv,https://www.ncei.noaa.gov/access/paleo-search/study/37720,Code/Analysis/interval_compatibility.R,Section 5.2 table rendering,,verified from current scripts
D0412,INTERVAL_COMPATIBILITY_SUMMARY_FORMATTED,Output/Validation/interval_compatibility_summary_formatted.csv,generated manuscript table,CSV,,Minimum,Formatted minimum.,character,display text,,,held-out REACHES site-years,validation repetitions,Formatted from interval_compatibility_summary.csv,https://www.ncei.noaa.gov/access/paleo-search/study/37720,Code/Analysis/interval_compatibility.R,Section 5.2 table rendering,,verified from current scripts
D0413,INTERVAL_COMPATIBILITY_SUMMARY_FORMATTED,Output/Validation/interval_compatibility_summary_formatted.csv,generated manuscript table,CSV,,Maximum,Formatted maximum.,character,display text,,,held-out REACHES site-years,validation repetitions,Formatted from interval_compatibility_summary.csv,https://www.ncei.noaa.gov/access/paleo-search/study/37720,Code/Analysis/interval_compatibility.R,Section 5.2 table rendering,,verified from current scripts
D0414,INTERVAL_COMPATIBILITY_SUMMARY_FORMATTED,Output/Validation/interval_compatibility_summary_formatted.csv,generated manuscript table,CSV,,Pooled compatibility,Formatted pooled compatibility.,character,display text,,,held-out REACHES site-years,validation repetitions,Formatted from interval_compatibility_summary.csv,https://www.ncei.noaa.gov/access/paleo-search/study/37720,Code/Analysis/interval_compatibility.R,Section 5.2 table rendering,,verified from current scripts
D0415,INTERVAL_COMPATIBILITY_BY_SPLIT,Output/Validation/interval_compatibility_by_split.csv,generated validation output,CSV,,repetition,Validation repetition number.,integer,repetitions,,,held-out REACHES site-years,validation repetition,Derived from held-out interval validation,https://www.ncei.noaa.gov/access/paleo-search/study/37720,Code/Analysis/interval_compatibility.R,validation diagnostics,,verified from current scripts
D0416,INTERVAL_COMPATIBILITY_BY_SPLIT,Output/Validation/interval_compatibility_by_split.csv,generated validation output,CSV,,repetition_seed,Random seed used for the repetition.,integer,none,,,held-out REACHES site-years,validation repetition,Derived from held-out interval validation,https://www.ncei.noaa.gov/access/paleo-search/study/37720,Code/Analysis/interval_compatibility.R,validation diagnostics,,verified from current scripts
D0417,INTERVAL_COMPATIBILITY_BY_SPLIT,Output/Validation/interval_compatibility_by_split.csv,generated validation output,CSV,,nominal_level,Nominal predictive-interval level.,numeric,proportion,,,held-out REACHES site-years,validation repetition,Derived from held-out interval validation,https://www.ncei.noaa.gov/access/paleo-search/study/37720,Code/Analysis/interval_compatibility.R,validation diagnostics,,verified from current scripts
D0418,INTERVAL_COMPATIBILITY_BY_SPLIT,Output/Validation/interval_compatibility_by_split.csv,generated validation output,CSV,,compatibility,Compatibility proportion in the repetition.,numeric,proportion,,,held-out REACHES site-years,validation repetition,Derived from held-out interval validation,https://www.ncei.noaa.gov/access/paleo-search/study/37720,Code/Analysis/interval_compatibility.R,validation diagnostics,,verified from current scripts
D0419,INTERVAL_COMPATIBILITY_BY_SPLIT,Output/Validation/interval_compatibility_by_split.csv,generated validation output,CSV,,number_of_held_out_sites,Number of held-out site-years.,integer,site-years,,,held-out REACHES site-years,validation repetition,Derived from held-out interval validation,https://www.ncei.noaa.gov/access/paleo-search/study/37720,Code/Analysis/interval_compatibility.R,validation diagnostics,,verified from current scripts
D0420,INTERVAL_DIAGNOSTICS,Output/Validation/interval_compatibility_diagnostics.csv,generated validation diagnostic,CSV,,repetition,Validation repetition number.,integer,repetitions,,,validation repetition,repetition-specific,Derived from held-out interval validation,https://www.ncei.noaa.gov/access/paleo-search/study/37720,Code/Analysis/interval_compatibility.R,validation diagnostics,,verified from current scripts
D0421,INTERVAL_DIAGNOSTICS,Output/Validation/interval_compatibility_diagnostics.csv,generated validation diagnostic,CSV,,repetition_seed,Random seed.,integer,none,,,validation repetition,repetition-specific,Derived from held-out interval validation,https://www.ncei.noaa.gov/access/paleo-search/study/37720,Code/Analysis/interval_compatibility.R,validation diagnostics,,verified from current scripts
D0422,INTERVAL_DIAGNOSTICS,Output/Validation/interval_compatibility_diagnostics.csv,generated validation diagnostic,CSV,,number_of_eligible_years,Eligible event-year count.,integer,years,,,validation repetition,repetition-specific,Derived from held-out interval validation,https://www.ncei.noaa.gov/access/paleo-search/study/37720,Code/Analysis/interval_compatibility.R,validation diagnostics,,verified from current scripts
D0423,INTERVAL_DIAGNOSTICS,Output/Validation/interval_compatibility_diagnostics.csv,generated validation diagnostic,CSV,,number_of_held_out_sites,Held-out site-year count.,integer,site-years,,,validation repetition,repetition-specific,Derived from held-out interval validation,https://www.ncei.noaa.gov/access/paleo-search/study/37720,Code/Analysis/interval_compatibility.R,validation diagnostics,,verified from current scripts
D0424,INTERVAL_DIAGNOSTICS,Output/Validation/interval_compatibility_diagnostics.csv,generated validation diagnostic,CSV,,number_of_training_site_years,Training site-year count.,integer,site-years,,,validation repetition,repetition-specific,Derived from held-out interval validation,https://www.ncei.noaa.gov/access/paleo-search/study/37720,Code/Analysis/interval_compatibility.R,validation diagnostics,,verified from current scripts
D0425,INTERVAL_DIAGNOSTICS,Output/Validation/interval_compatibility_diagnostics.csv,generated validation diagnostic,CSV,,number_of_training_source_records,Training raw-record count.,integer,records,,,validation repetition,repetition-specific,Derived from held-out interval validation,https://www.ncei.noaa.gov/access/paleo-search/study/37720,Code/Analysis/interval_compatibility.R,validation diagnostics,,verified from current scripts
D0426,INTERVAL_DIAGNOSTICS,Output/Validation/interval_compatibility_diagnostics.csv,generated validation diagnostic,CSV,,rps,Mean ranked probability score.,numeric,score,,,validation repetition,repetition-specific,Derived from held-out interval validation,https://www.ncei.noaa.gov/access/paleo-search/study/37720,Code/Analysis/interval_compatibility.R,validation diagnostics,,verified from current scripts
D0427,INTERVAL_DIAGNOSTICS,Output/Validation/interval_compatibility_diagnostics.csv,generated validation diagnostic,CSV,,accuracy,Classification accuracy.,numeric,proportion,,,validation repetition,repetition-specific,Derived from held-out interval validation,https://www.ncei.noaa.gov/access/paleo-search/study/37720,Code/Analysis/interval_compatibility.R,validation diagnostics,,verified from current scripts
D0428,INTERVAL_DIAGNOSTICS,Output/Validation/interval_compatibility_diagnostics.csv,generated validation diagnostic,CSV,,mean_negative_log_score,Mean negative log score.,numeric,score,,,validation repetition,repetition-specific,Derived from held-out interval validation,https://www.ncei.noaa.gov/access/paleo-search/study/37720,Code/Analysis/interval_compatibility.R,validation diagnostics,,verified from current scripts
D0429,INTERVAL_DIAGNOSTICS,Output/Validation/interval_compatibility_diagnostics.csv,generated validation diagnostic,CSV,,maximum_probability_sum_error,Maximum error in the sum of category probabilities.,numeric,probability,,,validation repetition,repetition-specific,Derived from held-out interval validation,https://www.ncei.noaa.gov/access/paleo-search/study/37720,Code/Analysis/interval_compatibility.R,validation diagnostics,,verified from current scripts
D0430,INTERVAL_DIAGNOSTICS,Output/Validation/interval_compatibility_diagnostics.csv,generated validation diagnostic,CSV,,pilot_nugget,Pilot observed nugget.,numeric,observed index squared,,,validation repetition,repetition-specific,Derived from held-out interval validation,https://www.ncei.noaa.gov/access/paleo-search/study/37720,Code/Analysis/interval_compatibility.R,validation diagnostics,,verified from current scripts
D0431,INTERVAL_DIAGNOSTICS,Output/Validation/interval_compatibility_diagnostics.csv,generated validation diagnostic,CSV,,pilot_partial_sill,Pilot observed partial sill.,numeric,observed index squared,,,validation repetition,repetition-specific,Derived from held-out interval validation,https://www.ncei.noaa.gov/access/paleo-search/study/37720,Code/Analysis/interval_compatibility.R,validation diagnostics,,verified from current scripts
D0432,INTERVAL_DIAGNOSTICS,Output/Validation/interval_compatibility_diagnostics.csv,generated validation diagnostic,CSV,,pilot_total_variance,Pilot observed total variance.,numeric,observed index squared,,,validation repetition,repetition-specific,Derived from held-out interval validation,https://www.ncei.noaa.gov/access/paleo-search/study/37720,Code/Analysis/interval_compatibility.R,validation diagnostics,,verified from current scripts
D0433,INTERVAL_DIAGNOSTICS,Output/Validation/interval_compatibility_diagnostics.csv,generated validation diagnostic,CSV,,pilot_range_km,Pilot observed range.,numeric,kilometres,,,validation repetition,repetition-specific,Derived from held-out interval validation,https://www.ncei.noaa.gov/access/paleo-search/study/37720,Code/Analysis/interval_compatibility.R,validation diagnostics,,verified from current scripts
D0434,INTERVAL_DIAGNOSTICS,Output/Validation/interval_compatibility_diagnostics.csv,generated validation diagnostic,CSV,,calibrated_sigma_epsilon2,Calibrated latent nugget variance.,numeric,latent index squared,,,validation repetition,repetition-specific,Derived from held-out interval validation,https://www.ncei.noaa.gov/access/paleo-search/study/37720,Code/Analysis/interval_compatibility.R,validation diagnostics,,verified from current scripts
D0435,INTERVAL_DIAGNOSTICS,Output/Validation/interval_compatibility_diagnostics.csv,generated validation diagnostic,CSV,,calibrated_sigma_Y2,Calibrated latent process variance.,numeric,latent index squared,,,validation repetition,repetition-specific,Derived from held-out interval validation,https://www.ncei.noaa.gov/access/paleo-search/study/37720,Code/Analysis/interval_compatibility.R,validation diagnostics,,verified from current scripts
D0436,INTERVAL_DIAGNOSTICS,Output/Validation/interval_compatibility_diagnostics.csv,generated validation diagnostic,CSV,,calibrated_total_variance,Calibrated latent total variance.,numeric,latent index squared,,,validation repetition,repetition-specific,Derived from held-out interval validation,https://www.ncei.noaa.gov/access/paleo-search/study/37720,Code/Analysis/interval_compatibility.R,validation diagnostics,,verified from current scripts
D0437,INTERVAL_DIAGNOSTICS,Output/Validation/interval_compatibility_diagnostics.csv,generated validation diagnostic,CSV,,calibrated_range_km,Calibrated latent spatial range.,numeric,kilometres,,,validation repetition,repetition-specific,Derived from held-out interval validation,https://www.ncei.noaa.gov/access/paleo-search/study/37720,Code/Analysis/interval_compatibility.R,validation diagnostics,,verified from current scripts
D0438,INTERVAL_DIAGNOSTICS,Output/Validation/interval_compatibility_diagnostics.csv,generated validation diagnostic,CSV,,minimum_solver_rcond,Minimum reciprocal condition number across held-out solves.,numeric,none,,,validation repetition,repetition-specific,Derived from held-out interval validation,https://www.ncei.noaa.gov/access/paleo-search/study/37720,Code/Analysis/interval_compatibility.R,validation diagnostics,,verified from current scripts
D0439,INTERVAL_DIAGNOSTICS,Output/Validation/interval_compatibility_diagnostics.csv,generated validation diagnostic,CSV,,maximum_solver_jitter,Maximum diagonal jitter across held-out solves.,numeric,observed index squared,,,validation repetition,repetition-specific,Derived from held-out interval validation,https://www.ncei.noaa.gov/access/paleo-search/study/37720,Code/Analysis/interval_compatibility.R,validation diagnostics,,verified from current scripts
D0440,INTERVAL_DIAGNOSTICS,Output/Validation/interval_compatibility_diagnostics.csv,generated validation diagnostic,CSV,,repetition_elapsed_seconds,Elapsed runtime for the repetition.,numeric,seconds,,,validation repetition,repetition-specific,Derived from held-out interval validation,https://www.ncei.noaa.gov/access/paleo-search/study/37720,Code/Analysis/interval_compatibility.R,validation diagnostics,,verified from current scripts
D0441,INTERVAL_DIAGNOSTIC_SUMMARY,Output/Validation/interval_compatibility_diagnostic_summary.csv,generated validation table,CSV,,Metric,Diagnostic metric name.,character,none,,,validation repetitions,analysis-wide,Derived from interval_compatibility_diagnostics.csv,https://www.ncei.noaa.gov/access/paleo-search/study/37720,Code/Analysis/interval_compatibility.R,Section 5.2 supplementary reporting,,verified from current scripts
D0442,INTERVAL_DIAGNOSTIC_SUMMARY,Output/Validation/interval_compatibility_diagnostic_summary.csv,generated validation table,CSV,,Mean,Mean across validation repetitions.,numeric,metric-specific,,,validation repetitions,analysis-wide,Derived from interval_compatibility_diagnostics.csv,https://www.ncei.noaa.gov/access/paleo-search/study/37720,Code/Analysis/interval_compatibility.R,Section 5.2 supplementary reporting,,verified from current scripts
D0443,INTERVAL_DIAGNOSTIC_SUMMARY,Output/Validation/interval_compatibility_diagnostic_summary.csv,generated validation table,CSV,,SD,Standard deviation across validation repetitions.,numeric,metric-specific,,,validation repetitions,analysis-wide,Derived from interval_compatibility_diagnostics.csv,https://www.ncei.noaa.gov/access/paleo-search/study/37720,Code/Analysis/interval_compatibility.R,Section 5.2 supplementary reporting,,verified from current scripts
D0444,INTERVAL_CALIBRATION_SUMMARY,Output/Validation/interval_compatibility_calibration_summary.csv,generated validation table,CSV,,"pilot_nugget_{mean,sd,minimum,maximum}","Mean, SD, minimum, and maximum across repetitions for pilot_nugget.",numeric,parameter-specific,,,validation repetitions,analysis-wide,Derived from interval_compatibility_diagnostics.csv,https://www.ncei.noaa.gov/access/paleo-search/study/37720,Code/Analysis/interval_compatibility.R,calibration stability diagnostics,,verified from current scripts
D0445,INTERVAL_CALIBRATION_SUMMARY,Output/Validation/interval_compatibility_calibration_summary.csv,generated validation table,CSV,,"pilot_partial_sill_{mean,sd,minimum,maximum}","Mean, SD, minimum, and maximum across repetitions for pilot_partial_sill.",numeric,parameter-specific,,,validation repetitions,analysis-wide,Derived from interval_compatibility_diagnostics.csv,https://www.ncei.noaa.gov/access/paleo-search/study/37720,Code/Analysis/interval_compatibility.R,calibration stability diagnostics,,verified from current scripts
D0446,INTERVAL_CALIBRATION_SUMMARY,Output/Validation/interval_compatibility_calibration_summary.csv,generated validation table,CSV,,"pilot_total_variance_{mean,sd,minimum,maximum}","Mean, SD, minimum, and maximum across repetitions for pilot_total_variance.",numeric,parameter-specific,,,validation repetitions,analysis-wide,Derived from interval_compatibility_diagnostics.csv,https://www.ncei.noaa.gov/access/paleo-search/study/37720,Code/Analysis/interval_compatibility.R,calibration stability diagnostics,,verified from current scripts
D0447,INTERVAL_CALIBRATION_SUMMARY,Output/Validation/interval_compatibility_calibration_summary.csv,generated validation table,CSV,,"pilot_range_km_{mean,sd,minimum,maximum}","Mean, SD, minimum, and maximum across repetitions for pilot_range_km.",numeric,parameter-specific,,,validation repetitions,analysis-wide,Derived from interval_compatibility_diagnostics.csv,https://www.ncei.noaa.gov/access/paleo-search/study/37720,Code/Analysis/interval_compatibility.R,calibration stability diagnostics,,verified from current scripts
D0448,INTERVAL_CALIBRATION_SUMMARY,Output/Validation/interval_compatibility_calibration_summary.csv,generated validation table,CSV,,"calibrated_sigma_epsilon2_{mean,sd,minimum,maximum}","Mean, SD, minimum, and maximum across repetitions for calibrated_sigma_epsilon2.",numeric,parameter-specific,,,validation repetitions,analysis-wide,Derived from interval_compatibility_diagnostics.csv,https://www.ncei.noaa.gov/access/paleo-search/study/37720,Code/Analysis/interval_compatibility.R,calibration stability diagnostics,,verified from current scripts
D0449,INTERVAL_CALIBRATION_SUMMARY,Output/Validation/interval_compatibility_calibration_summary.csv,generated validation table,CSV,,"calibrated_sigma_Y2_{mean,sd,minimum,maximum}","Mean, SD, minimum, and maximum across repetitions for calibrated_sigma_Y2.",numeric,parameter-specific,,,validation repetitions,analysis-wide,Derived from interval_compatibility_diagnostics.csv,https://www.ncei.noaa.gov/access/paleo-search/study/37720,Code/Analysis/interval_compatibility.R,calibration stability diagnostics,,verified from current scripts
D0450,INTERVAL_CALIBRATION_SUMMARY,Output/Validation/interval_compatibility_calibration_summary.csv,generated validation table,CSV,,"calibrated_total_variance_{mean,sd,minimum,maximum}","Mean, SD, minimum, and maximum across repetitions for calibrated_total_variance.",numeric,parameter-specific,,,validation repetitions,analysis-wide,Derived from interval_compatibility_diagnostics.csv,https://www.ncei.noaa.gov/access/paleo-search/study/37720,Code/Analysis/interval_compatibility.R,calibration stability diagnostics,,verified from current scripts
D0451,INTERVAL_CALIBRATION_SUMMARY,Output/Validation/interval_compatibility_calibration_summary.csv,generated validation table,CSV,,"calibrated_range_km_{mean,sd,minimum,maximum}","Mean, SD, minimum, and maximum across repetitions for calibrated_range_km.",numeric,parameter-specific,,,validation repetitions,analysis-wide,Derived from interval_compatibility_diagnostics.csv,https://www.ncei.noaa.gov/access/paleo-search/study/37720,Code/Analysis/interval_compatibility.R,calibration stability diagnostics,,verified from current scripts
D0452,INTERVAL_HELD_OUT_PREDICTIONS,Output/Intermediate/interval_compatibility/interval_compatibility_held_out_predictions.csv.gz,generated detailed validation output,CSV.GZ,,repetition,Validation repetition number.,integer,repetitions,"compatible_LL uses LL = 95, 90, 85, 80; probability columns correspond to categories -2, -1, 0, 1",,held-out REACHES site-year,validation repetition,Derived from held-out interval validation,https://www.ncei.noaa.gov/access/paleo-search/study/37720,Code/Analysis/interval_compatibility.R,detailed validation audit trail,R-safe probability column names may encode negative categories as X.2 and X.1.,verified from current scripts
D0453,INTERVAL_HELD_OUT_PREDICTIONS,Output/Intermediate/interval_compatibility/interval_compatibility_held_out_predictions.csv.gz,generated detailed validation output,CSV.GZ,,repetition_seed,Random seed.,integer,none,"compatible_LL uses LL = 95, 90, 85, 80; probability columns correspond to categories -2, -1, 0, 1",,held-out REACHES site-year,validation repetition,Derived from held-out interval validation,https://www.ncei.noaa.gov/access/paleo-search/study/37720,Code/Analysis/interval_compatibility.R,detailed validation audit trail,R-safe probability column names may encode negative categories as X.2 and X.1.,verified from current scripts
D0454,INTERVAL_HELD_OUT_PREDICTIONS,Output/Intermediate/interval_compatibility/interval_compatibility_held_out_predictions.csv.gz,generated detailed validation output,CSV.GZ,,test_record_id,Held-out test-record identifier within a split.,integer,none,"compatible_LL uses LL = 95, 90, 85, 80; probability columns correspond to categories -2, -1, 0, 1",,held-out REACHES site-year,validation repetition,Derived from held-out interval validation,https://www.ncei.noaa.gov/access/paleo-search/study/37720,Code/Analysis/interval_compatibility.R,detailed validation audit trail,R-safe probability column names may encode negative categories as X.2 and X.1.,verified from current scripts
D0455,INTERVAL_HELD_OUT_PREDICTIONS,Output/Intermediate/interval_compatibility/interval_compatibility_held_out_predictions.csv.gz,generated detailed validation output,CSV.GZ,,year,Held-out event year.,integer,Common Era year,"compatible_LL uses LL = 95, 90, 85, 80; probability columns correspond to categories -2, -1, 0, 1",,held-out REACHES site-year,validation repetition,Derived from held-out interval validation,https://www.ncei.noaa.gov/access/paleo-search/study/37720,Code/Analysis/interval_compatibility.R,detailed validation audit trail,R-safe probability column names may encode negative categories as X.2 and X.1.,verified from current scripts
D0456,INTERVAL_HELD_OUT_PREDICTIONS,Output/Intermediate/interval_compatibility/interval_compatibility_held_out_predictions.csv.gz,generated detailed validation output,CSV.GZ,,long,Held-out site longitude.,numeric,decimal degrees east,"compatible_LL uses LL = 95, 90, 85, 80; probability columns correspond to categories -2, -1, 0, 1",,held-out REACHES site-year,validation repetition,Derived from held-out interval validation,https://www.ncei.noaa.gov/access/paleo-search/study/37720,Code/Analysis/interval_compatibility.R,detailed validation audit trail,R-safe probability column names may encode negative categories as X.2 and X.1.,verified from current scripts
D0457,INTERVAL_HELD_OUT_PREDICTIONS,Output/Intermediate/interval_compatibility/interval_compatibility_held_out_predictions.csv.gz,generated detailed validation output,CSV.GZ,,lat,Held-out site latitude.,numeric,decimal degrees north,"compatible_LL uses LL = 95, 90, 85, 80; probability columns correspond to categories -2, -1, 0, 1",,held-out REACHES site-year,validation repetition,Derived from held-out interval validation,https://www.ncei.noaa.gov/access/paleo-search/study/37720,Code/Analysis/interval_compatibility.R,detailed validation audit trail,R-safe probability column names may encode negative categories as X.2 and X.1.,verified from current scripts
D0458,INTERVAL_HELD_OUT_PREDICTIONS,Output/Intermediate/interval_compatibility/interval_compatibility_held_out_predictions.csv.gz,generated detailed validation output,CSV.GZ,,site_key,Coordinate-based site identifier.,character,none,"compatible_LL uses LL = 95, 90, 85, 80; probability columns correspond to categories -2, -1, 0, 1",,held-out REACHES site-year,validation repetition,Derived from held-out interval validation,https://www.ncei.noaa.gov/access/paleo-search/study/37720,Code/Analysis/interval_compatibility.R,detailed validation audit trail,R-safe probability column names may encode negative categories as X.2 and X.1.,verified from current scripts
D0459,INTERVAL_HELD_OUT_PREDICTIONS,Output/Intermediate/interval_compatibility/interval_compatibility_held_out_predictions.csv.gz,generated detailed validation output,CSV.GZ,,site_year_key,Site-year identifier.,character,none,"compatible_LL uses LL = 95, 90, 85, 80; probability columns correspond to categories -2, -1, 0, 1",,held-out REACHES site-year,validation repetition,Derived from held-out interval validation,https://www.ncei.noaa.gov/access/paleo-search/study/37720,Code/Analysis/interval_compatibility.R,detailed validation audit trail,R-safe probability column names may encode negative categories as X.2 and X.1.,verified from current scripts
D0460,INTERVAL_HELD_OUT_PREDICTIONS,Output/Intermediate/interval_compatibility/interval_compatibility_held_out_predictions.csv.gz,generated detailed validation output,CSV.GZ,,Z_obs,Observed REACHES ordinal category.,numeric,dimensionless ordinal index,"compatible_LL uses LL = 95, 90, 85, 80; probability columns correspond to categories -2, -1, 0, 1",,held-out REACHES site-year,validation repetition,Derived from held-out interval validation,https://www.ncei.noaa.gov/access/paleo-search/study/37720,Code/Analysis/interval_compatibility.R,detailed validation audit trail,R-safe probability column names may encode negative categories as X.2 and X.1.,verified from current scripts
D0461,INTERVAL_HELD_OUT_PREDICTIONS,Output/Intermediate/interval_compatibility/interval_compatibility_held_out_predictions.csv.gz,generated detailed validation output,CSV.GZ,,held_out_source_records,Raw source-record count represented by the held-out site-year.,integer,records,"compatible_LL uses LL = 95, 90, 85, 80; probability columns correspond to categories -2, -1, 0, 1",,held-out REACHES site-year,validation repetition,Derived from held-out interval validation,https://www.ncei.noaa.gov/access/paleo-search/study/37720,Code/Analysis/interval_compatibility.R,detailed validation audit trail,R-safe probability column names may encode negative categories as X.2 and X.1.,verified from current scripts
D0462,INTERVAL_HELD_OUT_PREDICTIONS,Output/Intermediate/interval_compatibility/interval_compatibility_held_out_predictions.csv.gz,generated detailed validation output,CSV.GZ,,held_out_distinct_levels,Distinct-category count represented by the held-out site-year.,integer,categories,"compatible_LL uses LL = 95, 90, 85, 80; probability columns correspond to categories -2, -1, 0, 1",,held-out REACHES site-year,validation repetition,Derived from held-out interval validation,https://www.ncei.noaa.gov/access/paleo-search/study/37720,Code/Analysis/interval_compatibility.R,detailed validation audit trail,R-safe probability column names may encode negative categories as X.2 and X.1.,verified from current scripts
D0463,INTERVAL_HELD_OUT_PREDICTIONS,Output/Intermediate/interval_compatibility/interval_compatibility_held_out_predictions.csv.gz,generated detailed validation output,CSV.GZ,,number_of_training_source_records,Training raw-record count in the same year.,integer,records,"compatible_LL uses LL = 95, 90, 85, 80; probability columns correspond to categories -2, -1, 0, 1",,held-out REACHES site-year,validation repetition,Derived from held-out interval validation,https://www.ncei.noaa.gov/access/paleo-search/study/37720,Code/Analysis/interval_compatibility.R,detailed validation audit trail,R-safe probability column names may encode negative categories as X.2 and X.1.,verified from current scripts
D0464,INTERVAL_HELD_OUT_PREDICTIONS,Output/Intermediate/interval_compatibility/interval_compatibility_held_out_predictions.csv.gz,generated detailed validation output,CSV.GZ,,number_of_training_distinct_sites,Training distinct-site count in the same year.,integer,sites,"compatible_LL uses LL = 95, 90, 85, 80; probability columns correspond to categories -2, -1, 0, 1",,held-out REACHES site-year,validation repetition,Derived from held-out interval validation,https://www.ncei.noaa.gov/access/paleo-search/study/37720,Code/Analysis/interval_compatibility.R,detailed validation audit trail,R-safe probability column names may encode negative categories as X.2 and X.1.,verified from current scripts
D0465,INTERVAL_HELD_OUT_PREDICTIONS,Output/Intermediate/interval_compatibility/interval_compatibility_held_out_predictions.csv.gz,generated detailed validation output,CSV.GZ,,yhat,Held-out latent/index-scale kriging prediction mean.,numeric,documentary index units,"compatible_LL uses LL = 95, 90, 85, 80; probability columns correspond to categories -2, -1, 0, 1",,held-out REACHES site-year,validation repetition,Derived from held-out interval validation,https://www.ncei.noaa.gov/access/paleo-search/study/37720,Code/Analysis/interval_compatibility.R,detailed validation audit trail,R-safe probability column names may encode negative categories as X.2 and X.1.,verified from current scripts
D0466,INTERVAL_HELD_OUT_PREDICTIONS,Output/Intermediate/interval_compatibility/interval_compatibility_held_out_predictions.csv.gz,generated detailed validation output,CSV.GZ,,mspe,Held-out kriging prediction variance.,numeric,documentary index squared,"compatible_LL uses LL = 95, 90, 85, 80; probability columns correspond to categories -2, -1, 0, 1",,held-out REACHES site-year,validation repetition,Derived from held-out interval validation,https://www.ncei.noaa.gov/access/paleo-search/study/37720,Code/Analysis/interval_compatibility.R,detailed validation audit trail,R-safe probability column names may encode negative categories as X.2 and X.1.,verified from current scripts
D0467,INTERVAL_HELD_OUT_PREDICTIONS,Output/Intermediate/interval_compatibility/interval_compatibility_held_out_predictions.csv.gz,generated detailed validation output,CSV.GZ,,solver_jitter,Diagonal jitter used by the solve.,numeric,observed index squared,"compatible_LL uses LL = 95, 90, 85, 80; probability columns correspond to categories -2, -1, 0, 1",,held-out REACHES site-year,validation repetition,Derived from held-out interval validation,https://www.ncei.noaa.gov/access/paleo-search/study/37720,Code/Analysis/interval_compatibility.R,detailed validation audit trail,R-safe probability column names may encode negative categories as X.2 and X.1.,verified from current scripts
D0468,INTERVAL_HELD_OUT_PREDICTIONS,Output/Intermediate/interval_compatibility/interval_compatibility_held_out_predictions.csv.gz,generated detailed validation output,CSV.GZ,,reciprocal_condition_number,Reciprocal condition number of the covariance matrix.,numeric,none,"compatible_LL uses LL = 95, 90, 85, 80; probability columns correspond to categories -2, -1, 0, 1",,held-out REACHES site-year,validation repetition,Derived from held-out interval validation,https://www.ncei.noaa.gov/access/paleo-search/study/37720,Code/Analysis/interval_compatibility.R,detailed validation audit trail,R-safe probability column names may encode negative categories as X.2 and X.1.,verified from current scripts
D0469,INTERVAL_HELD_OUT_PREDICTIONS,Output/Intermediate/interval_compatibility/interval_compatibility_held_out_predictions.csv.gz,generated detailed validation output,CSV.GZ,,predictive_sd,Predictive SD after adding calibrated nugget variance.,numeric,latent/index units,"compatible_LL uses LL = 95, 90, 85, 80; probability columns correspond to categories -2, -1, 0, 1",,held-out REACHES site-year,validation repetition,Derived from held-out interval validation,https://www.ncei.noaa.gov/access/paleo-search/study/37720,Code/Analysis/interval_compatibility.R,detailed validation audit trail,R-safe probability column names may encode negative categories as X.2 and X.1.,verified from current scripts
D0470,INTERVAL_HELD_OUT_PREDICTIONS,Output/Intermediate/interval_compatibility/interval_compatibility_held_out_predictions.csv.gz,generated detailed validation output,CSV.GZ,,observed_interval_lower,Lower latent cutpoint for the observed ordinal category.,numeric,latent units,"compatible_LL uses LL = 95, 90, 85, 80; probability columns correspond to categories -2, -1, 0, 1",,held-out REACHES site-year,validation repetition,Derived from held-out interval validation,https://www.ncei.noaa.gov/access/paleo-search/study/37720,Code/Analysis/interval_compatibility.R,detailed validation audit trail,R-safe probability column names may encode negative categories as X.2 and X.1.,verified from current scripts
D0471,INTERVAL_HELD_OUT_PREDICTIONS,Output/Intermediate/interval_compatibility/interval_compatibility_held_out_predictions.csv.gz,generated detailed validation output,CSV.GZ,,observed_interval_upper,Upper latent cutpoint for the observed ordinal category.,numeric,latent units,"compatible_LL uses LL = 95, 90, 85, 80; probability columns correspond to categories -2, -1, 0, 1",,held-out REACHES site-year,validation repetition,Derived from held-out interval validation,https://www.ncei.noaa.gov/access/paleo-search/study/37720,Code/Analysis/interval_compatibility.R,detailed validation audit trail,R-safe probability column names may encode negative categories as X.2 and X.1.,verified from current scripts
D0472,INTERVAL_HELD_OUT_PREDICTIONS,Output/Intermediate/interval_compatibility/interval_compatibility_held_out_predictions.csv.gz,generated detailed validation output,CSV.GZ,,rps,Observation-level ranked probability score.,numeric,score,"compatible_LL uses LL = 95, 90, 85, 80; probability columns correspond to categories -2, -1, 0, 1",,held-out REACHES site-year,validation repetition,Derived from held-out interval validation,https://www.ncei.noaa.gov/access/paleo-search/study/37720,Code/Analysis/interval_compatibility.R,detailed validation audit trail,R-safe probability column names may encode negative categories as X.2 and X.1.,verified from current scripts
D0473,INTERVAL_HELD_OUT_PREDICTIONS,Output/Intermediate/interval_compatibility/interval_compatibility_held_out_predictions.csv.gz,generated detailed validation output,CSV.GZ,,predicted_category,Most probable ordinal category.,numeric,dimensionless ordinal index,"compatible_LL uses LL = 95, 90, 85, 80; probability columns correspond to categories -2, -1, 0, 1",,held-out REACHES site-year,validation repetition,Derived from held-out interval validation,https://www.ncei.noaa.gov/access/paleo-search/study/37720,Code/Analysis/interval_compatibility.R,detailed validation audit trail,R-safe probability column names may encode negative categories as X.2 and X.1.,verified from current scripts
D0474,INTERVAL_HELD_OUT_PREDICTIONS,Output/Intermediate/interval_compatibility/interval_compatibility_held_out_predictions.csv.gz,generated detailed validation output,CSV.GZ,,observed_category_probability,Predictive probability assigned to the observed category.,numeric,probability,"compatible_LL uses LL = 95, 90, 85, 80; probability columns correspond to categories -2, -1, 0, 1",,held-out REACHES site-year,validation repetition,Derived from held-out interval validation,https://www.ncei.noaa.gov/access/paleo-search/study/37720,Code/Analysis/interval_compatibility.R,detailed validation audit trail,R-safe probability column names may encode negative categories as X.2 and X.1.,verified from current scripts
D0475,INTERVAL_HELD_OUT_PREDICTIONS,Output/Intermediate/interval_compatibility/interval_compatibility_held_out_predictions.csv.gz,generated detailed validation output,CSV.GZ,,negative_log_score,Negative log predictive probability of the observed category.,numeric,score,"compatible_LL uses LL = 95, 90, 85, 80; probability columns correspond to categories -2, -1, 0, 1",,held-out REACHES site-year,validation repetition,Derived from held-out interval validation,https://www.ncei.noaa.gov/access/paleo-search/study/37720,Code/Analysis/interval_compatibility.R,detailed validation audit trail,R-safe probability column names may encode negative categories as X.2 and X.1.,verified from current scripts
D0476,INTERVAL_HELD_OUT_PREDICTIONS,Output/Intermediate/interval_compatibility/interval_compatibility_held_out_predictions.csv.gz,generated detailed validation output,CSV.GZ,,compatible_LL,Indicator of compatibility at nominal level LL.,logical,none,"compatible_LL uses LL = 95, 90, 85, 80; probability columns correspond to categories -2, -1, 0, 1",,held-out REACHES site-year,validation repetition,Derived from held-out interval validation,https://www.ncei.noaa.gov/access/paleo-search/study/37720,Code/Analysis/interval_compatibility.R,detailed validation audit trail,R-safe probability column names may encode negative categories as X.2 and X.1.,verified from current scripts
D0477,INTERVAL_HELD_OUT_PREDICTIONS,Output/Intermediate/interval_compatibility/interval_compatibility_held_out_predictions.csv.gz,generated detailed validation output,CSV.GZ,,probability_category,"Predictive probability for one of the four categories -2, -1, 0, or 1.",numeric,probability,"compatible_LL uses LL = 95, 90, 85, 80; probability columns correspond to categories -2, -1, 0, 1",,held-out REACHES site-year,validation repetition,Derived from held-out interval validation,https://www.ncei.noaa.gov/access/paleo-search/study/37720,Code/Analysis/interval_compatibility.R,detailed validation audit trail,R-safe probability column names may encode negative categories as X.2 and X.1.,verified from current scripts
D0478,INTERVAL_SPLIT_SITES,Output/Intermediate/interval_compatibility/interval_compatibility_split_sites.csv.gz,generated detailed validation output,CSV.GZ,,repetition,Validation repetition number.,integer,repetitions,,,held-out REACHES site-year,validation repetition,Derived from held-out split construction,https://www.ncei.noaa.gov/access/paleo-search/study/37720,Code/Analysis/interval_compatibility.R,validation split audit trail,,verified from current scripts
D0479,INTERVAL_SPLIT_SITES,Output/Intermediate/interval_compatibility/interval_compatibility_split_sites.csv.gz,generated detailed validation output,CSV.GZ,,repetition_seed,Random seed.,integer,none,,,held-out REACHES site-year,validation repetition,Derived from held-out split construction,https://www.ncei.noaa.gov/access/paleo-search/study/37720,Code/Analysis/interval_compatibility.R,validation split audit trail,,verified from current scripts
D0480,INTERVAL_SPLIT_SITES,Output/Intermediate/interval_compatibility/interval_compatibility_split_sites.csv.gz,generated detailed validation output,CSV.GZ,,test_record_id,Held-out test-record identifier.,integer,none,,,held-out REACHES site-year,validation repetition,Derived from held-out split construction,https://www.ncei.noaa.gov/access/paleo-search/study/37720,Code/Analysis/interval_compatibility.R,validation split audit trail,,verified from current scripts
D0481,INTERVAL_SPLIT_SITES,Output/Intermediate/interval_compatibility/interval_compatibility_split_sites.csv.gz,generated detailed validation output,CSV.GZ,,year,Held-out year.,integer,Common Era year,,,held-out REACHES site-year,validation repetition,Derived from held-out split construction,https://www.ncei.noaa.gov/access/paleo-search/study/37720,Code/Analysis/interval_compatibility.R,validation split audit trail,,verified from current scripts
D0482,INTERVAL_SPLIT_SITES,Output/Intermediate/interval_compatibility/interval_compatibility_split_sites.csv.gz,generated detailed validation output,CSV.GZ,,long,Held-out site longitude.,numeric,decimal degrees east,,,held-out REACHES site-year,validation repetition,Derived from held-out split construction,https://www.ncei.noaa.gov/access/paleo-search/study/37720,Code/Analysis/interval_compatibility.R,validation split audit trail,,verified from current scripts
D0483,INTERVAL_SPLIT_SITES,Output/Intermediate/interval_compatibility/interval_compatibility_split_sites.csv.gz,generated detailed validation output,CSV.GZ,,lat,Held-out site latitude.,numeric,decimal degrees north,,,held-out REACHES site-year,validation repetition,Derived from held-out split construction,https://www.ncei.noaa.gov/access/paleo-search/study/37720,Code/Analysis/interval_compatibility.R,validation split audit trail,,verified from current scripts
D0484,INTERVAL_SPLIT_SITES,Output/Intermediate/interval_compatibility/interval_compatibility_split_sites.csv.gz,generated detailed validation output,CSV.GZ,,site_key,Coordinate-based site identifier.,character,none,,,held-out REACHES site-year,validation repetition,Derived from held-out split construction,https://www.ncei.noaa.gov/access/paleo-search/study/37720,Code/Analysis/interval_compatibility.R,validation split audit trail,,verified from current scripts
D0485,INTERVAL_SPLIT_SITES,Output/Intermediate/interval_compatibility/interval_compatibility_split_sites.csv.gz,generated detailed validation output,CSV.GZ,,site_year_key,Site-year identifier.,character,none,,,held-out REACHES site-year,validation repetition,Derived from held-out split construction,https://www.ncei.noaa.gov/access/paleo-search/study/37720,Code/Analysis/interval_compatibility.R,validation split audit trail,,verified from current scripts
D0486,INTERVAL_SPLIT_SITES,Output/Intermediate/interval_compatibility/interval_compatibility_split_sites.csv.gz,generated detailed validation output,CSV.GZ,,level,Held-out modal REACHES level.,numeric,dimensionless ordinal index,,,held-out REACHES site-year,validation repetition,Derived from held-out split construction,https://www.ncei.noaa.gov/access/paleo-search/study/37720,Code/Analysis/interval_compatibility.R,validation split audit trail,,verified from current scripts
D0487,INTERVAL_SPLIT_SITES,Output/Intermediate/interval_compatibility/interval_compatibility_split_sites.csv.gz,generated detailed validation output,CSV.GZ,,number_of_source_records,Raw source-record count represented by the held-out site-year.,integer,records,,,held-out REACHES site-year,validation repetition,Derived from held-out split construction,https://www.ncei.noaa.gov/access/paleo-search/study/37720,Code/Analysis/interval_compatibility.R,validation split audit trail,,verified from current scripts
D0488,INTERVAL_SPLIT_SITES,Output/Intermediate/interval_compatibility/interval_compatibility_split_sites.csv.gz,generated detailed validation output,CSV.GZ,,number_of_distinct_levels,Distinct-category count represented by the held-out site-year.,integer,categories,,,held-out REACHES site-year,validation repetition,Derived from held-out split construction,https://www.ncei.noaa.gov/access/paleo-search/study/37720,Code/Analysis/interval_compatibility.R,validation split audit trail,,verified from current scripts
D0489,RUN_MANIFEST,Output/Logs/run_manifest.csv,generated reproducibility record,CSV,,step_number,Sequential workflow step number.,integer,none,,Empty missing_outputs means no expected output was missing,workflow step,run-specific,Generated by the master workflow,,run_all.R,reproducibility audit record,,verified from current scripts
D0490,RUN_MANIFEST,Output/Logs/run_manifest.csv,generated reproducibility record,CSV,,step_id,Workflow identifier.,character,none,,Empty missing_outputs means no expected output was missing,workflow step,run-specific,Generated by the master workflow,,run_all.R,reproducibility audit record,,verified from current scripts
D0491,RUN_MANIFEST,Output/Logs/run_manifest.csv,generated reproducibility record,CSV,,script,Repository-relative script path.,character,file path,,Empty missing_outputs means no expected output was missing,workflow step,run-specific,Generated by the master workflow,,run_all.R,reproducibility audit record,,verified from current scripts
D0492,RUN_MANIFEST,Output/Logs/run_manifest.csv,generated reproducibility record,CSV,,start_time,Step start timestamp.,character/datetime,timestamp,,Empty missing_outputs means no expected output was missing,workflow step,run-specific,Generated by the master workflow,,run_all.R,reproducibility audit record,,verified from current scripts
D0493,RUN_MANIFEST,Output/Logs/run_manifest.csv,generated reproducibility record,CSV,,end_time,Step end timestamp.,character/datetime,timestamp,,Empty missing_outputs means no expected output was missing,workflow step,run-specific,Generated by the master workflow,,run_all.R,reproducibility audit record,,verified from current scripts
D0494,RUN_MANIFEST,Output/Logs/run_manifest.csv,generated reproducibility record,CSV,,elapsed_seconds,Elapsed runtime.,numeric,seconds,,Empty missing_outputs means no expected output was missing,workflow step,run-specific,Generated by the master workflow,,run_all.R,reproducibility audit record,,verified from current scripts
D0495,RUN_MANIFEST,Output/Logs/run_manifest.csv,generated reproducibility record,CSV,,exit_status,Rscript process exit status.,integer,0 indicates success,,Empty missing_outputs means no expected output was missing,workflow step,run-specific,Generated by the master workflow,,run_all.R,reproducibility audit record,,verified from current scripts
D0496,RUN_MANIFEST,Output/Logs/run_manifest.csv,generated reproducibility record,CSV,,success,Combined process/output success indicator.,logical,none,,Empty missing_outputs means no expected output was missing,workflow step,run-specific,Generated by the master workflow,,run_all.R,reproducibility audit record,,verified from current scripts
D0497,RUN_MANIFEST,Output/Logs/run_manifest.csv,generated reproducibility record,CSV,,missing_outputs,Semicolon-separated expected outputs not found.,character,file paths,,Empty missing_outputs means no expected output was missing,workflow step,run-specific,Generated by the master workflow,,run_all.R,reproducibility audit record,,verified from current scripts
D0498,RUN_MANIFEST,Output/Logs/run_manifest.csv,generated reproducibility record,CSV,,log_file,Repository-relative step log path.,character,file path,,Empty missing_outputs means no expected output was missing,workflow step,run-specific,Generated by the master workflow,,run_all.R,reproducibility audit record,,verified from current scripts
D0499,OUTPUT_MANIFEST,output_manifest.csv,repository documentation,CSV,,manifest_id,Unique manifest row identifier.,character,none,,,manuscript item,release-specific,Maintained by repository authors,,manual / workflow documentation,reproducibility audit record,,verified from current scripts
D0500,OUTPUT_MANIFEST,output_manifest.csv,repository documentation,CSV,,manuscript_item,Manuscript or supplementary item represented.,character,none,,,manuscript item,release-specific,Maintained by repository authors,,manual / workflow documentation,reproducibility audit record,,verified from current scripts
D0501,OUTPUT_MANIFEST,output_manifest.csv,repository documentation,CSV,,script,Generating script path.,character,file path,,,manuscript item,release-specific,Maintained by repository authors,,manual / workflow documentation,reproducibility audit record,,verified from current scripts
D0502,OUTPUT_MANIFEST,output_manifest.csv,repository documentation,CSV,,primary_inputs,Semicolon-separated primary input paths.,character,file paths,,,manuscript item,release-specific,Maintained by repository authors,,manual / workflow documentation,reproducibility audit record,,verified from current scripts
D0503,OUTPUT_MANIFEST,output_manifest.csv,repository documentation,CSV,,output_files,Semicolon-separated output paths.,character,file paths,,,manuscript item,release-specific,Maintained by repository authors,,manual / workflow documentation,reproducibility audit record,,verified from current scripts
D0504,OUTPUT_MANIFEST,output_manifest.csv,repository documentation,CSV,,workflow_step,run_all.R step identifier.,character,none,,,manuscript item,release-specific,Maintained by repository authors,,manual / workflow documentation,reproducibility audit record,,verified from current scripts
D0505,OUTPUT_MANIFEST,output_manifest.csv,repository documentation,CSV,,output_kind,Type of output.,character,none,,,manuscript item,release-specific,Maintained by repository authors,,manual / workflow documentation,reproducibility audit record,,verified from current scripts
D0506,OUTPUT_MANIFEST,output_manifest.csv,repository documentation,CSV,,required_for_manuscript,Whether the item is required for the manuscript.,character/logical,yes/no,,,manuscript item,release-specific,Maintained by repository authors,,manual / workflow documentation,reproducibility audit record,,verified from current scripts
D0507,OUTPUT_MANIFEST,output_manifest.csv,repository documentation,CSV,,verified_generated,Whether the listed files were generated.,character/logical,yes/no,,,manuscript item,release-specific,Maintained by repository authors,,manual / workflow documentation,reproducibility audit record,,verified from current scripts
D0508,OUTPUT_MANIFEST,output_manifest.csv,repository documentation,CSV,,verified_against_manuscript,Whether the generated item was checked against the manuscript.,character/logical,yes/no,,,manuscript item,release-specific,Maintained by repository authors,,manual / workflow documentation,reproducibility audit record,,verified from current scripts
D0509,OUTPUT_MANIFEST,output_manifest.csv,repository documentation,CSV,,notes,Additional verification notes.,character,none,,,manuscript item,release-specific,Maintained by repository authors,,manual / workflow documentation,reproducibility audit record,,verified from current scripts