rho,ordinal_covariance
0,0
2.0112968870497177e-4,1.3883581868658068e-4
4.0225937740994355e-4,2.7767314221179007e-4
6.033890661149154e-4,4.165119716415949e-4
8.045187548198871e-4,5.553523080429473e-4
0.0010056484435248588,6.94194152481134e-4
0.0012067781322298307,8.330375060233014e-4
0.0014079078209348025,9.718823697348472e-4
0.0016090375096397742,0.001110728744682668
0.001810167198344746,0.0012495766319327167
0.0020112968870497176,0.0013884260325516679
0.0022124265757546896,0.0015272769476062792
0.0024135562644596615,0.0016661293781617265
0.002614685953164633,0.0018049833252860442
0.002815815641869605,0.001943838790044547
0.0030169453305745764,0.002082695773504381
0.0032180750192795484,0.0022215542767317215
0.0034192047079845203,0.0023604143007937145
0.003620334396689492,0.002499275846756341
0.0038214640853944637,0.002638138915686719
0.004022593774099435,0.0027770035086514405
0.004223723462804407,0.002915869626717235
0.004424853151509379,0.003054737270950722
0.004625982840214351,0.003193606442418853
0.004827112528919323,0.003332477142188192
0.005028242217624294,0.003471349371326163
0.005229371906329266,0.0036102231308992455
0.005430501595034238,0.00374909842197442
0.00563163128373921,0.003887975245618472
0.005832760972444182,0.004026853602898825
0.006033890661149153,0.004165733494882154
0.006235020349854125,0.004304614922635466
0.006436150038559097,0.00444349788722638
0.006637279727264069,0.004582382389721432
0.006838409415969041,0.004721268431188044
0.007039539104674012,0.004860156012693642
0.007240668793378984,0.0049990451353047055
0.0074417984820839556,0.005137935800089435
0.0076429281707889275,0.005276828008114395
0.0078440578594939,0.005415721760447287
0.00804518754819887,0.005554617058155173
0.008246317236903843,0.005693513902305866
0.008447446925608814,0.0058324122939664574
0.008648576614313785,0.005971312234204593
0.008849706303018758,0.006110213724087529
0.00905083599172373,0.00624911676468308
0.009251965680428702,0.006388021357058668
0.009453095369133673,0.006526927502281857
0.009654225057838646,0.006665835201420514
0.009855354746543617,0.006804744455542036
0.010056484435248588,0.006943655265714152
0.010257614123953561,0.007082567633004869
0.010458743812658532,0.007221481558481471
0.010659873501363505,0.0073603970432121885
0.010861003190068476,0.007499314088264639
0.011062132878773447,0.007638232694706773
0.01126326256747842,0.007777152863606543
0.01146439225618339,0.007916074596031955
0.011665521944888364,0.008054997893050378
0.011866651633593335,0.008193922755730484
0.012067781322298306,0.00833284918514042
0.012268911011003279,0.008471777182347803
0.01247004069970825,0.008610706748421196
0.012671170388413222,0.008749637884428105
0.012872300077118193,0.00888857059143712
0.013073429765823165,0.009027504870516581
0.013274559454528137,0.009166440722734495
0.013475689143233108,0.009305378149159424
0.013676818831938081,0.00944431715085918
0.013877948520643052,0.009583257728902575
0.014079078209348023,0.009722199884357977
0.014280207898052996,0.009861143618293752
0.014481337586757967,0.010000088931778048
0.01468246727546294,0.010139035825880119
0.014883596964167911,0.010277984301667556
0.015084726652872882,0.010416934360209643
0.015285856341577855,0.010555886002574746
0.015486986030282826,0.01069483922983129
0.0156881157189878,0.010833794043048448
0.01588924540769277,0.010972750443294613
0.01609037509639774,0.01111170843163821
0.016291504785102714,0.011250668009148798
0.016492634473807687,0.01138962917689447
0.016693764162512656,0.011528591935944701
0.01689489385121763,0.011667556287367889
0.0170960235399226,0.011806522232233316
0.01729715322862757,0.011945489771609627
0.017498282917332544,0.01208445890656594
0.017699412606037516,0.01222342963817126
0.01790054229474249,0.012362401967494788
0.01810167198344746,0.012501375895605585
0.01830280167215243,0.012640351423572768
0.018503931360857404,0.012779328552465594
0.018705061049562374,0.012918307283353372
0.018906190738267346,0.013057287617304916
0.01910732042697232,0.013196269555389703
0.019308450115677292,0.013335253098677266
0.01950957980438226,0.013474238248236889
0.019710709493087234,0.01361322500513805
0.019911839181792207,0.013752213370449864
0.020112968870497176,0.013891203345242062
0.02031409855920215,0.01403019493058398
0.020515228247907122,0.01416918812754546
0.02071635793661209,0.014308182937195726
0.020917487625317064,0.014447179360604787
0.021118617314022037,0.014586177398841979
0.02131974700272701,0.014725177052977087
0.02152087669143198,0.014864178324079755
0.021722006380136952,0.015003181213219904
0.021923136068841925,0.015142185721467458
0.022124265757546894,0.015281191849892115
0.022325395446251867,0.015420199599563325
0.02252652513495684,0.015559208971551872
0.02272765482366181,0.015698219966927093
0.02292878451236678,0.015837232586759023
0.023129914201071754,0.015976246832117777
0.023331043889776727,0.0161152627040735
0.023532173578481697,0.016254280203696278
0.02373330326718667,0.01639329933205623
0.023934432955891642,0.016532320090223526
0.02413556264459661,0.01667134247926834
0.024336692333301584,0.016810366500261034
0.024537822022006557,0.0169493921542717
0.024738951710711526,0.01708841944237087
0.0249400813994165,0.017227448365628603
0.025141211088121472,0.01736647892511571
0.025342340776826445,0.017505511121902698
0.025543470465531414,0.017644544957059624
0.025744600154236387,0.017783580431657217
0.02594572984294136,0.017922617546765926
0.02614685953164633,0.018061656303456616
0.026347989220351302,0.018200696702799682
0.026549118909056275,0.018339738745865683
0.026750248597761248,0.01847878243372579
0.026951378286466217,0.018617827767450232
0.02715250797517119,0.018756874748110178
0.027353637663876162,0.01889592337677616
0.027554767352581132,0.019034973654519463
0.027755897041286105,0.019174025582410617
0.027957026729991077,0.019313079161520405
0.028158156418696047,0.019452134392920442
0.02835928610740102,0.019591191277681316
0.028560415796105992,0.019730249816874088
0.028761545484810965,0.019869310011569982
0.028962675173515934,0.020008371862839894
0.029163804862220907,0.020147435371755548
0.02936493455092588,0.020286500539387395
0.02956606423963085,0.020425567366807465
0.029767193928335822,0.020564635855086152
0.029968323617040795,0.020703706005295877
0.030169453305745764,0.02084277781850706
0.030370582994450737,0.020981851295791762
0.03057171268315571,0.02112092643822079
0.030772842371860683,0.021260003246866374
0.030973972060565652,0.021399081722799543
0.031175101749270625,0.021538161867092162
0.0313762314379756,0.021677243680815403
0.03157736112668057,0.021816327165041435
0.03177849081538554,0.021955412320841403
0.03197962050409051,0.022094499149287697
0.03218075019279548,0.0222335876514516
0.03238187988150046,0.02237267782840517
0.03258300957020543,0.022511769681219804
0.0327841392589104,0.02265086321096789
0.03298526894761537,0.02278995841872135
0.03318639863632034,0.022929055305551546
0.03338752832502531,0.023068153872531347
0.03358865801373029,0.0232072541207322
0.03378978770243526,0.023346356051226327
0.03399091739114023,0.023485459665085764
0.0341920470798452,0.023624564963383207
0.03439317676855017,0.02376367194719016
0.03459430645725514,0.023902780617579236
0.03479543614596012,0.024041890975622746
0.03499656583466509,0.02418100302239272
0.035197695523370064,0.024320116758962215
0.03539882521207503,0.024459232186402766
0.03559995490078,0.024598349305787207
0.03580108458948498,0.024737468118188152
0.03600221427818995,0.024876588624677995
0.03620334396689492,0.025015710826329682
0.036404473655599894,0.02515483472421519
0.03660560334430486,0.025293960319407352
0.03680673303300983,0.02543308761297923
0.03700786272171481,0.025572216606003076
0.03720899241041978,0.025711347299552142
0.03741012209912475,0.0258504796946991
0.03761125178782972,0.02598961379251659
0.03781238147653469,0.026128749594077724
0.03801351116523966,0.026267887100455342
0.03821464085394464,0.026407026312722362
0.03841577054264961,0.02654616723195198
0.038616900231354584,0.026685309859217285
0.03881802992005955,0.026824454195591277
0.03901915960876452,0.026963600242147126
0.0392202892974695,0.027102747999957807
0.03942141898617447,0.027241897470097157
0.03962254867487944,0.02738104865363801
0.039823678363584414,0.027520201551653453
0.04002480805228938,0.027659356165217377
0.04022593774099435,0.027798512495403035
0.04042706742969933,0.02793767054328343
0.0406281971184043,0.028076830309932535
0.04082932680710927,0.02821599179642377
0.041030456495814244,0.028355155003830637
0.04123158618451921,0.028494319933226722
0.04143271587322418,0.028633486585685944
0.04163384556192916,0.028772654962281444
0.04183497525063413,0.02891182506408775
0.0420361049393391,0.02905099689217798
0.042237234628044074,0.029190170447626215
0.04243836431674904,0.02932934573150646
0.04263949400545402,0.029468522744891992
0.04284062369415899,0.02960770148885765
0.04304175338286396,0.029746881964476654
0.043242883071568934,0.029886064172823593
0.043444012760273903,0.030025248114972244
0.04364514244897887,0.03016443379199689
0.04384627213768385,0.030303621204971556
0.04404740182638882,0.030442810354970415
0.04424853151509379,0.03058200124306802
0.044449661203798764,0.030721193870338184
0.04465079089250373,0.030860388237855738
0.0448519205812087,0.030999584346694906
0.04505305026991368,0.03113878219792994
0.04525417995861865,0.031277981792635176
0.04545530964732362,0.0314171831318857
0.045656439336028594,0.03155638621675537
0.04585756902473356,0.03169559104831961
0.04605869871343854,0.03183479762765205
0.04625982840214351,0.0319740059558284
0.04646095809084848,0.03211321603392249
0.046662087779553454,0.03225242786300968
0.046863217468258424,0.032391641444164385
0.04706434715696339,0.03253085677846192
0.04726547684566837,0.03267007386697686
0.04746660653437334,0.03280929271078391
0.04766773622307831,0.03294851331095884
0.047868865911783284,0.033087735668576077
0.048069995600488254,0.03322695978471067
0.04827112528919322,0.033366185660437905
0.0484722549778982,0.033505413296832806
0.04867338466660317,0.03364464269497096
0.04887451435530814,0.03378387385592717
0.049075644044013114,0.033923106780777215
0.049276773732718084,0.034062341470596044
0.04947790342142305,0.03420157792645874
0.04967903311012803,0.034340816149441664
0.049880162798833,0.03448005614061951
0.050081292487537975,0.03461929790106831
0.050282422176242944,0.034758541431862924
0.05048355186494791,0.034897786734079714
0.05068468155365289,0.03503703380879393
0.05088581124235786,0.03517628265708138
0.05108694093106283,0.035315533280017866
0.051288070619767805,0.03545478567867903
0.051489200308472774,0.035594039854140544
0.05169032999717774,0.035733295807478874
0.05189145968588272,0.03587255353976919
0.05209258937458769,0.03601181305208816
0.05229371906329266,0.03615107434551133
0.052494848751997635,0.036290337421114885
0.052695978440702604,0.03642960227997484
0.05289710812940757,0.03656886892316759
0.05309823781811255,0.0367081373517691
0.05329936750681752,0.03684740756685574
0.053500497195522495,0.03698667956950373
0.053701626884227464,0.037125953360789374
0.053902756572932434,0.03726522894178917
0.05410388626163741,0.03740450631357935
0.05430501595034238,0.03754378547723626
0.05450614563904735,0.03768306643383694
0.054707275327752325,0.03782234918445736
0.054908405016457294,0.037961633730174624
0.055109534705162264,0.03810092007206524
0.05531066439386724,0.03824020821120565
0.05551179408257221,0.03837949814867252
0.05571292377127718,0.03851878988554304
0.055914053459982155,0.038658083422893716
0.056115183148687124,0.03879737876180196
0.056316312837392093,0.03893667590334428
0.05651744252609707,0.039075974848597275
0.05671857221480204,0.039215275598638646
0.05691970190350701,0.03935457815454489
0.057120831592211985,0.039493882517393705
0.057321961280916954,0.03963318868826178
0.05752309096962193,0.03977249666822648
0.0577242206583269,0.03991180645836499
0.05792535034703187,0.04005111805975477
0.058126480035736845,0.04019043147347308
0.058327609724441815,0.04032974670059729
0.058528739413146784,0.04046906374220478
0.05872986910185176,0.04060838259937287
0.05893099879055673,0.0407477032731796
0.0591321284792617,0.04088702576470209
0.059333258167966675,0.04102635007501819
0.059534387856671644,0.041165676205205684
0.059735517545376614,0.04130500415634154
0.05993664723408159,0.04144433392950446
0.06013777692278656,0.041583665525771904
0.06033890661149153,0.04172299894622154
0.060540036300196505,0.041862334191931624
0.060741165988901474,0.042001671263979676
0.06094229567760645,0.042141010163444056
0.06114342536631142,0.042280350891402765
0.06134455505501639,0.04241969344893386
0.061545684743721366,0.04255903783711541
0.061746814432426335,0.042698384057025376
0.061947944121131304,0.04283773210974241
0.06214907380983628,0.042977081996344854
0.06235020349854125,0.04311643371791064
0.06255133318724622,0.04325578727551853
0.0627524628759512,0.04339514267024651
0.06295359256465617,0.04353449990317369
0.06315472225336113,0.04367385897537794
0.06335585194206611,0.04381321988793822
0.06355698163077109,0.04395258264193312
0.06375811131947605,0.04409194723844108
0.06395924100818103,0.044231313678541176
0.064160370696886,0.044370681963311856
0.06436150038559096,0.044510052093832006
0.06456263007429594,0.044649424071180596
0.06476375976300092,0.04478879789643657
0.06496488945170588,0.04492817357067881
0.06516601914041086,0.045067551094986155
0.06536714882911583,0.045206930470437875
0.0655682785178208,0.045346311698113026
0.06576940820652577,0.04548569477909102
0.06597053789523075,0.0456250797144505
0.06617166758393571,0.04576446650527115
0.06637279727264069,0.045903855152632164
0.06657392696134566,0.046043245657613016
0.06677505665005062,0.04618263802129262
0.0669761863387556,0.04632203224475094
0.06717731602746058,0.046461428329067064
0.06737844571616554,0.04660082627532107
0.06757957540487051,0.046740226084592204
0.06778070509357549,0.04687962775796016
0.06798183478228045,0.04701903129650446
0.06818296447098543,0.04715843670130519
0.0683840941596904,0.04729784397344193
0.06858522384839537,0.0474372531139947
0.06878635353710034,0.0475766641240432
0.06898748322580532,0.04771607700466744
0.06918861291451028,0.04785549175694735
0.06938974260321526,0.04799490838196312
0.06959087229192024,0.048134326880794706
0.0697920019806252,0.048273747254522256
0.06999313166933017,0.048413169504226236
0.07019426135803515,0.04855259363098656
0.07039539104674013,0.04869201963588331
0.07059652073544509,0.04883144751999739
0.07079765042415007,0.04897087728440906
0.07099878011285504,0.049110308930198396
0.07119990980156,0.04924974245844614
0.07140103949026498,0.049389177870232934
0.07160216917896996,0.049528615166639076
0.07180329886767492,0.0496680543487457
0.0720044285563799,0.04980749541763284
0.07220555824508487,0.04994693837438212
0.07240668793378983,0.05008638322007329
0.07260781762249481,0.050225829955787935
0.07280894731119979,0.05036527858260663
0.07301007699990475,0.050504729101610676
0.07321120668860973,0.050644181513880435
0.0734123363773147,0.05078363582049754
0.07361346606601966,0.0509230920225429
0.07381459575472464,0.05106255012109766
0.07401572544342962,0.051202010117243166
0.07421685513213458,0.05134147201206006
0.07441798482083956,0.05148093580663042
0.07461911450954453,0.051620401502035326
0.0748202441982495,0.05175986909935608
0.07502137388695447,0.0518993385996742
0.07522250357565945,0.052038810004071054
0.07542363326436441,0.05217828331362866
0.07562476295306939,0.052317758529428035
0.07582589264177436,0.052457235652551545
0.07602702233047932,0.052596714684080045
0.0762281520191843,0.052736195625095725
0.07642928170788928,0.05287567847668066
0.07663041139659424,0.05301516323991633
0.07683154108529922,0.0531546499158848
0.07703267077400419,0.05329413850566821
0.07723380046270917,0.05343362901034847
0.07743493015141413,0.05357312143100755
0.0776360598401191,0.053712615768727476
0.07783718952882408,0.05385211202459082
0.07803831921752905,0.053991610199679504
0.07823944890623402,0.05413111029507582
0.078440578594939,0.05427061231186224
0.07864170828364396,0.05441011625112123
0.07884283797234894,0.05454962211393498
0.07904396766105391,0.054689129901386455
0.07924509734975888,0.05482863961455729
0.07944622703846385,0.05496815125453096
0.07964735672716883,0.05510766482239003
0.07984848641587379,0.05524718031921659
0.08004961610457877,0.055386697746094046
0.08025074579328374,0.05552621710410509
0.0804518754819887,0.055665738394332295
0.08065300517069368,0.055805261617858745
0.08085413485939866,0.05594478677576757
0.08105526454810362,0.056084313869141575
0.0812563942368086,0.05622384289906383
0.08145752392551357,0.05636337386661748
0.08165865361421853,0.05650290677288604
0.08185978330292351,0.056642441618952474
0.08206091299162849,0.05678197840589992
0.08226204268033345,0.05692151713481196
0.08246317236903843,0.05706105780677177
0.0826643020577434,0.05720060042286283
0.08286543174644836,0.05734014498416899
0.08306656143515334,0.05747969149177366
0.08326769112385832,0.057619239946760256
0.08346882081256328,0.05775879035021257
0.08366995050126826,0.05789834270321413
0.08387108018997323,0.05803789700684912
0.0840722098786782,0.058177453262200904
0.08427333956738317,0.05831701147035394
0.08447446925608815,0.05845657163239125
0.08467559894479312,0.05859613374939786
0.08487672863349809,0.05873569782245712
0.08507785832220306,0.05887526385265339
0.08527898801090804,0.05901483184107069
0.085480117699613,0.059154401788793484
0.08568124738831798,0.0592939736969058
0.08588237707702295,0.05943354756649187
0.08608350676572792,0.059573123398636504
0.08628463645443289,0.0597127011944235
0.08648576614313787,0.05985228095493782
0.08668689583184283,0.05999186268126387
0.086888025520547807,0.06013144637448613
0.08708915520925278,0.06027103203568922
0.08729028489795775,0.06041061966595811
0.08749141458666272,0.06055020926637743
0.0876925442753677,0.06068980083803181
0.08789367396407266,0.060829394382006116
0.08809480365277764,0.060968989899385415
0.08829593334148261,0.061108587391254895
0.08849706303018758,0.06124818685869908
0.08869819271889255,0.061387788302803434
0.08889932240759753,0.061527391724652866
0.08910045209630249,0.061666997125332676
0.08930158178500747,0.06180660450592816
0.08950271147371244,0.06194621386752473
0.0897038411624174,0.062085825211207354
0.08990497085112238,0.06222543853806216
0.09010610053982736,0.06236505384917361
0.09030723022853232,0.06250467114562795
0.0905083599172373,0.06264429042851037
0.09070948960594227,0.06278391169890683
0.09091061929464724,0.06292353495790319
0.09111174898335221,0.06306316020658452
0.09131287867205719,0.06320278744603734
0.09151400836076215,0.06334241667734701
0.09171513804946713,0.06348204790159977
0.0919162677381721,0.06362168111988135
0.09211739742687708,0.06376131633327796
0.09231852711558204,0.06390095354287549
0.09251965680428702,0.06404059274976041
0.092720786492992,0.06418023395501858
0.09292191618169696,0.0643198771597364
0.09312304587040193,0.06445952236500012
0.09332417555910691,0.06459916957189653
0.09352530524781187,0.06473881878151143
0.09372643493651685,0.06487846999493145
0.09392756462522182,0.06501812321324361
0.09412869431392679,0.06515777843753383
0.09432982400263176,0.06529743566888933
0.09453095369133674,0.06543709490839637
0.0947320833800417,0.06557675615714197
0.09493321306874668,0.06571641941621308
0.09513434275745165,0.06585608468669628
0.09533547244615662,0.06599575196967837
0.09553660213486159,0.0661354212662472
0.09573773182356657,0.06627509257748863
0.09593886151227153,0.06641476590449084
0.09613999120097651,0.06655444124834035
0.09634112088968148,0.06669411861012452
0.09654225057838645,0.06683379799093096
0.09674338026709142,0.0669734793918466
0.0969445099557964,0.06711316281395889
0.09714563964450136,0.06725284825835552
0.09734676933320634,0.06739253572612373
0.09754789902191131,0.06753222521835132
0.09774902871061628,0.06767191673612592
0.09795015839932125,0.06781161028053477
0.09815128808802623,0.06795130585266644
0.09835241777673119,0.06809100345360801
0.09855354746543617,0.0682307030844475
0.09875467715414114,0.06837040474627303
0.0989558068428461,0.06851010844017268
0.09915693653155108,0.06864981416723386
0.09935806622025606,0.06878952192854569
0.09955919590896103,0.06892923172519509
0.099760325597666,0.06906894355827146
0.09996145528637097,0.06920865742886238
0.10016258497507595,0.06934837333805598
0.10036371466378091,0.06948809128694143
0.10056484435248589,0.06962781127660665
0.10076597404119086,0.06976753330814016
0.10096710372989583,0.06990725738263058
0.1011682334186008,0.07004698350116655
0.10136936310730578,0.07018671166483685
0.10157049279601074,0.07032644187473013
0.10177162248471572,0.07046617413193516
0.1019727521734207,0.07060590843754093
0.10217388186212566,0.0707456447926361
0.10237501155083063,0.0708853831983101
0.10257614123953561,0.07102512365565143
0.10277727092824057,0.07116486616574945
0.10297840061694555,0.07130461072969362
0.10317953030565052,0.07144435734857262
0.10338065999435549,0.07158410602347585
0.10358178968306046,0.07172385675549274
0.10378291937176544,0.07186360954571323
0.1039840490604704,0.07200336439522585
0.10418517874917538,0.0721431213051205
0.10438630843788035,0.07228288027648681
0.10458743812658532,0.07242264131041469
0.10478856781529029,0.07256240440799304
0.10498969750399527,0.07270216957031221
0.10519082719270023,0.07284193679846211
0.10539195688140521,0.07298170609353243
0.10559308657011018,0.07312147745661311
0.10579421625881515,0.07326125088879397
0.10599534594752012,0.07340102639116534
0.1061964756362251,0.0735408039648172
0.10639760532493006,0.07368058361083983
0.10659873501363504,0.07382036533032325
0.10679986470234001,0.07396014912435799
0.10700099439104499,0.07409993499403454
0.10720212407974995,0.074239722940443
0.10740325376845493,0.07437951296467381
0.1076043834571599,0.07451930506781783
0.10780551314586487,0.0746590992509653
0.10800664283456984,0.07479889551520756
0.10820777252327482,0.07493869386163436
0.10840890221197978,0.07507849429133727
0.10861003190068476,0.07521829680540697
0.10881116158938973,0.07535810140493397
0.1090122912780947,0.07549790809100969
0.10921342096679967,0.0756377168647253
0.10941455065550465,0.07577752772717121
0.10961568034420961,0.07591734067943921
0.10981681003291459,0.07605715572262016
0.11001793972161956,0.07619697285780534
0.11021906941032453,0.07633679208608644
0.1104201990990295,0.0764766134085547
0.11062132878773448,0.07661643682630141
0.11082245847643944,0.07675626234041831
0.11102358816514442,0.07689608995199658
0.1112247178538494,0.07703591966212879
0.11142584754255436,0.07717575147190574
0.11162697723125933,0.07731558538241966
0.11182810691996431,0.07745542139476201
0.11202923660866927,0.07759525951002492
0.11223036629737425,0.07773509972930052
0.11243149598607922,0.07787494205368044
0.11263262567478419,0.07801478648425701
0.11283375536348916,0.07815463302212254
0.11303488505219414,0.07829448166836904
0.1132360147408991,0.07843433242408902
0.11343714442960408,0.07857418529037406
0.11363827411830905,0.07871404026831806
0.11383940380701402,0.07885389735901159
0.114040533495719,0.07899375656354872
0.11424166318442397,0.07913361788302124
0.11444279287312895,0.07927348131852201
0.11464392256183391,0.07941334687114386
0.11484505225053888,0.07955321454197943
0.11504618193924386,0.07969308433212134
0.11524731162794882,0.07983295624266316
0.1154484413166538,0.07997283027469713
0.11564957100535878,0.08011270642931655
0.11585070069406374,0.0802525847076148
0.11605183038276871,0.08039246511068486
0.11625296007147369,0.08053234763961957
0.11645408976017865,0.08067223229551289
0.11665521944888363,0.08081211907945766
0.1168563491375886,0.08095200799254752
0.11705747882629357,0.08109189903587592
0.11725860851499854,0.08123179221053638
0.11745973820370352,0.08137168751762257
0.11766086789240848,0.08151158495822795
0.11786199758111346,0.08165148453344633
0.11806312726981844,0.08179138624437181
0.1182642569585234,0.0819312900920977
0.11846538664722837,0.08207119607771844
0.11866651633593335,0.0822111042023279
0.11886764602463831,0.08235101446701996
0.11906877571334329,0.08249092687288882
0.11926990540204827,0.08263084142102865
0.11947103509075323,0.08277075811253397
0.1196721647794582,0.08291067694849878
0.11987329446816318,0.08305059793001733
0.12007442415686814,0.08319052105818452
0.12027555384557312,0.08333044633409468
0.1204766835342781,0.08347037375884207
0.12067781322298306,0.08361030333352164
0.12087894291168803,0.08375023505922823
0.12108007260039301,0.0838901689370564
0.12128120228909797,0.08403010496810064
0.12148233197780295,0.08417004315345687
0.12168346166650792,0.084309983494218907
0.1218845913552129,0.08444992599148236
0.12208572104391786,0.08458987064634214
0.12228685073262284,0.08472981745989398
0.12248798042132782,0.08486976643323234
0.12268911011003278,0.08500971756745267
0.12289023979873775,0.08514967086365081
0.12309136948744273,0.08528962632292146
0.1232924991761477,0.08542958394636062
0.12349362886485267,0.08556954373506419
0.12369475855355765,0.08570950569012685
0.12389588824226261,0.08584946981264484
0.12409701793096758,0.08598943610371394
0.12429814761967256,0.08612940456442979
0.12449927730837752,0.0862693751958885
0.1247004069970825,0.08640934799918586
0.12490153668578748,0.08654932297541783
0.12510266637449244,0.08668930012568064
0.12530379606319741,0.08682927945107054
0.1255049257519024,0.08696926095268341
0.12570605544060737,0.087109244631616
0.12590718512931234,0.08724923048896403
0.1261083148180173,0.08738921852582442
0.12630944450672227,0.0875292087432936
0.12651057419542724,0.08766920114246811
0.12671170388413222,0.08780919572444461
0.1269128335728372,0.08794919249031934
0.12711396326154217,0.0880891914411897
0.12731509295024712,0.08822919257815197
0.1275162226389521,0.08836919590230351
0.12771735232765707,0.08850920141474115
0.12791848201636205,0.08864920911656164
0.12811961170506703,0.08878921900886215
0.128320741393772,0.08892923109274024
0.12852187108247695,0.08906924536929266
0.12872300077118193,0.08920926183961701
0.1289241304598869,0.08934928050481054
0.12912526014859188,0.08948930136597054
0.12932638983729686,0.08962932442419484
0.12952751952600183,0.08976934968058069
0.12972864921470678,0.08990937713622575
0.12992977890341176,0.09004940679222805
0.13013090859211673,0.09018943864968497
0.1303320382808217,0.09032947270969453
0.1305331679695267,0.09046950897335475
0.13073429765823166,0.0906095474417634
0.1309354273469366,0.09074958811601867
0.1311365570356416,0.09088963099721852
0.13133768672434656,0.09102967608646116
0.13153881641305154,0.09116972338484501
0.13173994610175652,0.09130977289346835
0.1319410757904615,0.09144982461342958
0.13214220547916644,0.09158987854582694
0.13234333516787142,0.09172993469175887
0.1325444648565764,0.09186999305232439
0.13274559454528137,0.09201005362862201
0.13294672423398635,0.09215011642175007
0.13314785392269132,0.09229018143280825
0.1333489836113963,0.09243024866289455
0.13355011330010125,0.09257031811310822
0.13375124298880622,0.09271038978454858
0.1339523726775112,0.09285046367831405
0.13415350236621618,0.09299053979550463
0.13435463205492115,0.09313061813721861
0.13455576174362613,0.09327069870455588
0.13475689143233108,0.09341078149861524
0.13495802112103605,0.09355086652049725
0.13515915080974103,0.09369095377130031
0.135360280498446,0.09383104325212442
0.13556141018715098,0.09397113496406916
0.13576253987585596,0.09411122890823424
0.1359636695645609,0.09425132508571936
0.13616479925326588,0.09439142349762462
0.13636592894197086,0.09453152414504944
0.13656705863067584,0.0946716270290943
0.1367681883193808,0.09481173215085913
0.1369693180080858,0.0949518395114438
0.13717044769679074,0.09509194911194895
0.1373715773854957,0.0952320609534744
0.1375727070742007,0.09537217503712085
0.13777383676290567,0.0955122913639888
0.13797496645161064,0.09565240993517825
0.13817609614031562,0.09579253075178999
0.13837722582902057,0.09593265381492481
0.13857835551772554,0.09607277912568317
0.13877948520643052,0.0962129066851659
0.1389806148951355,0.0963530364944739
0.13918174458384047,0.0964931685547079
0.13938287427254545,0.09663330286696929
0.1395840039612504,0.09677343943235843
0.13978513364995537,0.0969135782519772
0.13998626333866035,0.0970537193269264
0.14018739302736533,0.0971938626583073
0.1403885227160703,0.09733400824722137
0.14058965240477528,0.09747415609477005
0.14079078209348025,0.09761430620205429
0.1409919117821852,0.09775445857017666
0.14119304147089018,0.09789461320023772
0.14139417115959516,0.09803477009333993
0.14159530084830013,0.0981749292505845
0.1417964305370051,0.09831509067307374
0.14199756022571008,0.09845525436190943
0.14219868991441503,0.09859542031819317
0.14239981960312,0.09873558854302743
0.14260094929182499,0.09887575903751443
0.14280207898052996,0.09901593180275596
0.14300320866923494,0.09915610683985458
0.14320433835793991,0.09929628414991275
0.14340546804664486,0.09943646373403252
0.14360659773534984,0.09957664559331668
0.14380772742405482,0.09971682972886785
0.1440088571127598,0.09985701614178848
0.14420998680146477,0.0999972048331809
0.14441111649016974,0.1001373958041487
0.1446122461788747,0.10027758905579436
0.14481337586757967,0.10041778458922089
0.14501450555628465,0.10055798240553092
0.14521563524498962,0.10069818250582778
0.1454167649336946,0.10083838489121492
0.14561789462239957,0.10097858956279525
0.14581902431110452,0.10111879652167209
0.1460201539998095,0.1012590057689489
0.14622128368851448,0.10139921730572891
0.14642241337721945,0.10153943113311596
0.14662354306592443,0.10167964725221333
0.1468246727546294,0.10181986566412514
0.14702580244333435,0.10196008636995445
0.14722693213203933,0.10210030937080582
0.1474280618207443,0.10224053466778253
0.14762919150944928,0.10238076226198876
0.14783032119815426,0.10252099215452874
0.14803145088685923,0.10266122434650647
0.1482325805755642,0.10280145883902601
0.14843371026426916,0.10294169563319165
0.14863483995297413,0.10308193473010789
0.1488359696416791,0.1032221761308789
0.1490370993303841,0.1033624198366093
0.14923822901908906,0.10350266584840372
0.14943935870779404,0.10364291416736675
0.149640488396499,0.10378316479460291
0.14984161808520396,0.10392341773121737
0.15004274777390894,0.10406367297831474
0.15024387746261392,0.10420393053699976
0.1504450071513189,0.10434419040837788
0.15064613684002387,0.10448445259355403
0.15084726652872882,0.10462471709363312
0.1510483962174338,0.10476498390972065
0.15124952590613877,0.10490525304292168
0.15145065559484375,0.10504552449434189
0.15165178528354872,0.10518579826508666
0.1518529149722537,0.10532607435626161
0.15205404466095865,0.10546635276897191
0.15225517434966362,0.10560663350432374
0.1524563040383686,0.10574691656342276
0.15265743372707358,0.1058872019473746
0.15285856341577855,0.10602748965728552
0.15305969310448353,0.10616777969426126
0.15326082279318848,0.10630807205940816
0.15346195248189345,0.10644836675383194
0.15366308217059843,0.10658866377863906
0.1538642118593034,0.10672896313493578
0.15406534154800838,0.10686926482382873
0.15426647123671336,0.10700956884642386
0.15446760092541834,0.10714987520382806
0.15466873061412328,0.10729018389714783
0.15486986030282826,0.10743049492749006
0.15507098999153324,0.1075708082959612
0.1552721196802382,0.10771112400366815
0.1554732493689432,0.10785144205171797
0.15567437905764817,0.10799176244121776
0.15587550874635311,0.10813208517327404
0.1560766384350581,0.10827241024899457
0.15627776812376307,0.10841273766948627
0.15647889781246804,0.10855306743585667
0.15668002750117302,0.10869339954921263
0.156881157189878,0.10883373401066203
0.15708228687858294,0.1089740708213122
0.15728341656728792,0.10911440998227116
0.1574845462559929,0.10925475149464635
0.15768567594469787,0.10939509535954527
0.15788680563340285,0.1095354415780762
0.15808793532210783,0.10967579015134653
0.15828906501081277,0.10981614108046477
0.15849019469951775,0.10995649436653886
0.15869132438822273,0.11009685001067702
0.1588924540769277,0.1102372080139875
0.15909358376563268,0.11037756837757805
0.15929471345433766,0.11051793110255768
0.1594958431430426,0.11065829619003469
0.15969697283174758,0.11079866364111772
0.15989810252045256,0.11093903345691512
0.16009923220915753,0.11107940563853573
0.1603003618978625,0.11121978018708882
0.16050149158656749,0.11136015710368251
0.16070262127527243,0.11150053638942607
0.1609037509639774,0.11164091804542868
0.1611048806526824,0.11178130207279911
0.16130601034138736,0.11192168847264665
0.16150714003009234,0.11206207724608068
0.16170826971879732,0.11220246839421065
0.1619093994075023,0.11234286191814578
0.16211052909620724,0.11248325781899525
0.16231165878491222,0.11262365609786938
0.1625127884736172,0.11276405675587707
0.16271391816232217,0.11290445979412854
0.16291504785102714,0.11304486521373368
0.16311617753973212,0.11318527301580215
0.16331730722843707,0.11332568320144375
0.16351843691714205,0.11346609577176901
0.16371956660584702,0.11360651072788762
0.163920696294552,0.11374692807091023
0.16412182598325697,0.11388734780194697
0.16432295567196195,0.11402776992210799
0.1645240853606669,0.11416819443250391
0.16472521504937188,0.11430862133424545
0.16492634473807685,0.11444905062844273
0.16512747442678183,0.1145894823162069
0.1653286041154868,0.11472991639864881
0.16552973380419178,0.11487035287687895
0.16573086349289673,0.11501079175200872
0.1659319931816017,0.11515123302514883
0.16613312287030668,0.11529167669741035
0.16633425255901166,0.11543212276990421
0.16653538224771663,0.1155725712437423
0.1667365119364216,0.11571302212003619
0.16693764162512656,0.11585347539989597
0.16713877131383154,0.11599393108443455
0.1673399010025365,0.11613438917476292
0.1675410306912415,0.11627484967199285
0.16774216037994646,0.11641531257723568
0.16794329006865144,0.11655577789160408
0.1681444197573564,0.11669624561620916
0.16834554944606137,0.11683671575216358
0.16854667913476634,0.116977188300579
0.16874780882347132,0.11711766326256777
0.1689489385121763,0.11725814063924221
0.16915006820088127,0.11739862043171422
0.16935119788958625,0.11753910264109678
0.1695523275782912,0.1176795872685019
0.16975345726699617,0.11782007431504248
0.16995458695570115,0.11796056378183127
0.17015571664440612,0.1181010556699809
0.1703568463331111,0.11824154998060386
0.17055797602181608,0.11838204671481344
0.17075910571052103,0.11852254587372239
0.170960235399226,0.11866304745844435
0.17116136508793098,0.11880355147009185
0.17136249477663595,0.11894405790977845
0.17156362446534093,0.11908456677861722
0.1717647541540459,0.11922507807772163
0.17196588384275086,0.1193655918082057
0.17216701353145583,0.11950610797118198
0.1723681432201608,0.11964662656776524
0.17256927290886578,0.11978714759906826
0.17277040259757076,0.11992767106620549
0.17297153228627574,0.1200681969702909
0.17317266197498069,0.12020872531243819
0.17337379166368566,0.12034925609376117
0.17357492135239064,0.12048978931537456
0.17377605104109561,0.12063032497839225
0.1739771807298006,0.12077086308392908
0.17417831041850557,0.12091140363309859
0.17437944010721051,0.121051946627016
0.1745805697959155,0.12119249206679593
0.17478169948462047,0.12133303995355248
0.17498282917332544,0.12147359028840053
0.17518395886203042,0.12161414307245542
0.1753850885507354,0.12175469830683193
0.17558621823944034,0.12189525599264449
0.17578734792814532,0.12203581613100876
0.1759884776168503,0.12217637872303987
0.17618960730555527,0.12231694376985262
0.17639073699426025,0.12245751127256309
0.17659186668296523,0.12259808123228631
0.1767929963716702,0.12273865365013757
0.17699412606037515,0.12287922852723292
0.17719525574908013,0.12301980586468746
0.1773963854377851,0.12316038566361807
0.17759751512649008,0.12330096792513932
0.17779864481519506,0.1234415526503682
0.17799977450390003,0.12358213984042025
0.17820090419260498,0.12372272949641115
0.17840203388130996,0.12386332161945778
0.17860316357001493,0.12400391621067618
0.1788042932587199,0.1241445132711833
0.17900542294742489,0.1242851128020943
0.17920655263612986,0.12442571480452679
0.1794076823248348,0.12456631927959753
0.1796088120135398,0.12470692622842221
0.17980994170224476,0.1248475356521188
0.18001107139094974,0.12498814755180353
0.18021220107965472,0.12512876192859346
0.1804133307683597,0.12526937878360567
0.18061446045706464,0.12540999811795717
0.18081559014576962,0.12555061993276573
0.1810167198344746,0.12569124422914818
0.18121784952317957,0.12583187100822207
0.18141897921188455,0.12597250027110507
0.18162010890058952,0.12611313201891483
0.18182123858929447,0.12625376625276835
0.18202236827799945,0.12639440297378446
0.18222349796670442,0.12653504218307987
0.1824246276554094,0.1266756838817737
0.18262575734411438,0.12681632807098298
0.18282688703281935,0.12695697475182643
0.1830280167215243,0.12709762392542173
0.18322914641022928,0.12723827559288792
0.18343027609893425,0.12737892975534276
0.18363140578763923,0.12751958641390498
0.1838325354763442,0.1276602455696929
0.18403366516504918,0.12780090722382575
0.18423479485375416,0.12794157137742146
0.1844359245424591,0.12808223803159957
0.18463705423116408,0.12822290718747842
0.18483818391986906,0.12836357884617733
0.18503931360857404,0.12850425300881568
0.185240443297279,0.12864492967651203
0.185441572985984,0.1287856088503858
0.18564270267468894,0.1289262905315567
0.1858438323633939,0.12906697472114403
0.1860449620520989,0.12920766142026718
0.18624609174080387,0.1293483506300459
0.18644722142950884,0.12948904235159986
0.18664835111821382,0.1296297365860486
0.18684948080691877,0.12977043333451233
0.18705061049562374,0.12991113259811105
0.18725174018432872,0.13005183437796491
0.1874528698730337,0.13019253867519376
0.18765399956173867,0.13033324549091824
0.18785512925044365,0.13047395482625834
0.1880562589391486,0.13061466668233457
0.18825738862785357,0.13075538106026752
0.18845851831655855,0.13089609796117807
0.18865964800526352,0.13103681738618628
0.1888607776939685,0.13117753933641357
0.18906190738267348,0.13131826381298062
0.18926303707137843,0.13145899081700796
0.1894641667600834,0.13159972034961726
0.18966529644878838,0.13174045241192955
0.18986642613749335,0.13188118700506613
0.19006755582619833,0.13202192413014824
0.1902686855149033,0.13216266378829677
0.19046981520360826,0.13230340598063417
0.19067094489231323,0.13244415070828153
0.1908720745810182,0.13258489797236084
0.19107320426972318,0.13272564777399354
0.19127433395842816,0.13286640011430184
0.19147546364713314,0.1330071549944074
0.1916765933358381,0.13314791241543256
0.19187772302454306,0.13328867237849956
0.19207885271324804,0.13342943488473025
0.19227998240195301,0.13357019993524716
0.192481112090658,0.13371096753117295
0.19268224177936297,0.13385173767363007
0.19288337146806794,0.13399251036374094
0.1930845011567729,0.13413328560262838
0.19328563084547787,0.13427406339141534
0.19348676053418284,0.13441484373122436
0.19368789022288782,0.1345556266231791
0.1938890199115928,0.13469641206840177
0.19409014960029777,0.13483720006801603
0.19429127928900272,0.1349779906231452
0.1944924089777077,0.1351187837349127
0.19469353866641267,0.13525957940444178
0.19489466835511765,0.13540037763285612
0.19509579804382263,0.13554117842127938
0.1952969277325276,0.13568198177083501
0.19549805742123255,0.135822787682647
0.19569918710993753,0.1359635961578396
0.1959003167986425,0.13610440719753614
0.19610144648734748,0.1362452208028616
0.19630257617605246,0.13638603697493967
0.19650370586475743,0.13652685571489453
0.19670483555346238,0.13666767702385074
0.19690596524216736,0.13680850090293295
0.19710709493087233,0.13694932735326526
0.1973082246195773,0.13709015637597322
0.1975093543082823,0.13723098797218103
0.19771048399698726,0.13737182214301313
0.1979116136856922,0.13751265888959507
0.1981127433743972,0.13765349821305206
0.19831387306310216,0.13779434011450897
0.19851500275180714,0.13793518459509063
0.19871613244051212,0.13807603165592303
0.1989172621292171,0.13821688129813153
0.19911839181792207,0.1383577335228413
0.19931952150662702,0.13849858833117812
0.199520651195332,0.13863944572426778
0.19972178088403697,0.13878030570323607
0.19992291057274195,0.1389211682692087
0.20012404026144692,0.13906203342331236
0.2003251699501519,0.13920290116667222
0.20052629963885685,0.1393437715004151
0.20072742932756182,0.13948464442566705
0.2009285590162668,0.13962551994355465
0.20112968870497178,0.13976639805520374
0.20133081839367675,0.13990727876174197
0.20153194808238173,0.14004816206429538
0.20173307777108668,0.14018904796399045
0.20193420745979165,0.14032993646195469
0.20213533714849663,0.14047082755931495
0.2023364668372016,0.14061172125719784
0.20253759652590658,0.14075261755673085
0.20273872621461156,0.14089351645904147
0.2029398559033165,0.14103441796525673
0.20314098559202148,0.14117532207650385
0.20334211528072646,0.14131622879391104
0.20354324496943144,0.14145713811860527
0.2037443746581364,0.1415980500517145
0.2039455043468414,0.14173896459436708
0.20414663403554634,0.1418798817476905
0.2043477637242513,0.14202080151281266
0.2045488934129563,0.1421617238908618
0.20475002310166127,0.14230264888296623
0.20495115279036624,0.1424435764902543
0.20515228247907122,0.1425845067138543
0.20535341216777617,0.14272543955489503
0.20555454185648114,0.1428663750145045
0.20575567154518612,0.14300731309381243
0.2059568012338911,0.1431482537939467
0.20615793092259607,0.1432891971160366
0.20635906061130105,0.14343014306121105
0.20656019030000602,0.14357109163059945
0.20676131998871097,0.1437120428253308
0.20696244967741595,0.1438529966465344
0.20716357936612093,0.14399395309533958
0.2073647090548259,0.14413491217287622
0.20756583874353088,0.14427587388027346
0.20776696843223585,0.14441683821866091
0.2079680981209408,0.14455780518916905
0.20816922780964578,0.14469877479292748
0.20837035749835076,0.14483974703106595
0.20857148718705573,0.14498072190471506
0.2087726168757607,0.14512169941500436
0.20897374656446568,0.1452626795630645
0.20917487625317063,0.14540366235002616
0.2093760059418756,0.14554464777701925
0.20957713563058059,0.1456856358451749
0.20977826531928556,0.14582662655562373
0.20997939500799054,0.14596761990949625
0.21018052469669551,0.14610861590792368
0.21038165438540046,0.1462496145520369
0.21058278407410544,0.14639061584296686
0.21078391376281042,0.1465316197818451
0.2109850434515154,0.14667262636980294
0.21118617314022037,0.14681363560797123
0.21138730282892534,0.14695464749748188
0.2115884325176303,0.14709566203946667
0.21178956220633527,0.1472366792350569
0.21199069189504025,0.14737769908538478
0.21219182158374522,0.14751872159158208
0.2123929512724502,0.14765974675478083
0.21259408096115517,0.14780077457611296
0.21279521064986012,0.14794180505671084
0.2129963403385651,0.14808283819770696
0.21319747002727008,0.1482238740002335
0.21339859971597505,0.14836491246542305
0.21359972940468003,0.14850595359440816
0.213800859093385,0.14864699738832177
0.21400198878208998,0.1487880438482967
0.21420311847079493,0.14892909297546553
0.2144042481594999,0.14907014477096175
0.21460537784820488,0.14921119923591825
0.21480650753690986,0.14935225637146832
0.21500763722561483,0.1494933161787454
0.2152087669143198,0.14963437865888257
0.21540989660302476,0.1497754438130139
0.21561102629172973,0.1499165116422727
0.2158121559804347,0.1500575821477932
0.2160132856691397,0.15019865533070864
0.21621441535784466,0.15033973119215316
0.21641554504654964,0.15048080973326122
0.2166166747352546,0.15062189095516643
0.21681780442395956,0.15076297485900325
0.21701893411266454,0.15090406144590618
0.21722006380136952,0.15104515071700997
0.2174211934900745,0.15118624267344888
0.21762232317877947,0.15132733731635728
0.21782345286748442,0.15146843464687043
0.2180245825561894,0.15160953466612315
0.21822571224489437,0.15175063737525046
0.21842684193359935,0.1518917427753873
0.21862797162230432,0.15203285086766916
0.2188291013110093,0.15217396165323133
0.21903023099971425,0.15231507513320908
0.21923136068841922,0.15245619130873755
0.2194324903771242,0.15259731018095313
0.21963362006582918,0.15273843175099144
0.21983474975453415,0.15287955601998782
0.22003587944323913,0.15302068298907856
0.22023700913194408,0.15316181265939965
0.22043813882064905,0.1533029450320873
0.22063926850935403,0.15344408010827776
0.220840398198059,0.15358521788910762
0.22104152788676398,0.1537263583757128
0.22124265757546896,0.15386750156923035
0.22144378726417394,0.1540086474707968
0.22164491695287888,0.15414979608154933
0.22184604664158386,0.15429094740262406
0.22204717633028884,0.15443210143515845
0.2222483060189938,0.15457325818029033
0.2224494357076988,0.15471441763915528
0.22265056539640377,0.15485557981289189
0.22285169508510871,0.15499674470263747
0.2230528247738137,0.15513791230952922
0.22325395446251867,0.1552790826347049
0.22345508415122364,0.1554202556793025
0.22365621383992862,0.15556143144445955
0.2238573435286336,0.15570260993131413
0.22405847321733854,0.15584379114100438
0.22425960290604352,0.15598497507466846
0.2244607325947485,0.15612616173344485
0.22466186228345347,0.15626735111847162
0.22486299197215845,0.15640854323088765
0.22506412166086343,0.15654973807183142
0.22526525134956837,0.15669093564244108
0.22546638103827335,0.15683213594385642
0.22566751072697833,0.15697333897721621
0.2258686404156833,0.15711454474365893
0.22606977010438828,0.157255753244324
0.22627089979309326,0.15739696448035095
0.2264720294817982,0.15753817845287887
0.22667315917050318,0.15767939516304735
0.22687428885920816,0.15782061461199637
0.22707541854791313,0.15796183680086506
0.2272765482366181,0.15810306173079325
0.22747767792532309,0.15824428940292112
0.22767880761402803,0.15838551981838878
0.227879937302733,0.15852675297833618
0.228081066991438,0.15866798888390388
0.22828219668014296,0.15880922753623194
0.22848332636884794,0.1589504689364607
0.22868445605755292,0.15909171308573156
0.2288855857462579,0.15923295998518394
0.22908671543496284,0.15937420963595983
0.22928784512366782,0.15951546203919953
0.2294889748123728,0.1596567171960439
0.22969010450107777,0.1597979751076346
0.22989123418978274,0.15993923577511293
0.23009236387848772,0.1600804991996197
0.23029349356719267,0.16022176538229682
0.23049462325589765,0.16036303432428556
0.23069575294460262,0.16050430602672794
0.2308968826333076,0.16064558049076533
0.23109801232201257,0.1607868577175403
0.23129914201071755,0.16092813770819459
0.2315002716994225,0.16106942046386963
0.23170140138812748,0.1612107059857089
0.23190253107683245,0.16135199427485403
0.23210366076553743,0.1614932853324475
0.2323047904542424,0.1616345791596322
0.23250592014294738,0.1617758757575506
0.23270704983165233,0.1619171751273455
0.2329081795203573,0.16205847727015998
0.23310930920906228,0.16219978218713715
0.23331043889776726,0.16234108987941964
0.23351156858647223,0.16248240034815153
0.2337126982751772,0.16262371359447558
0.23391382796388216,0.16276502961953543
0.23411495765258714,0.16290634842447482
0.2343160873412921,0.16304767001043724
0.2345172170299971,0.16318899437856688
0.23471834671870206,0.16333032153000732
0.23491947640740704,0.16347165146590287
0.235120606096112,0.1636129841873974
0.23532173578481697,0.1637543196956358
0.23552286547352194,0.16389565799176165
0.23572399516222692,0.16403699907692015
0.2359251248509319,0.16417834295225564
0.23612625453963687,0.16431968961891263
0.23632738422834185,0.16446103907803633
0.2365285139170468,0.1646023913307716
0.23672964360575177,0.16474374637826372
0.23693077329445675,0.1648851042216577
0.23713190298316172,0.1650264648620987
0.2373330326718667,0.16516782830073223
0.23753416236057168,0.16530919453870419
0.23773529204927663,0.16545056357715987
0.2379364217379816,0.16559193541724537
0.23813755142668658,0.16573331006010616
0.23833868111539155,0.16587468750688872
0.23853981080409653,0.16601606775873867
0.2387409404928015,0.16615745081680267
0.23894207018150646,0.16629883668222667
0.23914319987021143,0.16644022535615766
0.2393443295589164,0.16658161683974182
0.23954545924762138,0.16672301113412613
0.23974658893632636,0.16686440824045723
0.23994771862503134,0.16700580815988197
0.24014884831373629,0.16714721089354778
0.24034997800244126,0.16728861644260135
0.24055110769114624,0.16743002480819047
0.24075223737985121,0.16757143599146207
0.2409533670685562,0.16771284999356434
0.24115449675726117,0.16785426681564414
0.24135562644596611,0.16799568645884944
0.2415567561346711,0.16813710892432832
0.24175788582337607,0.16827853421322903
0.24195901551208104,0.1684199623266992
0.24216014520078602,0.16856139326588737
0.242361274889491,0.1687028270319415
0.24256240457819594,0.16884426362601035
0.24276353426690092,0.16898570304924254
0.2429646639556059,0.16912714530278683
0.24316579364431087,0.16926859038779174
0.24336692333301585,0.16941003830540635
0.24356805302172083,0.16955148905678008
0.2437691827104258,0.16969294264306134
0.24397031239913075,0.16983439906540038
0.24417144208783573,0.16997585832494588
0.2443725717765407,0.1701173204228475
0.24457370146524568,0.17025878536025502
0.24477483115395066,0.1704002531383182
0.24497596084265563,0.1705417237581872
0.24517709053136058,0.17068319722101138
0.24537822022006556,0.17082467352794173
0.24557934990877053,0.17096615268012788
0.2457804795974755,0.17110763467872037
0.24598160928618049,0.17124911952486954
0.24618273897488546,0.1713906072197265
0.2463838686635904,0.17153209776444156
0.2465849983522954,0.17167359116016578
0.24678612804100036,0.17181508740804974
0.24698725772970534,0.17195658650924517
0.24718838741841032,0.17209808846490315
0.2473895171071153,0.17223959327617444
0.24759064679582024,0.172381100944211
0.24779177648452522,0.17252261147016423
0.2479929061732302,0.17266412485518645
0.24819403586193517,0.1728056411004285
0.24839516555064015,0.17294716020704298
0.24859629523934512,0.17308868217618179
0.24879742492805007,0.17323020700899705
0.24899855461675505,0.1733717347066414
0.24919968430546002,0.17351326527026678
0.249400813994165,0.17365479870102618
0.24960194368286998,0.1737963350000724
0.24980307337157495,0.17393787416855755
0.25000420306027993,0.174079416207635
0.2502053327489849,0.17422096111845786
0.2504064624376899,0.17436250890217941
0.25060759212639483,0.17450405955995274
0.2508087218150998,0.17464561309293147
0.2510098515038048,0.17478716950226858
0.25121098119250973,0.17492872878911847
0.25141211088121473,0.17507029095463467
0.2516132405699197,0.1752118559999709
0.2518143702586247,0.17535342392628162
0.25201549994732964,0.17549499473472052
0.2522166296360346,0.17563656842644215
0.2524177593247396,0.17577814500260103
0.25261888901344454,0.17591972446435133
0.25282001870214954,0.17606130681284837
0.2530211483908545,0.17620289204924605
0.25322227807955944,0.1763444801747
0.25342340776826444,0.1764860711903652
0.2536245374569694,0.17662766509739652
0.2538256671456744,0.1767692618969492
0.25402679683437934,0.17691086159017905
0.25422792652308435,0.1770524641782416
0.2544290562117893,0.1771940696622918
0.25463018590049424,0.1773356780434865
0.25483131558919925,0.1774772893229808
0.2550324452779042,0.17761890350193138
0.2552335749666092,0.17776052058149389
0.25543470465531415,0.17790214056282472
0.2556358343440191,0.17804376344708062
0.2558369640327241,0.17818538923541793
0.25603809372142905,0.17832701792899314
0.25623922341013405,0.17846864952896319
0.256440353098839,0.17861028403648516
0.256641482787544,0.17875192145271623
0.25684261247624895,0.17889356177881333
0.2570437421649539,0.17903520501593384
0.2572448718536589,0.1791768511652353
0.25744600154236386,0.17931850022787488
0.25764713123106886,0.179460152205011
0.2578482609197738,0.17960180709780105
0.2580493906084788,0.1797434649074029
0.25825052029718376,0.17988512563497466
0.2584516499858887,0.18002678928167504
0.2586527796745937,0.1801684558486618
0.25885390936329866,0.18031012533709356
0.25905503905200367,0.1804517977481292
0.2592561687407086,0.18059347308292695
0.25945729842941356,0.18073515134264634
0.25965842811811857,0.18087683252844566
0.2598595578068235,0.1810185166414845
0.2600606874955285,0.18116020368292163
0.26026181718423347,0.18130189365391725
0.26046294687293847,0.18144358655563037
0.2606640765616434,0.18158528238922034
0.26086520625034837,0.1817269811558474
0.2610663359390534,0.18186868285667113
0.2612674656277583,0.18201038749285214
0.2614685953164633,0.1821520950655498
0.2616697250051683,0.1822938055759249
0.2618708546938732,0.18243551902513766
0.2620719843825782,0.18257723541434867
0.2622731140712832,0.18271895474471905
0.2624742437599882,0.18286067701740893
0.26267537344869313,0.18300240223357955
0.26287650313739813,0.18314413039439215
0.2630776328261031,0.18328586150100779
0.26327876251480803,0.18342759555458754
0.26347989220351303,0.18356933255629332
0.263681021892218,0.18371107250728663
0.263882151580923,0.1838528154087295
0.26408328126962793,0.18399456126178265
0.2642844109583329,0.18413631006760955
0.2644855406470379,0.18427806182737166
0.26468667033574284,0.18441981654223094
0.26488780002444784,0.1845615742133503
0.2650889297131528,0.18470333484189205
0.2652900594018578,0.1848450984290193
0.26549118909056274,0.18498686497589423
0.2656923187792677,0.18512863448368
0.2658934484679727,0.1852704069535399
0.26609457815667764,0.18541218238663698
0.26629570784538265,0.18555396078413433
0.2664968375340876,0.18569574214719586
0.2666979672227926,0.18583752647698482
0.26689909691149755,0.1859793137746651
0.2671002266002025,0.18612110404140103
0.2673013562889075,0.18626289727835577
0.26750248597761245,0.18640469348669386
0.26770361566631745,0.18654649266757983
0.2679047453550224,0.18668829482217808
0.26810587504372735,0.18683009995165256
0.26830700473243235,0.18697190805716846
0.2685081344211373,0.18711371913989072
0.2687092641098423,0.1872555332009841
0.26891039379854725,0.18739735024161341
0.26911152348725226,0.18753917026294464
0.2693126531759572,0.1876809932661423
0.26951378286466215,0.18782281925237249
0.26971491255336716,0.18796464822280068
0.2699160422420721,0.18810648017859272
0.2701171719307771,0.18824831512091433
0.27031830161948206,0.1883901530509317
0.270519431308187,0.18853199396981135
0.270720560996892,0.188673837878719
0.27092169068559696,0.18881568477882132
0.27112282037430196,0.18895753467128484
0.2713239500630069,0.1890993875572768
0.2715250797517119,0.18924124343796372
0.27172620944041687,0.1893831023145125
0.2719273391291218,0.18952496418809023
0.2721284688178268,0.18966682905986487
0.27232959850653177,0.18980869693100327
0.27253072819523677,0.18995056780267294
0.2727318578839417,0.1900924416760421
0.2729329875726467,0.1902343185522779
0.27313411726135167,0.1903761984325491
0.2733352469500566,0.19051808131802306
0.2735363766387616,0.19065996720986922
0.2737375063274666,0.1908018561092545
0.2739386360161716,0.19094374801734815
0.2741397657048765,0.19108564293531927
0.2743408953935815,0.19122754086433613
0.2745420250822865,0.1913694418055678
0.2747431547709914,0.19151134576018353
0.27494428445969643,0.19165325272935252
0.2751454141484014,0.1917951627142444
0.2753465438371064,0.19193707571602847
0.27554767352581133,0.19207899173587384
0.2757488032145163,0.1922209107749514
0.2759499329032213,0.19236283283443045
0.27615106259192623,0.19250475791548116
0.27635219228063124,0.19264668601927398
0.2765533219693362,0.19278861714697876
0.27675445165804113,0.192930551299767
0.27695558134674614,0.1930724884788086
0.2771567110354511,0.19321442868527428
0.2773578407241561,0.1933563719203356
0.27755897041286104,0.1934983181851631
0.27776010010156604,0.19364026748092822
0.277961229790271,0.19378221980880278
0.27816235947897594,0.19392417516995752
0.27836348916768094,0.19406613356556462
0.2785646188563859,0.1942080949967956
0.2787657485450909,0.19435005946482298
0.27896687823379585,0.1944920269708182
0.2791680079225008,0.19463399751595362
0.2793691376112058,0.19477597110140188
0.27957026729991075,0.19491794772833537
0.27977139698861575,0.19505992739792688
0.2799725266773207,0.19520191011134913
0.2801736563660257,0.19534389586977496
0.28037478605473065,0.195485884674378
0.2805759157434356,0.19562787652633096
0.2807770454321406,0.19576987142680713
0.28097817512084555,0.19591186937698046
0.28117930480955056,0.19605387037802469
0.2813804344982555,0.19619587443111325
0.2815815641869605,0.19633788153742066
0.28178269387566546,0.19647989169812052
0.2819838235643704,0.19662190491438747
0.2821849532530754,0.19676392118739605
0.28238608294178036,0.1969059405183199
0.28258721263048536,0.19704796290833515
0.2827883423191903,0.19718998835861545
0.28298947200789526,0.19733201687033652
0.28319060169660026,0.1974740484446731
0.2833917313853052,0.19761608308280076
0.2835928610740102,0.19775812078589516
0.28379399076271516,0.19790016155513124
0.28399512045142017,0.1980422053916855
0.2841962501401251,0.1981842522967332
0.28439737982883007,0.19832630227145076
0.28459850951753507,0.1984683553170144
0.28479963920624,0.1986104114346
0.285000768894945,0.1987524706253847
0.28520189858364997,0.1988945328905446
0.2854030282723549,0.19903659823125686
0.2856041579610599,0.19917866664869838
0.28580528764976487,0.199320738144046
0.2860064173384699,0.19946281271847704
0.2862075470271748,0.1996048903731692
0.28640867671587983,0.19974697110929962
0.2866098064045848,0.19988905492804587
0.2868109360932897,0.20003114183058635
0.28701206578199473,0.20017323181809887
0.2872131954706997,0.2003153248917613
0.2874143251594047,0.2004574210527521
0.28761545484810963,0.20059952030224976
0.28781658453681463,0.20074162264143258
0.2880177142255196,0.20088372807147992
0.28821884391422453,0.2010258365935701
0.28841997360292954,0.20116794820888273
0.2886211032916345,0.20131006291859588
0.2888222329803395,0.20145218072389015
0.28902336266904444,0.2015943016259446
0.2892244923577494,0.20173642562593874
0.2894256220464544,0.20187855272505256
0.28962675173515934,0.20202068292446562
0.28982788142386434,0.2021628162253586
0.2900290111125693,0.20230495262891157
0.2902301408012743,0.20244709213630507
0.29043127048997924,0.2025892347487192
0.2906324001786842,0.20273138046733513
0.2908335298673892,0.2028735292933337
0.29103465955609414,0.2030156812278957
0.29123578924479915,0.20315783627220263
0.2914369189335041,0.20329999442743596
0.29163804862220905,0.20344215569477653
0.29183917831091405,0.2035843200754064
0.292040307999619,0.2037264875705075
0.292241437688324,0.20386865818126143
0.29244256737702895,0.20401083190885072
0.29264369706573395,0.20415300875445763
0.2928448267544389,0.20429518871926455
0.29304595644314385,0.20443737180445332
0.29324708613184886,0.20457955801120786
0.2934482158205538,0.20472174734071014
0.2936493455092588,0.2048639397941438
0.29385047519796376,0.20500613537269186
0.2940516048866687,0.20514833407753752
0.2942527345753737,0.20529053590986446
0.29445386426407866,0.20543274087085694
0.29465499395278366,0.20557494896169737
0.2948561236414886,0.205717160183571
0.2950572533301936,0.20585937453766173
0.29525838301889856,0.20600159202515345
0.2954595127076035,0.20614381264723075
0.2956606423963085,0.20628603640507892
0.29586177208501346,0.20642826329988223
0.29606290177371847,0.2065704933328253
0.2962640314624234,0.2067127265050937
0.2964651611511284,0.20685496281787258
0.29666629083983337,0.20699720227234725
0.2968674205285383,0.20713944486970337
0.2970685502172433,0.20728169061112706
0.29726967990594827,0.20742393949780358
0.2974708095946533,0.20756619153091938
0.2976719392833582,0.20770844671166044
0.29787306897206317,0.2078507050412134
0.2980741986607682,0.2079929665207647
0.2982753283494731,0.208135231151501
0.2984764580381781,0.20827749893460928
0.2986775877268831,0.20841976987127625
0.2988787174155881,0.20856204396268962
0.29907984710429303,0.20870432121003601
0.299280976792998,0.20884660161450375
0.299482106481703,0.20898888517727998
0.29968323617040793,0.20913117189955266
0.29988436585911293,0.20927346178250977
0.3000854955478179,0.20941575482733998
0.30028662523652283,0.2095580510352305
0.30048775492522783,0.20970035040737067
0.3006888846139328,0.20984265294494875
0.3008900143026378,0.20998495864915384
0.30109114399134274,0.21012726752117483
0.30129227368004774,0.21026957956220094
0.3014934033687527,0.21041189477342082
0.30169453305745764,0.21055421315602474
0.30189566274616264,0.21069653471120192
0.3020967924348676,0.21083885944014208
0.3022979221235726,0.21098118734403581
0.30249905181227754,0.2111235184240725
0.30270018150098255,0.21126585268144282
0.3029013111896875,0.2114081901173372
0.30310244087839244,0.2115505307329456
0.30330357056709745,0.21169287452945995
0.3035047002558024,0.21183522150807033
0.3037058299445074,0.21197757166996822
0.30390695963321235,0.2121199250163448
0.3041080893219173,0.21226228154839144
0.3043092190106223,0.21240464126730008
0.30451034869932725,0.21254700417426198
0.30471147838803225,0.21268937027046952
0.3049126080767372,0.21283173955711443
0.3051137377654422,0.2129741120353894
0.30531486745414715,0.2131164877064865
0.3055159971428521,0.21325886657159876
0.3057171268315571,0.21340124863191867
0.30591825652026206,0.213543633888639
0.30611938620896706,0.21368602234295336
0.306320515897672,0.21382841399605457
0.30652164558637696,0.21397080884913644
0.30672277527508196,0.2141132069033922
0.3069239049637869,0.21425560816001632
0.3071250346524919,0.2143980126202022
0.30732616434119686,0.21454042028514386
0.30752729402990187,0.21468283115603604
0.3077284237186068,0.2148252452340731
0.30792955340731176,0.2149676625204493
0.30813068309601677,0.2151100830163598
0.3083318127847217,0.21525250672299984
0.3085329424734267,0.2153949336415638
0.30873407216213167,0.21553736377324773
0.30893520185083667,0.215679797119247
0.3091363315395416,0.21582223368075681
0.30933746122824657,0.21596467345897363
0.3095385909169516,0.21610711645509284
0.3097397206056565,0.2162495626703112
0.3099408502943615,0.21639201210582448
0.3101419799830665,0.21653446476282961
0.3103431096717714,0.2166769206425233
0.3105442393604764,0.21681937974610238
0.3107453690491814,0.21696184207476388
0.3109464987378864,0.21710430762970478
0.3111476284265913,0.21724677641212253
0.31134875811529633,0.21738924842321528
0.3115498878040013,0.21753172366417994
0.31175101749270623,0.2176742021362152
0.31195214718141123,0.21781668384051822
0.3121532768701162,0.21795916877828797
0.3123544065588212,0.21810165695072264
0.31255553624752613,0.21824414835902128
0.3127566659362311,0.21838664300438165
0.3129577956249361,0.21852914088800396
0.31315892531364103,0.21867164201108602
0.31336005500234604,0.21881414637482838
0.313561184691051,0.21895665398042996
0.313762314379756,0.21909916482909014
0.31396344406846094,0.21924167892200952
0.3141645737571659,0.21938419626038752
0.3143657034458709,0.21952671684542419
0.31456683313457584,0.21966924067832033
0.31476796282328084,0.21981176776027644
0.3149690925119858,0.21995429809249328
0.31517022220069074,0.22009683167617133
0.31537135188939575,0.2202393685125119
0.3155724815781007,0.22038190860271645
0.3157736112668057,0.22052445194798626
0.31597474095551065,0.22066699854952287
0.31617587064421565,0.2208095484085285
0.3163770003329206,0.22095210152620454
0.31657813002162555,0.22109465790375316
0.31677925971033055,0.22123721754237735
0.3169803893990355,0.22137978044327905
0.3171815190877405,0.22152234660766068
0.31738264877644545,0.2216649160367259
0.31758377846515046,0.22180748873167727
0.3177849081538554,0.22195006469371786
0.31798603784256035,0.22209264392405192
0.31818716753126536,0.2222352264238821
0.3183882972199703,0.22237781219441238
0.3185894269086753,0.22252040123684713
0.31879055659738026,0.22266299355239022
0.3189916862860852,0.22280558914224574
0.3191928159747902,0.22294818800761873
0.31939394566349516,0.22309079014971311
0.31959507535220016,0.22323339556973476
0.3197962050409051,0.22337600426888787
0.3199973347296101,0.22351861624837788
0.32019846441831507,0.22366123150941036
0.32039959410702,0.22380385005319087
0.320600723795725,0.22394647188092492
0.32080185348442997,0.22408909699381885
0.32100298317313497,0.22423172539307878
0.3212041128618399,0.22437435707991094
0.32140524255054487,0.2245169920555219
0.32160637223924987,0.2246596303211179
0.3218075019279548,0.22480227187790652
0.3220086316166598,0.2249449167270945
0.3222097613053648,0.22508756486988923
0.3224108909940698,0.22523021630749784
0.3226120206827747,0.2253728710411282
0.3228131503714797,0.22551552907198796
0.3230142800601847,0.22565819040128582
0.3232154097488896,0.2258008550302289
0.32341653943759463,0.22594352296002618
0.3236176691262996,0.22608619419188614
0.3238187988150046,0.22622886872701747
0.32401992850370953,0.22637154656662922
0.3242210581924145,0.22651422771193053
0.3244221878811195,0.22665691216413053
0.32462331756982443,0.2267995999244387
0.32482444725852944,0.22694229099406532
0.3250255769472344,0.227084985374219
0.32522670663593933,0.22722768306611107
0.32542783632464434,0.22737038407095111
0.3256289660133493,0.22751308838995016
0.3258300957020543,0.22765579602431807
0.32603122539075924,0.22779850697526632
0.32623235507946424,0.22794122124400562
0.3264334847681692,0.2280839388317471
0.32663461445687414,0.22822665973970224
0.32683574414557914,0.2283693839690828
0.3270368738342841,0.22851211152110018
0.3272380035229891,0.22865484239696682
0.32743913321169404,0.22879757659789468
0.327640262900399,0.2289403141250958
0.327841392589104,0.22908305497978332
0.32804252227780895,0.2292257991631697
0.32824365196651395,0.2293685466764676
0.3284447816552189,0.2295112975208901
0.3286459113439239,0.22965405169765146
0.32884704103262885,0.22979680920796408
0.3290481707213338,0.22993957005304222
0.3292493004100388,0.23008233423409957
0.32945043009874375,0.23022510175235034
0.32965155978744876,0.23036787260900882
0.3298526894761537,0.23051064680528965
0.33005381916485865,0.23065342434240682
0.33025494885356366,0.23079620522157607
0.3304560785422686,0.23093898944401176
0.3306572082309736,0.23108177701092958
0.33085833791967856,0.23122456792354507
0.33105946760838356,0.23136736218307358
0.3312605972970885,0.23151015979073097
0.33146172698579346,0.23165296074773334
0.33166285667449846,0.2317957650552971
0.3318639863632034,0.23193857271463802
0.3320651160519084,0.23208138372697368
0.33226624574061336,0.23222419809352057
0.33246737542931837,0.23236701581549551
0.3326685051180233,0.23250983689411575
0.33286963480672827,0.2326526613305988
0.33307076449543327,0.23279548912616232
0.3332718941841382,0.2329383202820241
0.3334730238728432,0.2330811547994021
0.33367415356154817,0.23322399267951494
0.3338752832502531,0.23336683392358054
0.3340764129389581,0.23350967853281768
0.33427754262766307,0.23365252650844504
0.3344786723163681,0.23379537785168197
0.334679802005073,0.23393823256374735
0.33488093169377803,0.23408109064586086
0.335082061382483,0.23422395209924218
0.3352831910711879,0.23436681692511052
0.33548432075989293,0.23450968512468684
0.3356854504485979,0.23465255669919044
0.3358865801373029,0.2347954316498424
0.33608770982600783,0.23493830997786297
0.3362888395147128,0.2350811916844736
0.3364899692034178,0.23522407677089446
0.33669109889212273,0.23536696523834744
0.33689222858082774,0.23550985708805372
0.3370933582695327,0.2356527523212349
0.3372944879582377,0.23579565093911303
0.33749561764694264,0.23593855294291
0.3376967473356476,0.23608145833384814
0.3378978770243526,0.23622436711314948
0.33809900671305754,0.2363672792820375
0.33830013640176254,0.23651019484173452
0.3385012660904675,0.23665311379346404
0.3387023957791725,0.23679603613844874
0.33890352546787744,0.23693896187791263
0.3391046551565824,0.23708189101307908
0.3393057848452874,0.23722482354517221
0.33950691453399234,0.237367759475416
0.33970804422269735,0.23751069880503484
0.3399091739114023,0.23765364153525326
0.34011030360010724,0.2377965876672959
0.34031143328881225,0.2379395372023878
0.3405125629775172,0.23808249014175398
0.3407136926662222,0.2382254464866198
0.34091482235492715,0.2383684062382111
0.34111595204363215,0.23851136939775364
0.3413170817323371,0.23865433596647284
0.34151821142104205,0.23879730594559528
0.34171934110974705,0.23894027933634776
0.341920470798452,0.23908325613995607
0.342121600487157,0.23922623635764767
0.34232273017586196,0.23936921999064942
0.3425238598645669,0.2395122070401885
0.3427249895532719,0.2396551975074922
0.34292611924197686,0.23979819139378838
0.34312724893068186,0.23994118870030495
0.3433283786193868,0.24008418942827014
0.3435295083080918,0.24022719357891203
0.34373063799679676,0.24037020115345886
0.3439317676855017,0.24051321215314003
0.3441328973742067,0.24065622657918395
0.34433402706291166,0.24079924443282003
0.34453515675161667,0.24094226571527744
0.3447362864403216,0.24108529042778593
0.34493741612902656,0.24122831857157517
0.34513854581773157,0.2413713501478753
0.3453396755064365,0.24151438515791623
0.3455408051951415,0.24165742360292908
0.34574193488384647,0.2418004654841438
0.3459430645725515,0.24194351080279142
0.3461441942612564,0.24208655956010344
0.34634532394996137,0.24222961175731084
0.3465464536386664,0.24237266739564478
0.3467475833273713,0.24251572647633773
0.3469487130160763,0.242658789000621
0.3471498427047813,0.24280185496972723
0.3473509723934863,0.24294492438488857
0.34755210208219123,0.24308799724733782
0.3477532317708962,0.2432310735583076
0.3479543614596012,0.24337415331903067
0.34815549114830613,0.24351723653074087
0.34835662083701113,0.24366032319467162
0.3485577505257161,0.24380341331205618
0.34875888021442103,0.2439465068841289
0.34896000990312603,0.2440896039121236
0.349161139591831,0.2442327043972745
0.349362269280536,0.24437580834081707
0.34956339896924093,0.24451891574398504
0.34976452865794594,0.24466202660801395
0.3499656583466509,0.24480514093413897
0.35016678803535584,0.2449482587235957
0.35036791772406084,0.24509137997761943
0.3505690474127658,0.2452345046974464
0.3507701771014708,0.2453776328843129
0.35097130679017574,0.24552076453945454
0.3511724364788807,0.24566389966410906
0.3513735661675857,0.245807038259512
0.35157469585629064,0.2459501803269014
0.35177582554499565,0.24609332586751392
0.3519769552337006,0.2462364748825871
0.3521780849224056,0.2463796273733591
0.35237921461111055,0.24652278334106698
0.3525803442998155,0.24666594278694953
0.3527814739885205,0.24680910571224485
0.35298260367722545,0.24695227211819187
0.35318373336593045,0.24709544200602918
0.3533848630546354,0.24723861537699587
0.3535859927433404,0.24738179223233092
0.35378712243204535,0.2475249725732741
0.3539882521207503,0.24766815640106532
0.3541893818094553,0.24781134371694413
0.35439051149816025,0.24795453452215116
0.35459164118686526,0.2480977288179263
0.3547927708755702,0.2482409266055109
0.35499390056427516,0.2483841278861451
0.35519503025298016,0.2485273326610703
0.3553961599416851,0.24867054093152813
0.3555972896303901,0.24881375269875944
0.35579841931909506,0.24895696796400668
0.35599954900780006,0.24910018672851175
0.356200678696505,0.24924340899351627
0.35640180838520996,0.24938663476026351
0.35660293807391497,0.2495298640299961
0.3568040677626199,0.24967309680395644
0.3570051974513249,0.24981633308338863
0.35720632714002987,0.24995957286953463
0.3574074568287348,0.25010281616363933
0.3576085865174398,0.2502460629669461
0.35780971620614477,0.2503893132806994
0.35801084589484977,0.2505325671061434
0.3582119755835547,0.250675824444522
0.3584131052722597,0.2508190852970809
0.3586142349609647,0.25096234966506503
0.3588153646496696,0.2511056175497193
0.3590164943383746,0.25124888895228936
0.3592176240270796,0.2513921638740212
0.3594187537157846,0.2515354423161603
0.3596198834044895,0.25167872427995314
0.3598210130931945,0.2518220097666465
0.3600221427818995,0.25196529877748625
0.3602232724706044,0.2521085913137202
0.36042440215930943,0.2522518873765952
0.3606255318480144,0.2523951869673586
0.3608266615367194,0.25253849008725776
0.36102779122542433,0.2526817967375412
0.3612289209141293,0.2528251069194563
0.3614300506028343,0.252968420634252
0.36163118029153923,0.2531117378831765
0.36183230998024424,0.2532550586674788
0.3620334396689492,0.2533983829884082
0.3622345693576542,0.2535417108472136
0.36243569904635914,0.253685042245145
0.3626368287350641,0.25382837718345175
0.3628379584237691,0.25397171566338417
0.36303908811247404,0.25411505768619225
0.36324021780117904,0.25425840325312715
0.363441347489884,0.2544017523654389
0.36364247717858894,0.25454510502437855
0.36384360686729394,0.2546884612311979
0.3640447365559989,0.2548318209871478
0.3642458662447039,0.2549751842934805
0.36444699593340885,0.2551185511514478
0.36464812562211385,0.25526192156230226
0.3648492553108188,0.25540529552729524
0.36505038499952375,0.2555486730476806
0.36525151468822875,0.2556920541247111
0.3654526443769337,0.25583543875963943
0.3656537740656387,0.25597882695371943
0.36585490375434365,0.25612221870820495
0.3660560334430486,0.25626561402434955
0.3662571631317536,0.25640901290340734
0.36645829282045855,0.2565524153466328
0.36665942250916356,0.25669582135528113
0.3668605521978685,0.2568392309306069
0.3670616818865735,0.2569826440738652
0.36726281157527846,0.2571260607863115
0.3674639412639834,0.2572694810692016
0.3676650709526884,0.25741290492379093
0.36786620064139336,0.25755633235133657
0.36806733033009836,0.2576997633530945
0.3682684600188033,0.2578431979303208
0.3684695897075083,0.2579866360842733
0.36867071939621326,0.25813007781620867
0.3688718490849182,0.25827352312738455
0.3690729787736232,0.25841697201905844
0.36927410846232817,0.25856042449248834
0.36947523815103317,0.2587038805489329
0.3696763678397381,0.25884734018964956
0.36987749752844307,0.2589908034158975
0.37007862721714807,0.2591342702289358
0.370279756905853,0.25927774063002357
0.370480886594558,0.2594212146204206
0.37068201628326297,0.259564692201386
0.370883145971968,0.2597081733741796
0.3710842756606729,0.2598516581400624
0.3712854053493779,0.25999514650029426
0.3714865350380829,0.2601386384561363
0.3716876647267878,0.26028213400884886
0.37188879441549283,0.2604256331596938
0.3720899241041978,0.2605691359099325
0.3722910537929027,0.2607126422608265
0.37249218348160773,0.260856152213638
0.3726933131703127,0.2609996657696291
0.3728944428590177,0.2611431829300625
0.37309557254772263,0.26128670369620094
0.37329670223642764,0.2614302280693073
0.3734978319251326,0.2615737560506451
0.37369896161383753,0.26171728764147745
0.37390009130254254,0.2618608228430685
0.3741012209912475,0.26200436165668284
0.3743023506799525,0.2621479040835839
0.37450348036865744,0.2622914501250369
0.3747046100573624,0.2624349997823062
0.3749057397460674,0.2625785530566578
0.37510686943477234,0.2627221099493559
0.37530799912347734,0.2628656704616668
0.3755091288121823,0.2630092345948566
0.3757102585008873,0.26315280235019106
0.37591138818959224,0.26329637372893677
0.3761125178782972,0.2634399487323607
0.3763136475670022,0.26358352736172963
0.37651477725570714,0.2637271096183105
0.37671590694441215,0.26387069550337117
0.3769170366331171,0.26401428501817953
0.3771181663218221,0.2641578781640028
0.37731929601052705,0.26430147494211037
0.377520425699232,0.26444507535376993
0.377721555387937,0.2645886794002509
0.37792268507664195,0.26473228708282176
0.37812381476534696,0.2648758984027527
0.3783249444540519,0.2650195133613129
0.37852607414275685,0.2651631319597719
0.37872720383146186,0.26530675419940075
0.3789283335201668,0.26545038008146904
0.3791294632088718,0.2655940096072479
0.37933059289757676,0.265737642778008
0.37953172258628176,0.26588127959502117
0.3797328522749867,0.26602492005955874
0.37993398196369166,0.26616856417289175
0.38013511165239666,0.2663122119362932
0.3803362413411016,0.2664558633510352
0.3805373710298066,0.2665995184183901
0.38073850071851156,0.26674317713963086
0.3809396304072165,0.2668868395160309
0.3811407600959215,0.26703050554886315
0.38134188978462646,0.2671741752394018
0.38154301947333147,0.2673178485889208
0.3817441491620364,0.2674615255986941
0.3819452788507414,0.26760520626999645
0.38214640853944637,0.2677488906041026
0.3823475382281513,0.2678925786022873
0.3825486679168563,0.26803627026582655
0.38274979760556127,0.26817996559599544
0.3829509272942663,0.26832366459407
0.3831520569829712,0.2684673672613267
0.3833531866716762,0.26861107359904174
0.3835543163603812,0.2687547836084919
0.3837554460490861,0.26889849729095416
0.38395657573779113,0.269042214647706
0.3841577054264961,0.26918593568002464
0.3843588351152011,0.2693296603891885
0.38455996480390603,0.2694733887764751
0.384761094492611,0.26961712084316314
0.384962224181316,0.2697608565905316
0.38516335387002093,0.26990459601985906
0.38536448355872593,0.2700483391324248
0.3855656132474309,0.2701920859295087
0.3857667429361359,0.27033583641239006
0.38596787262484084,0.27047959058234977
0.3861690023135458,0.2706233484406672
0.3863701320022508,0.27076710998862397
0.38657126169095574,0.27091087522750046
0.38677239137966074,0.2710546441585782
0.3869735210683657,0.2711984167831385
0.38717465075707064,0.2713421931024635
0.38737578044577564,0.27148597311783484
0.3875769101344806,0.27162975683053564
0.3877780398231856,0.2717735442418476
0.38797916951189054,0.2719173353530545
0.38818029920059555,0.2720611301654395
0.3883814288893005,0.27220492868028556
0.38858255857800544,0.27234873089887685
0.38878368826671045,0.27249253682249774
0.3889848179554154,0.27263634645243245
0.3891859476441204,0.2727801597899657
0.38938707733282535,0.27292397683638236
0.3895882070215303,0.27306779759296756
0.3897893367102353,0.2732116220610073
0.38999046639894025,0.273355450241787
0.39019159608764525,0.27349928213659314
0.3903927257763502,0.2736431177467118
0.3905938554650552,0.27378695707343026
0.39079498515376015,0.27393080011803517
0.3909961148424651,0.27407464688181393
0.3911972445311701,0.27421849736605414
0.39139837421987506,0.2743623515720436
0.39159950390858006,0.2745062095010706
0.391800633597285,0.27465007115442386
0.39200176328599,0.2747939365333921
0.39220289297469496,0.27493780563926407
0.3924040226633999,0.27508167847332937
0.3926051523521049,0.2752255550368776
0.39280628204080986,0.2753694353311989
0.39300741172951487,0.27551331935758366
0.3932085414182198,0.27565720711732195
0.39340967110692476,0.2758010986117049
0.39361080079562977,0.2759449938420241
0.3938119304843347,0.27608889280957033
0.3940130601730397,0.2762327955156358
0.39421418986174467,0.2763767019615126
0.39441531955044967,0.27652061214849294
0.3946164492391546,0.2766645260778695
0.39481757892785957,0.2768084437509354
0.3950187086165646,0.2769523651689836
0.3952198383052695,0.27709629033330774
0.3954209679939745,0.2772402192452022
0.3956220976826795,0.27738415190596066
0.3958232273713844,0.2775280883168779
0.3960243570600894,0.27767202847924843
0.3962254867487944,0.2778159723943676
0.3964266164374994,0.27795992006353076
0.39662774612620433,0.2781038714880335
0.39682887581490933,0.27824782666917164
0.3970300055036143,0.2783917856082424
0.39723113519231923,0.27853574830654104
0.39743226488102423,0.2786797147653656
0.3976333945697292,0.2788236849860131
0.3978345242584342,0.2789676589697809
0.39803565394713913,0.27911163671796646
0.39823678363584414,0.2792556182318691
0.3984379133245491,0.279399603512786
0.39863904301325404,0.27954359256201683
0.39884017270195904,0.27968758538086014
0.399041302390664,0.2798315819706156
0.399242432079369,0.2799755823325834
0.39944356176807394,0.2801195864680628
0.3996446914567789,0.28026359437835435
0.3998458211454839,0.28040760606475923
0.40004695083418884,0.2805516215285776
0.40024808052289385,0.28069564077111103
0.4004492102115988,0.28083966379366126
0.4006503399003038,0.2809836905975304
0.40085146958900875,0.28112772118402046
0.4010525992777137,0.28127175555443384
0.4012537289664187,0.28141579371007397
0.40145485865512365,0.28155983565224313
0.40165598834382865,0.2817038813822455
0.4018571180325336,0.28184793090138444
0.40205824772123855,0.28199198421096444
0.40225937740994355,0.2821360413122895
0.4024605070986485,0.28228010220666516
0.4026616367873535,0.28242416689539607
0.40286276647605845,0.28256823537978737
0.40306389616476346,0.2827123076611449
0.4032650258534684,0.2828563837407752
0.40346615554217335,0.2830004636199839
0.40366728523087836,0.2831445473000784
0.4038684149195833,0.28328863478236516
0.4040695446082883,0.2834327260681519
0.40427067429699326,0.28357682115874594
0.4044718039856982,0.28372092005545563
0.4046729336744032,0.2838650227595888
0.40487406336310816,0.28400912927245453
0.40507519305181316,0.2841532395953612
0.4052763227405181,0.28429735372961895
0.4054774524292231,0.2844414716765366
0.40567858211792807,0.28458559343742484
0.405879711806633,0.28472971901359306
0.406080841495338,0.28487384840635216
0.40628197118404297,0.2850179816170133
0.40648310087274797,0.2851621186468877
0.4066842305614529,0.2853062594972867
0.4068853602501579,0.2854504041695224
0.40708648993886287,0.2855945526649072
0.4072876196275678,0.2857387049847528
0.4074887493162728,0.2858828611303733
0.4076898790049778,0.286027021103081
0.4078910086936828,0.28617118490418975
0.4080921383823877,0.2863153525350135
0.4082932680710927,0.2864595239968664
0.4084943977597977,0.28660369929106316
0.4086955274485026,0.2867478784189183
0.40889665713720763,0.2868920613817475
0.4090977868259126,0.2870362481808659
0.4092989165146176,0.2871804388175897
0.40950004620332253,0.28732463329323493
0.4097011758920275,0.2874688316091184
0.4099023055807325,0.28761303376655667
0.41010343526943743,0.28775723976686707
0.41030456495814244,0.2879014496113677
0.4105056946468474,0.2880456633013755
0.41070682433555233,0.2881898808382093
0.41090795402425734,0.28833410222318817
0.4111090837129623,0.2884783274576297
0.4113102134016673,0.2886225565428545
0.41151134309037224,0.2887667894801816
0.41171247277907724,0.2889110262709308
0.4119136024677822,0.28905526691642297
0.41211473215648714,0.2891995114179779
0.41231586184519214,0.2893437597769175
0.4125169915338971,0.2894880119945622
0.4127181212226021,0.2896322680722342
0.41291925091130705,0.28977652801125564
0.41312038060001205,0.2899207918129485
0.413321510288717,0.2900650594786355
0.41352263997742195,0.2902093310096402
0.41372376966612695,0.2903536064072856
0.4139248993548319,0.29049788567289514
0.4141260290435369,0.29064216880779314
0.41432715873224185,0.2907864558133047
0.4145282884209468,0.29093074669075347
0.4147294181096518,0.2910750414414654
0.41493054779835675,0.29121934006676564
0.41513167748706176,0.29136364256798025
0.4153328071757667,0.29150794894643534
0.4155339368644717,0.2916522592034573
0.41573506655317666,0.29179657334037296
0.4159361962418816,0.2919408913585094
0.4161373259305866,0.29208521325919534
0.41633845561929156,0.2922295390437572
0.41653958530799656,0.29237386871352444
0.4167407149967015,0.29251820226982517
0.41694184468540646,0.29266253971398826
0.41714297437411146,0.2928068810473435
0.4173441040628164,0.2929512262712206
0.4175452337515214,0.2930955753869492
0.41774636344022636,0.2932399283958599
0.41794749312893137,0.29338428529928395
0.4181486228176363,0.293528646098552
0.41834975250634127,0.2936730107949957
0.41855088219504627,0.2938173793899468
0.4187520118837512,0.29396175188473783
0.4189531415724562,0.2941061282807011
0.41915427126116117,0.2942505085791698
0.4193554009498662,0.2943948927814769
0.4195565306385711,0.29453928088895664
0.41975766032727607,0.2946836729029424
0.4199587900159811,0.294828068824769
0.420159919704686,0.29497246865577115
0.42036104939339103,0.2951168723972838
0.420562179082096,0.2952612800506428
0.4207633087708009,0.2954056916171835
0.42096443845950593,0.2955501070982426
0.4211655681482109,0.2956945264951564
0.4213666978369159,0.29583894980926184
0.42156782752562083,0.29598337704189653
0.42176895721432583,0.29612780819439805
0.4219700869030308,0.29627224326810425
0.42217121659173573,0.2964166822643538
0.42237234628044074,0.2965611251844853
0.4225734759691457,0.29670557202983827
0.4227746056578507,0.2968500228017519
0.42297573534655564,0.29699447750156627
0.4231768650352606,0.29713893613062153
0.4233779947239656,0.29728339869025844
0.42357912441267054,0.29742786518181813
0.42378025410137554,0.29757233560664204
0.4239813837900805,0.2977168099660715
0.4241825134787855,0.29786128826144953
0.42438364316749044,0.2980057704941176
0.4245847728561954,0.2981502566654192
0.4247859025449004,0.29829474677669787
0.42498703223360534,0.2984392408292969
0.42518816192231035,0.2985837388245605
0.4253892916110153,0.29872824076383275
0.42559042129972025,0.29887274664845853
0.42579155098842525,0.2990172564797834
0.4259926806771302,0.2991617702591527
0.4261938103658352,0.29930628798791226
0.42639494005454015,0.2994508096674088
0.42659606974324515,0.29959533529898846
0.4267971994319501,0.2997398648839986
0.42699832912065505,0.29988439842378656
0.42719945880936006,0.30002893591970053
0.427400588498065,0.30017347737308864
0.42760171818677,0.3003180227852992
0.42780284787547496,0.30046257215768146
0.42800397756417996,0.30060712549158475
0.4282051072528849,0.30075168278835906
0.42840623694158986,0.30089624404935417
0.42860736663029486,0.30104080927592086
0.4288084963189998,0.3011853784694102
0.4290096260077048,0.30132995163117315
0.42921075569640976,0.30147452876256176
0.4294118853851147,0.30161910986492807
0.4296130150738197,0.3017636949396244
0.42981414476252466,0.3019082839880036
0.43001527445122967,0.3020528770114195
0.4302164041399346,0.30219747401122554
0.4304175338286396,0.30234207498877547
0.43061866351734457,0.302486679945424
0.4308197932060495,0.30263128888252616
0.4310209228947545,0.3027759018014368
0.43122205258345947,0.30292051870351183
0.4314231822721645,0.3030651395901073
0.4316243119608694,0.3032097644625797
0.43182544164957437,0.30335439332228553
0.4320265713382794,0.30349902617058255
0.4322277010269843,0.30364366300882795
0.4324288307156893,0.30378830383838007
0.4326299604043943,0.3039329486605974
0.4328310900930993,0.30407759747683855
0.43303221978180423,0.3042222502884626
0.4332333494705092,0.30436690709682956
0.4334344791592142,0.3045115679032997
0.43363560884791913,0.3046562327092329
0.43383673853662413,0.3048009015159902
0.4340378682253291,0.30494557432493286
0.4342389979140341,0.30509025113742283
0.43444012760273903,0.30523493195482176
0.434641257291444,0.3053796167784926
0.434842386980149,0.30552430560979754
0.43504351666885394,0.3056689984501004
0.43524464635755894,0.30581369530076485
0.4354457760462639,0.3059583961631551
0.43564690573496884,0.30610310103863536
0.43584803542367384,0.30624780992857037
0.4360491651123788,0.3063925228343261
0.4362502948010838,0.30653723975726793
0.43645142448978874,0.30668196069876213
0.43665255417849375,0.3068266856601752
0.4368536838671987,0.30697141464287414
0.43705481355590364,0.3071161476482262
0.43725594324460865,0.30726088467759993
0.4374570729333136,0.3074056257323626
0.4376582026220186,0.30755037081388353
0.43785933231072355,0.3076951199235312
0.4380604619994285,0.3078398730626756
0.4382615916881335,0.3079846302326866
0.43846272137683845,0.30812939143493395
0.43866385106554345,0.3082741566707894
0.4388649807542484,0.3084189259416233
0.4390661104429534,0.30856369924880744
0.43926724013165835,0.30870847659371375
0.4394683698203633,0.3088532579777151
0.4396694995090683,0.30899804340218373
0.43987062919777326,0.30914283286849337
0.44007175888647826,0.30928762637801754
0.4402728885751832,0.30943242393213016
0.44047401826388816,0.309577225532206
0.44067514795259316,0.3097220311796202
0.4408762776412981,0.3098668408757477
0.4410774073300031,0.3100116546219649
0.44127853701870806,0.3101564724196477
0.44147966670741307,0.3103012942701728
0.441680796396118,0.3104461201749174
0.44188192608482296,0.3105909501352587
0.44208305577352797,0.3107357841525752
0.4422841854622329,0.3108806222282451
0.4424853151509379,0.3110254643636471
0.44268644483964287,0.31117031056016076
0.44288757452834787,0.31131516081916555
0.4430887042170528,0.3114600151420414
0.44328983390575777,0.31160487353016947
0.4434909635944628,0.3117497359849302
0.4436920932831677,0.31189460250770534
0.4438932229718727,0.31203947309987695
0.4440943526605777,0.31218434776282705
0.4442954823492826,0.31232922649793826
0.4444966120379876,0.31247410930659403
0.4446977417266926,0.3126189961901781
0.4448988714153976,0.3127638871500743
0.4451000011041025,0.3129087821876676
0.44530113079280753,0.31305368130434197
0.4455022604815125,0.3131985845014837
0.44570339017021743,0.31334349178047854
0.44590451985892243,0.3134884031427124
0.4461056495476274,0.31363331858957255
0.4463067792363324,0.3137782381224456
0.44650790892503733,0.3139231617427198
0.4467090386137423,0.31406808945178233
0.4469101683024473,0.3142130212510227
0.44711129799115223,0.31435795714182896
0.44731242767985724,0.31450289712559126
0.4475135573685622,0.31464784120369943
0.4477146870572672,0.31479278937754307
0.44791581674597214,0.31493774164851396
0.4481169464346771,0.31508269801800226
0.4483180761233821,0.31522765848740053
0.44851920581208704,0.31537262305810054
0.44872033550079204,0.31551759173149496
0.448921465189497,0.31566256450897673
0.449122594878202,0.3158075413919391
0.44932372456690695,0.3159525223817766
0.4495248542556119,0.3160975074798831
0.4497259839443169,0.3162424966876538
0.44992711363302185,0.3163874900064836
0.45012824332172685,0.31653248743776896
0.4503293730104318,0.31667748898290565
0.45053050269913675,0.3168224946432904
0.45073163238784175,0.3169675044203203
0.4509327620765467,0.3171125183153935
0.4511338917652517,0.31725753632990744
0.45133502145395665,0.31740255846526083
0.45153615114266166,0.3175475847228529
0.4517372808313666,0.31769261510408303
0.45193841052007155,0.317837649610351
0.45213954020877656,0.31798268824305725
0.4523406698974815,0.31812773100360314
0.4525417995861865,0.31827277789338937
0.45274292927489146,0.3184178289138182
0.4529440589635964,0.31856288406629163
0.4531451886523014,0.3187079433522127
0.45334631834100636,0.31885300677298456
0.45354744802971136,0.31899807433001054
0.4537485777184163,0.31914314602469523
0.4539497074071213,0.3192882218584433
0.45415083709582627,0.31943330183265933
0.4543519667845312,0.31957838594874954
0.4545530964732362,0.3197234742081199
0.45475422616194117,0.31986856661217655
0.45495535585064617,0.32001366316232666
0.4551564855393511,0.3201587638599783
0.45535761522805607,0.3203038687065387
0.45555874491676107,0.32044897770341696
0.455759874605466,0.3205940908520213
0.455961004294171,0.3207392081537616
0.456162133982876,0.3208843296100475
0.456363263671581,0.32102945522228993
0.4565643933602859,0.3211745849918992
0.4567655230489909,0.321319718920287
0.4569666527376959,0.32146485700886507
0.4571677824264008,0.3216099992590452
0.45736891211510583,0.3217551456722412
0.4575700418038108,0.3219002962498657
0.4577711714925158,0.32204545099333254
0.45797230118122073,0.32219060990405657
0.4581734308699257,0.3223357729834516
0.4583745605586307,0.3224809402329336
0.45857569024733563,0.32262611165391797
0.45877681993604064,0.32277128724782134
0.4589779496247456,0.32291646701605997
0.45917907931345053,0.323061650960051
0.45938020900215554,0.32320683908121267
0.4595813386908605,0.32335203138096313
0.4597824683795655,0.3234972278607209
0.45998359806827044,0.32364242852190506
0.46018472775697544,0.32378763336593575
0.4603858574456804,0.3239328423942325
0.46058698713438534,0.32407805560821656
0.46078811682309034,0.32422327300930903
0.4609892465117953,0.32436849459893147
0.4611903762005003,0.32451372037850634
0.46139150588920524,0.32465895034945635
0.4615926355779102,0.3248041845132041
0.4617937652666152,0.32494942287117395
0.46199489495532015,0.32509466542478993
0.46219602464402515,0.3252399121754768
0.4623971543327301,0.32538516312466004
0.4625982840214351,0.3255304182737651
0.46279941371014005,0.32567567762421784
0.463000543398845,0.32582094117744587
0.46320167308755,0.3259662089348758
0.46340280277625495,0.32611148089793573
0.46360393246495996,0.3262567570680539
0.4638050621536649,0.32640203744665885
0.4640061918423699,0.32654732203518033
0.46420732153107486,0.3266926108350483
0.4644084512197798,0.32683790384769207
0.4646095809084848,0.3269832010745437
0.46481071059718976,0.3271285025170341
0.46501184028589476,0.3272738081765951
0.4652129699745997,0.3274191180546593
0.46541409966330466,0.32756443215265907
0.46561522935200966,0.32770975047202877
0.4658163590407146,0.3278550730142015
0.4660174887294196,0.32800039978061274
0.46621861841812456,0.3281457307726966
0.46641974810682957,0.32829106599188934
0.4666208777955345,0.3284364054396264
0.46682200748423947,0.32858174911734467
0.46702313717294447,0.32872709702648156
0.4672242668616494,0.32887244916847425
0.4674253965503544,0.3290178055447611
0.46762652623905937,0.3291631661567805
0.4678276559277643,0.32930853100597246
0.4680287856164693,0.3294539000937763
0.46822991530517427,0.329599273421632
0.4684310449938793,0.329744650990981
0.4686321746825842,0.3298900328032639
0.46883330437128923,0.33003541885992355
0.4690344340599942,0.33018080916240167
0.4692355637486991,0.33032620371214166
0.46943669343740413,0.33047160251058666
0.4696378231261091,0.33061700555918083
0.4698389528148141,0.330762412859369
0.47004008250351903,0.3309078244125959
0.470241212192224,0.3310532402203075
0.470442341880929,0.3311986602839501
0.47064347156963393,0.3313440846049699
0.47084460125833894,0.33148951318481473
0.4710457309470439,0.3316349460249322
0.4712468606357489,0.33178038312677083
0.47144799032445384,0.3319258244917791
0.4716491200131588,0.33207127012140747
0.4718502497018638,0.3322167200171047
0.47205137939056874,0.33236217418032205
0.47225250907927374,0.3325076326125107
0.4724536387679787,0.3326530953151221
0.4726547684566837,0.3327985622896085
0.47285589814538864,0.33294403353742286
0.4730570278340936,0.3330895090600182
0.4732581575227986,0.3332349888588485
0.47345928721150354,0.33338047293536843
0.47366041690020855,0.3335259612910327
0.4738615465889135,0.33367145392729675
0.47406267627761844,0.33381695084561697
0.47426380596632345,0.3339624520474501
0.4744649356550284,0.334107957534253
0.4746660653437334,0.33425346730748373
0.47486719503243835,0.33439898136860036
0.47506832472114335,0.33454449971906186
0.4752694544098483,0.3346900223603282
0.47547058409855325,0.33483554929385895
0.47567171378725825,0.3349810805211146
0.4758728434759632,0.3351266160435568
0.4760739731646682,0.3352721558626463
0.47627510285337316,0.3354176999798465
0.4764762325420781,0.33556324839661994
0.4766773622307831,0.3357088011144299
0.47687849191948806,0.3358543581347401
0.47707962160819306,0.33599991945901586
0.477280751296898,0.33614548508872155
0.477481880985603,0.3362910550253238
0.47768301067430796,0.33643662927028795
0.4778841403630129,0.3365822078250815
0.4780852700517179,0.3367277906911715
0.47828639974042286,0.3368733778700263
0.47848752942912787,0.33701896936311465
0.4786886591178328,0.337164565171905
0.4788897888065378,0.33731016529786795
0.47909091849524277,0.3374557697424736
0.4792920481839477,0.3376013785071925
0.4794931778726527,0.3377469915934967
0.47969430756135767,0.3378926090028577
0.4798954372500627,0.33803823073674877
0.4800965669387676,0.3381838567966429
0.48029769662747257,0.3383294871840141
0.4804988263161776,0.33847512190033685
0.4806999560048825,0.33862076094708576
0.4809010856935875,0.33876640432573696
0.4811022153822925,0.3389120520377663
0.4813033450709975,0.33905770408465097
0.48150447475970243,0.33920336046786825
0.4817056044484074,0.33934902118889554
0.4819067341371124,0.33949468624921225
0.48210786382581733,0.33964035565029727
0.48230899351452233,0.3397860293936303
0.4825101232032273,0.33993170748069207
0.48271125289193223,0.3400773899129632
0.48291238258063723,0.340223076691925
0.4831135122693422,0.34036876781906034
0.4833146419580472,0.34051446329585167
0.48351577164675213,0.3406601631237825
0.48371690133545714,0.3408058673043365
0.4839180310241621,0.34095157583899877
0.48411916071286704,0.3410972887292541
0.48432029040157204,0.3412430059765885
0.484521420090277,0.3413887275824888
0.484722549778982,0.34153445354844075
0.48492367946768694,0.34168018387593363
0.4851248091563919,0.34182591856645445
0.4853259388450969,0.34197165762149273
0.48552706853380184,0.34211740104253763
0.48572819822250685,0.3422631488310794
0.4859293279112118,0.34240890098860866
0.4861304575999168,0.34255465751661707
0.48633158728862175,0.34270041841659604
0.4865327169773267,0.3428461836900385
0.4867338466660317,0.34299195333843785
0.48693497635473665,0.3431377273632872
0.48713610604344165,0.3432835057660815
0.4873372357321466,0.343429288548316
0.4875383654208516,0.3435750757114855
0.48773949510955655,0.3437208672570872
0.4879406247982615,0.3438666631866177
0.4881417544869665,0.3440124635015741
0.48834288417567145,0.34415826820345535
0.48854401386437646,0.3443040772937602
0.4887451435530814,0.3444498907739876
0.48894627324178636,0.34459570864563793
0.48914740293049136,0.34474153091021176
0.4893485326191963,0.3448873575692106
0.4895496623079013,0.3450331886241362
0.48975079199660626,0.3451790240764913
0.48995192168531126,0.34532486392777917
0.4901530513740162,0.34547070817950387
0.49035418106272116,0.3456165568331698
0.49055531075142617,0.3457624098902817
0.4907564404401311,0.34590826735234564
0.4909575701288361,0.3460541292208686
0.49115869981754107,0.3461999954973569
0.491359829506246,0.3463458661833191
0.491560959194951,0.3464917412802627
0.49176208888365597,0.3466376207896974
0.49196321857236097,0.3467835047131325
0.4921643482610659,0.3469293930520787
0.4923654779497709,0.3470752858080463
0.4925666076384759,0.3472211829825478
0.4927677373271808,0.34736708457709475
0.4929688670158858,0.3475129905932005
0.4931699967045908,0.34765890103237856
0.4933711263932958,0.34780481589614304
0.4935722560820007,0.34795073518600933
0.49377338577070573,0.34809665890349223
0.4939745154594107,0.3482425870501088
0.4941756451481156,0.3483885196273751
0.49437677483682063,0.34853445663680876
0.4945779045255256,0.34868039807992895
0.4947790342142306,0.3488263439582536
0.49498016390293553,0.3489722942733027
0.4951812935916405,0.34911824902659605
0.4953824232803455,0.34926420821965476
0.49558355296905043,0.3494101718540002
0.49578468265775544,0.3495561399311552
0.4959858123464604,0.34970211245264154
0.4961869420351654,0.3498480894199842
0.49638807172387034,0.3499940708347057
0.4965892014125753,0.35014005669833237
0.4967903311012803,0.3502860470123889
0.49699146078998524,0.3504320417784021
0.49719259047869024,0.3505780409978987
0.4973937201673952,0.3507240446724063
0.49759484985610014,0.35087005280345285
0.49779597954480514,0.35101606539256797
0.4979971092335101,0.3511620824412809
0.4981982389222151,0.35130810395112194
0.49839936861092005,0.35145412992362257
0.49860049829962505,0.3516001603603137
0.49880162798833,0.3517461952627282
0.49900275767703495,0.35189223463239877
0.49920388736573995,0.35203827847086033
0.4994050170544449,0.352184326779646
0.4996061467431499,0.35233037956029123
0.49980727643185485,0.35247643681433244
0.5000084061205599,0.35262249854330546
0.5002095358092647,0.35276856474874807
0.5004106654979698,0.3529146354321979
0.5006117951866748,0.353060710595194
0.5008129248753798,0.3532067902392749
0.5010140545640847,0.3533528743659813
0.5012151842527897,0.3534989629768534
0.5014163139414947,0.35364505607343305
0.5016174436301996,0.3537911536572627
0.5018185733189046,0.35393725572988427
0.5020197030076096,0.35408336229284193
0.5022208326963146,0.3542294733476798
0.5024219623850195,0.35437558889594284
0.5026230920737245,0.35452170893917667
0.5028242217624295,0.3546678334789277
0.5030253514511344,0.35481396251674296
0.5032264811398394,0.3549600960541706
0.5034276108285444,0.35510623409275877
0.5036287405172494,0.3552523766340566
0.5038298702059543,0.35539852367961444
0.5040309998946593,0.3555446752309829
0.5042321295833643,0.35569083128971324
0.5044332592720692,0.3558369918573574
0.5046343889607742,0.355983156935469
0.5048355186494792,0.35612932652560036
0.5050366483381841,0.3562755006293068
0.5052377780268891,0.35642167924814283
0.5054389077155941,0.3565678623836641
0.5056400374042991,0.35671405003742773
0.505841167093004,0.3568602422109902
0.506042296781709,0.35700643890591
0.506243426470414,0.35715264012374537
0.5064445561591189,0.35729884586605576
0.5066456858478239,0.35744505613440203
0.5068468155365289,0.35759127093034415
0.5070479452252339,0.357737490255444
0.5072490749139388,0.35788371411126374
0.5074502046026438,0.35802994249936704
0.5076513342913488,0.3581761754213172
0.5078524639800537,0.35832241287867883
0.5080535936687587,0.3584686548730177
0.5082547233574637,0.35861490140589924
0.5084558530461687,0.35876115247889073
0.5086569827348736,0.3589074080935599
0.5088581124235786,0.35905366825147444
0.5090592421122836,0.3591999329542034
0.5092603718009885,0.3593462022033175
0.5094615014896935,0.3594924760003865
0.5096626311783985,0.35963875434698167
0.5098637608671035,0.3597850372446757
0.5100648905558084,0.35993132469504074
0.5102660202445134,0.3600776166996509
0.5104671499332184,0.3602239132600804
0.5106682796219233,0.36037021437790395
0.5108694093106283,0.36051652005469814
0.5110705389993333,0.36066283029203927
0.5112716686880382,0.3608091450915045
0.5114727983767432,0.3609554644546722
0.5116739280654482,0.36110178838312146
0.5118750577541532,0.36124811687843217
0.5120761874428581,0.36139444994218384
0.5122773171315631,0.361540787575959
0.5124784468202681,0.36168712978133855
0.512679576508973,0.3618334765599064
0.512880706197678,0.36197982791324523
0.513081835886383,0.3621261838429396
0.513282965575088,0.3622725443505752
0.5134840952637929,0.36241890943773714
0.5136852249524979,0.36256527910601255
0.5138863546412029,0.36271165335698907
0.5140874843299078,0.3628580321922542
0.5142886140186128,0.36300441561339825
0.5144897437073178,0.36315080362201
0.5146908733960228,0.3632971962196805
0.5148920030847277,0.36344359340800125
0.5150931327734327,0.3635899951885644
0.5152942624621377,0.36373640156296294
0.5154953921508426,0.3638828125327902
0.5156965218395476,0.36402922809964133
0.5158976515282526,0.3641756482651116
0.5160987812169576,0.3643220730307972
0.5162999109056625,0.3644685023982952
0.5165010405943675,0.3646149363692034
0.5167021702830725,0.3647613749451202
0.5169032999717774,0.36490781812764517
0.5171044296604824,0.3650542659183784
0.5173055593491874,0.36520071831892076
0.5175066890378923,0.3653471753308747
0.5177078187265973,0.36549363695584214
0.5179089484153023,0.36564010319542695
0.5181100781040073,0.3657865740512336
0.5183112077927122,0.36593304952486616
0.5185123374814172,0.36607952961793155
0.5187134671701222,0.36622601433203583
0.5189145968588271,0.36637250366878704
0.5191157265475321,0.36651899762979334
0.5193168562362371,0.3666654962166641
0.5195179859249421,0.3668119994310086
0.519719115613647,0.36695850727443813
0.519920245302352,0.3671050197485648
0.520121374991057,0.3672515368550002
0.5203225046797619,0.367398058595358
0.5205236343684669,0.36754458497125275
0.5207247640571719,0.36769111598429893
0.52092589374587694,0.36783765163611215
0.5211270234345818,0.36798419192830967
0.5213281531232868,0.3681307368625084
0.5215292828119918,0.368277286440327
0.5217304125006967,0.3684238406633846
0.5219315421894017,0.36857039953330095
0.5221326718781067,0.3687169630516972
0.5223338015668118,0.36886353122019433
0.5225349312555166,0.3690101040404158
0.5227360609442216,0.3691566815139844
0.5229371906329267,0.36930326364252486
0.5231383203216315,0.3694498504276613
0.5233394500103365,0.3695964418710209
0.5235405796990416,0.369743037974229
0.5237417093877464,0.36988963873891456
0.5239428390764514,0.3700362441667052
0.5241439687651565,0.3701828542592307
0.5243450984538615,0.37032946901812114
0.5245462281425664,0.37047608844500735
0.5247473578312714,0.370622712541522
0.5249484875199764,0.37076934130929673
0.5251496172086813,0.3709159747499662
0.5253507468973863,0.3710626128651643
0.5255518765860913,0.37120925565652696
0.5257530062747963,0.3713559031256901
0.5259541359635012,0.37150255527429077
0.5261552656522062,0.3716492121039675
0.5263563953409112,0.37179587361635835
0.5265575250296161,0.37194253981310355
0.5267586547183211,0.3720892106958438
0.5269597844070261,0.3722358862662206
0.5271609140957311,0.3723825665258763
0.527362043784436,0.3725292514764542
0.527563173473141,0.37267594111959856
0.527764303161846,0.37282263545695415
0.5279654328505509,0.3729693344901671
0.5281665625392559,0.37311603822088435
0.5283676922279609,0.37326274665075343
0.5285688219166658,0.37340945978142304
0.5287699516053708,0.37355617761454263
0.5289710812940758,0.3737029001517628
0.5291722109827808,0.3738496273947348
0.5293733406714857,0.37399635934511044
0.5295744703601907,0.3741430960045433
0.5297756000488957,0.37428983737468746
0.5299767297376006,0.3744365834571972
0.5301778594263056,0.37458333425372903
0.5303789891150106,0.37473008976593924
0.5305801188037156,0.374876849995486
0.5307812484924205,0.37502361494402703
0.5309823781811255,0.3751703846132224
0.5311835078698305,0.3753171590047325
0.5313846375585354,0.37546393812021817
0.5315857672472404,0.37561072196134193
0.5317868969359454,0.37575751052976714
0.5319880266246504,0.37590430382715734
0.5321891563133553,0.37605110185517776
0.5323902860020603,0.3761979046154942
0.5325914156907653,0.37634471210977394
0.5327925453794702,0.376491524339684
0.5329936750681752,0.37663834130689355
0.5331948047568802,0.3767851630130721
0.5333959344455852,0.3769319894598898
0.5335970641342901,0.3770788206490189
0.5337981938229951,0.37722565658213114
0.5339993235117001,0.37737249726090016
0.534200453200405,0.37751934268700027
0.53440158288911,0.3776661928621068
0.534602712577815,0.3778130477878957
0.5348038422665199,0.3779599074660438
0.5350049719552249,0.37810677189822983
0.5352061016439299,0.3782536410861327
0.5354072313326349,0.3784005150314318
0.5356083610213398,0.3785473937358086
0.5358094907100448,0.3786942772009446
0.5360106203987498,0.3788411654285232
0.5362117500874547,0.3789880584202274
0.5364128797761597,0.37913495617774284
0.5366140094648647,0.379281858702754
0.5368151391535697,0.3794287659969492
0.5370162688422746,0.3795756780620143
0.5372173985309796,0.3797225948996391
0.5374185282196846,0.3798695165115129
0.5376196579083895,0.3800164428993261
0.5378207875970945,0.3801633740647702
0.5380219172857995,0.38031031000953774
0.5382230469745045,0.3804572507353219
0.5384241766632094,0.38060419624381725
0.5386253063519144,0.3807511465367197
0.5388264360406194,0.3808981016157251
0.5390275657293243,0.38104506148253103
0.5392286954180293,0.38119202613883585
0.5394298251067343,0.381338995586339
0.5396309547954393,0.3814859698267401
0.5398320844841442,0.3816329488617414
0.5400332141728492,0.38177993269304467
0.5402343438615542,0.3819269213223533
0.5404354735502591,0.3820739147513714
0.5406366032389641,0.38222091298180483
0.5408377329276691,0.38236791601535947
0.541038862616374,0.38251492385374264
0.541239992305079,0.38266193649866265
0.541441121993784,0.3828089539518291
0.541642251682489,0.3829559762149516
0.5418433813711939,0.38310300328974245
0.5420445110598989,0.3832500351779128
0.5422456407486039,0.383397071881177
0.5424467704373088,0.38354411340124883
0.5426479001260138,0.3836911597398439
0.5428490298147188,0.38383821089867853
0.5430501595034238,0.3839852668794703
0.5432512891921287,0.3841323276839369
0.5434524188808337,0.3842793933137987
0.5436535485695387,0.3844264637707756
0.5438546782582436,0.3845735390565894
0.5440558079469486,0.38472061917296263
0.5442569376356536,0.38486770412161864
0.5444580673243586,0.38501479390428217
0.5446591970130635,0.38516188852267863
0.5448603267017685,0.38530898797853474
0.5450614563904735,0.38545609227357835
0.5452625860791784,0.38560320140953785
0.5454637157678834,0.38575031538814364
0.5456648454565884,0.3858974342111262
0.5458659751452934,0.3860445578802175
0.5460671048339983,0.3861916863971503
0.5462682345227033,0.3863388197636588
0.5464693642114083,0.3864859579814778
0.5466704939001132,0.38663310105234316
0.5468716235888182,0.3867802489779927
0.5470727532775232,0.38692740176016394
0.5472738829662281,0.3870745594005963
0.5474750126549331,0.38722172190103044
0.5476761423436382,0.38736888926320767
0.5478772720323432,0.38751606148886997
0.548078401721048,0.38766323857976126
0.548279531409753,0.38781042053762604
0.54848066109845806,0.3879576073642099
0.548681790787163,0.3881047990612596
0.548882920475868,0.38825199563052326
0.549084050164573,0.38839919707374915
0.549285179853278,0.388546403392688
0.5494863095419829,0.38869361458909
0.5496874392306879,0.38884083066470765
0.5498885689193929,0.38898805162129435
0.5500896986080978,0.3891352774606043
0.5502908282968028,0.38928250818439303
0.5504919579855078,0.3894297437944165
0.5506930876742128,0.3895769842924329
0.5508942173629177,0.3897242296802007
0.5510953470516227,0.3898714799594798
0.5512964767403277,0.3900187351320309
0.5514976064290326,0.3901659951996159
0.5516987361177376,0.39031326016399814
0.5518998658064426,0.3904605300269416
0.5521009954951476,0.39060780479021207
0.5523021251838525,0.3907550844555754
0.5525032548725575,0.39090236902479913
0.5527043845612625,0.391049658499652
0.5529055142499674,0.39119695288190415
0.5531066439386724,0.39134425217332636
0.5533077736273774,0.39149155637569033
0.5535089033160823,0.3916388654907691
0.5537100330047873,0.39178617952033745
0.5539111626934923,0.3919334984661704
0.5541122923821973,0.3920808223300447
0.5543134220709022,0.392228151113738
0.5545145517596072,0.3923754848190285
0.5547156814483122,0.39252282344769684
0.5549168111370171,0.3926701670015237
0.5551179408257221,0.3928175154822917
0.5553190705144271,0.3929648688917834
0.5555202002031321,0.3931122272317844
0.555721329891837,0.39325959050407944
0.555922459580542,0.3934069587104557
0.556123589269247,0.39355433185270094
0.5563247189579519,0.39370170993260456
0.5565258486466569,0.39384909295195647
0.5567269783353619,0.39399648091254846
0.5569281080240669,0.39414387381617266
0.5571292377127718,0.3942912716646231
0.5573303674014768,0.3944386744596946
0.5575314970901818,0.39458608220318325
0.5577326267788867,0.39473349489688636
0.5579337564675917,0.3948809125426025
0.5581348861562967,0.39502833514213087
0.5583360158450016,0.3951757626972725
0.5585371455337066,0.3953231952098294
0.5587382752224116,0.39547063268160487
0.5589394049111166,0.3956180751144023
0.5591405345998215,0.3957655225100284
0.5593416642885265,0.3959129748702891
0.5595427939772315,0.39606043219699294
0.5597439236659364,0.39620789449194804
0.5599450533546414,0.3963553617569652
0.5601461830433464,0.3965028339938562
0.5603473127320514,0.3966503112044333
0.5605484424207563,0.39679779339051025
0.5607495721094613,0.39694528055390266
0.5609507017981663,0.3970927726964265
0.5611518314868712,0.39724026981989913
0.5613529611755762,0.3973877719261393
0.5615540908642812,0.3975352790169676
0.5617552205529862,0.3976827910942039
0.5619563502416911,0.3978303081596717
0.5621574799303961,0.39797783021519406
0.5623586096191011,0.39812535726259624
0.562559739307806,0.3982728893037032
0.562760868996511,0.39842042634034347
0.562961998685216,0.3985679683743446
0.563163128373921,0.3987155154075369
0.5633642580626259,0.39886306744175093
0.5635653877513309,0.3990106244788191
0.5637665174400359,0.399158186520575
0.5639676471287408,0.399305753568853
0.5641687768174458,0.3994533256254892
0.5643699065061508,0.3996009026923206
0.5645710361948557,0.3997484847711854
0.5647721658835607,0.3998960718639244
0.5649732955722657,0.40004366397237723
0.5651744252609707,0.40019126109838665
0.5653755549496756,0.4003388632437961
0.5655766846383806,0.40048647041045005
0.5657778143270856,0.40063408260019484
0.5659789440157905,0.40078169981487743
0.5661800737044955,0.40092932205634646
0.5663812033932005,0.4010769493264519
0.5665823330819055,0.40122458162704433
0.5667834627706104,0.40137221895997666
0.5669845924593154,0.40151986132710193
0.5671857221480204,0.40166750873027546
0.5673868518367253,0.4018151611713533
0.5675879815254303,0.40196281865219285
0.5677891112141353,0.402110481174653
0.5679902409028403,0.4022581487405936
0.5681913705915452,0.4024058213518764
0.5683925002802502,0.4025534990103634
0.5685936299689552,0.40270118171791947
0.5687947596576601,0.40284886947640897
0.5689958893463651,0.402996562287699
0.5691970190350701,0.40314426015365745
0.5693981487237751,0.4032919630761528
0.56959927841248,0.40343967105705636
0.569800408101185,0.4035873840982396
0.57000153778989,0.4037351022015754
0.5702026674785949,0.40388282536893905
0.5704037971672999,0.4040305536022051
0.570604926856005,0.40417828690325164
0.5708060565447098,0.40432602527395667
0.5710071862334148,0.4044737687162002
0.5712083159221198,0.4046215172318628
0.5714094456108249,0.40476927082282743
0.5716105752995297,0.4049170294909774
0.5718117049882347,0.40506479323819844
0.5720128346769398,0.40521256206637646
0.5722139643656446,0.4053603359773995
0.5724150940543496,0.40550811497315675
0.5726162237430547,0.40565589905553856
0.5728173534317597,0.4058036882264371
0.5730184831204646,0.4059514824877448
0.5732196128091696,0.40609928184135735
0.5734207424978746,0.40624708628916983
0.5736218721865795,0.40639489583307975
0.5738230018752845,0.40654271047498614
0.5740241315639895,0.406690530216789
0.5742252612526945,0.40683835506038923
0.5744263909413994,0.4069861850076898
0.5746275206301044,0.4071340200605956
0.5748286503188094,0.4072818602210113
0.5750297800075143,0.4074297054908447
0.5752309096962193,0.4075775558720033
0.5754320393849243,0.4077254113663975
0.5756331690736293,0.40787327197593803
0.5758342987623342,0.4080211377025371
0.5760354284510392,0.40816900854810945
0.5762365581397442,0.40831688451456993
0.5764376878284491,0.4084647656038355
0.5766388175171541,0.40861265181782425
0.5768399472058591,0.40876054315845545
0.577041076894564,0.40890843962765033
0.577242206583269,0.4090563412273315
0.577443336271974,0.409204247959422
0.577644465960679,0.40935215982584816
0.5778455956493839,0.4095000768285355
0.5780467253380889,0.4096479989694133
0.5782478550267939,0.40979592625040995
0.5784489847154988,0.40994385867345673
0.5786501144042038,0.41009179624048653
0.5788512440929088,0.4102397389534329
0.5790523737816138,0.4103876868142309
0.5792535034703187,0.410535639824817
0.5794546331590237,0.41068359798713017
0.5796557628477287,0.4108315613031097
0.5798568925364336,0.4109795297746961
0.5800580222251386,0.41112750340383264
0.5802591519138436,0.4112754821924629
0.5804602816025486,0.41142346614253267
0.5806614112912535,0.4115714552559887
0.5808625409799585,0.4117194495347791
0.5810636706686635,0.41186744898085437
0.5812648003573684,0.4120154535961653
0.5814659300460734,0.41216346338266463
0.5816670597347784,0.4123114783423071
0.5818681894234834,0.41245949847704844
0.5820693191121883,0.4126075237888457
0.5822704488008933,0.41275555427965793
0.5824715784895983,0.41290358995144494
0.5826727081783032,0.4130516308061686
0.5828738378670082,0.4131996768457926
0.5830749675557132,0.4133477280722816
0.5832760972444181,0.4134957844876015
0.5834772269331231,0.41364384609372007
0.5836783566218281,0.4137919128926071
0.5838794863105331,0.41393998488623307
0.584080615999238,0.41408806207657023
0.584281745687943,0.4142361444655924
0.584482875376648,0.4143842320552752
0.5846840050653529,0.4145323248475956
0.5848851347540579,0.41468042284453144
0.5850862644427629,0.4148285260480634
0.5852873941314679,0.41497663446017263
0.5854885238201728,0.4151247480828423
0.5856896535088778,0.415272866918057
0.5858907831975828,0.4154209909678026
0.5860919128862877,0.4155691202340669
0.5862930425749927,0.41571725471883936
0.5864941722636977,0.4158653944241105
0.5866953019524027,0.41601353935187324
0.5868964316411076,0.4161616895041207
0.5870975613298126,0.41630984488284906
0.5872986910185176,0.4164580054900544
0.5874998207072225,0.4166061713277366
0.5877009503959275,0.41675434239789555
0.5879020800846325,0.41690251870253214
0.5881032097733374,0.417050700243651
0.5883043394620424,0.41719888702325614
0.5885054691507474,0.41734707904335455
0.5887065988394524,0.4174952763059544
0.5889077285281573,0.41764347881306507
0.5891088582168623,0.4177916865666981
0.5893099879055673,0.417939899568867
0.5895111175942722,0.4180881178215854
0.5897122472829772,0.41823634132687004
0.5899133769716822,0.41838457008673857
0.5901145066603872,0.41853280410321014
0.5903156363490921,0.41868104337830614
0.5905167660377971,0.41882928791404916
0.5907178957265021,0.41897753771246293
0.590919025415207,0.41912579277557416
0.591120155103912,0.41927405310540944
0.591321284792617,0.41942231870399904
0.591522414481322,0.4195705895733729
0.5917235441700269,0.41971886571556394
0.5919246738587319,0.419867147132606
0.5921258035474369,0.4200154338265346
0.5923269332361418,0.42016372579938777
0.5925280629248468,0.42031202305320425
0.5927291926135518,0.4204603255900248
0.5929303223022568,0.4206086334118919
0.5931314519909617,0.4207569465208494
0.5933325816796667,0.42090526491894276
0.5935337113683717,0.4210535886082203
0.5937348410570766,0.4212019175907302
0.5939359707457816,0.42135025186852393
0.5941371004344866,0.4214985914436533
0.5943382301231915,0.42164693631817307
0.5945393598118965,0.4217952864941388
0.5947404895006015,0.421943641973608
0.5949416191893065,0.4220920027586399
0.5951427488780114,0.42224036885129546
0.5953438785667164,0.42238874025363726
0.5955450082554214,0.4225371169677299
0.5957461379441263,0.42268549899563956
0.5959472676328313,0.4228338863394334
0.5961483973215363,0.42298227900118135
0.5963495270102414,0.42313067698295515
0.5965506566989462,0.42327908028682704
0.5967517863876513,0.4234274889148719
0.5969529160763563,0.4235759028691669
0.5971540457650611,0.423724322151789
0.5973551754537662,0.4238727467648191
0.5975563051424712,0.42402117671033857
0.5977574348311762,0.424169611990431
0.597958564519881,0.42431805260718114
0.5981596942085861,0.4244664985626766
0.5983608238972911,0.42461494985900594
0.598561953585996,0.4247634064982593
0.598763083274701,0.42491186848252926
0.598964212963406,0.42506033581390956
0.599165342652111,0.4252088084944966
0.5993664723408159,0.4253572865263876
0.5995676020295209,0.42550576991168176
0.5997687317182259,0.42565425865248063
0.5999698614069308,0.42580275275088764
0.6001709910956358,0.4259512522090064
0.6003721207843408,0.42609975702894454
0.6005732504730457,0.4262482672128093
0.6007743801617507,0.42639678276271276
0.6009755098504557,0.42654530368076515
0.6011766395391607,0.42669382996908145
0.6013777692278656,0.4268423616297763
0.6015788989165706,0.4269908986649681
0.6017800286052756,0.4271394410767758
0.6019811582939805,0.42728798886732056
0.6021822879826855,0.4274365420387257
0.6023834176713905,0.4275851005931156
0.6025845473600955,0.4277336645326174
0.6027856770488004,0.4278822338593591
0.6029868067375054,0.4280308085754715
0.6031879364262104,0.4281793886830869
0.6033890661149153,0.4283279741843391
0.6035901958036203,0.4284765650813642
0.6037913254923253,0.4286251613763007
0.6039924551810303,0.42877376307128745
0.6041935848697352,0.42892237016846635
0.6043947145584402,0.4290709826699808
0.6045958442471452,0.4292196005779766
0.6047969739358501,0.4293682238946005
0.6049981036245551,0.42951685262200234
0.6051992333132601,0.42966548676233285
0.6054003630019651,0.4298141263177446
0.60560149269067,0.4299627712903932
0.605802622379375,0.4301114216824351
0.60600375206808,0.43026007749602946
0.6062048817567849,0.43040873873333607
0.6064060114454899,0.4305574053965182
0.6066071411341949,0.43070607748774026
0.6068082708228998,0.43085475500916837
0.6070094005116048,0.431003437962971
0.6072105302003098,0.4311521263513195
0.6074116598890148,0.43130082017638494
0.6076127895777197,0.4314495194403416
0.6078139192664247,0.4315982241453664
0.6080150489551297,0.4317469342936364
0.6082161786438346,0.43189564988733287
0.6084173083325396,0.43204437092863746
0.6086184380212446,0.43219309741973455
0.6088195677099496,0.4323418293628093
0.6090206973986545,0.43249056676005027
0.6092218270873595,0.43263930961364794
0.6094229567760645,0.43278805792579345
0.6096240864647694,0.4329368116986815
0.6098252161534744,0.4330855709345076
0.6100263458421794,0.4332343356354702
0.6102274755308844,0.4333831058037694
0.6104286052195893,0.43353188144160626
0.6106297349082943,0.433680662551186
0.6108308645969993,0.43382944913471433
0.6110319942857042,0.4339782411943989
0.6112331239744092,0.43412703873245073
0.6114342536631142,0.43427584175108147
0.6116353833518192,0.4344246502525052
0.6118365130405241,0.4345734642389386
0.6120376427292291,0.43472228371259947
0.6122387724179341,0.4348711086757092
0.612439902106639,0.435019939130489
0.612641031795344,0.4351687750791644
0.612842161484049,0.4353176165239613
0.6130432911727539,0.4354664634671088
0.6132444208614589,0.4356153159108378
0.6134455505501639,0.4357641738573803
0.6136466802388689,0.43591303730897213
0.6138478099275738,0.4360619062678498
0.6140489396162788,0.43621078073625275
0.6142500693049838,0.4363596607164216
0.6144511989936887,0.43650854621060087
0.6146523286823937,0.4366574372210349
0.6148534583710987,0.4368063337499717
0.6150545880598037,0.43695523579966045
0.6152557177485086,0.4371041433723539
0.6154568474372136,0.43725305647030566
0.6156579771259186,0.4374019750957716
0.6158591068146235,0.43755089925100965
0.6160602365033285,0.43769982893828097
0.6162613661920335,0.43784876415984764
0.6164624958807385,0.43799770491797496
0.6166636255694434,0.4381466512149288
0.6168647552581484,0.4382956030529791
0.6170658849468534,0.4384445604343967
0.6172670146355583,0.43859352336145463
0.6174681443242633,0.4387424918364292
0.6176692740129683,0.43889146586159766
0.6178704037016733,0.4390404454392406
0.6180715333903782,0.4391894305716394
0.6182726630790832,0.4393384212610788
0.6184737927677882,0.43948741750984543
0.6186749224564931,0.4396364193202281
0.6188760521451981,0.4397854266945178
0.6190771818339031,0.43993443963500767
0.619278311522608,0.44008345814399297
0.619479441211313,0.4402324822237722
0.619680570900018,0.44038151187664454
0.619881700588723,0.4405305471049126
0.6200828302774279,0.4406795879108807
0.620283959966133,0.4408286342968557
0.620485089654838,0.4409776862651462
0.6206862193435428,0.44112674381806394
0.6208873490322478,0.4412758069579221
0.6210884787209529,0.4414248756870366
0.6212896084096579,0.4415739500077255
0.6214907380983627,0.4417230299223093
0.6216918677870678,0.44187211543311067
0.6218929974757728,0.44202120654245425
0.6220941271644777,0.4421703032526678
0.6222952568531827,0.4423194055660805
0.6224963865418877,0.4424685134850246
0.6226975162305927,0.44261762701183427
0.6228986459192976,0.4427667461488455
0.6230997756080026,0.4429158708983981
0.6233009052967076,0.4430650012628332
0.6235020349854125,0.44321413724449343
0.6237031646741175,0.443363278845726
0.6239042943628225,0.4435124260688783
0.6241054240515274,0.4436615789163014
0.6243065537402324,0.44381073739034804
0.6245076834289374,0.44395990149337405
0.6247088131176424,0.4441090712277368
0.6249099428063473,0.4442582465957968
0.6251110724950523,0.44440742759991625
0.6253122021837573,0.4445566142424603
0.6255133318724622,0.4447058065257965
0.6257144615611672,0.44485500445229464
0.6259155912498722,0.4450042080243264
0.6261167209385772,0.44515341724426705
0.6263178506272821,0.4453026321144927
0.6265189803159871,0.4454518526373843
0.6267201100046921,0.44560107881532196
0.626921239693397,0.44575031065069104
0.627122369382102,0.44589954814587873
0.627323499070807,0.4460487913032739
0.627524628759512,0.44619804012526787
0.6277257584482169,0.44634729461425515
0.6279268881369219,0.4464965547726324
0.6281280178256269,0.4466458206027988
0.6283291475143318,0.44679509210715596
0.6285302772030368,0.44694436928810843
0.6287314068917418,0.44709365214806196
0.6289325365804468,0.4472429406894265
0.6291336662691517,0.4473922349146128
0.6293347959578567,0.4475415348260361
0.6295359256465617,0.4476908404261125
0.6297370553352666,0.4478401517172612
0.6299381850239716,0.44798946870190426
0.6301393147126766,0.4481387913824657
0.6303404444013815,0.4482881197613723
0.6305415740900865,0.4484374538410538
0.6307427037787915,0.44858679362394205
0.6309438334674965,0.44873613911247145
0.6311449631562014,0.4488854903090792
0.6313460928449064,0.4490348472162049
0.6315472225336114,0.44918420983629115
0.6317483522223163,0.4493335781717822
0.6319494819110213,0.44948295222512635
0.6321506115997263,0.4496323319987734
0.6323517412884313,0.4497817174951756
0.6325528709771362,0.44993110871678876
0.6327540006658412,0.45008050566607105
0.6329551303545462,0.45022990834548215
0.6331562600432511,0.4503793167574862
0.6333573897319561,0.45052873090454837
0.6335585194206611,0.4506781507891381
0.6337596491093661,0.4508275764137254
0.633960778798071,0.45097700778078487
0.634161908486776,0.4511264448927934
0.634363038175481,0.4512758877522294
0.6345641678641859,0.4514253363615748
0.6347652975528909,0.45157479072331463
0.6349664272415959,0.45172425083993606
0.6351675569303009,0.4518737167139295
0.6353686866190058,0.45202318834778676
0.6355698163077108,0.45217266574400417
0.6357709459964158,0.4523221489050794
0.6359720756851207,0.45247163783351296
0.6361732053738257,0.45262113253180947
0.6363743350625307,0.4527706330024749
0.6365754647512356,0.45292013924801855
0.6367765944399406,0.45306965127095167
0.6369777241286456,0.45321916907379
0.6371788538173506,0.45336869265905
0.6373799835060555,0.45351822202925307
0.6375811131947605,0.4536677571869214
0.6377822428834655,0.45381729813458116
0.6379833725721704,0.4539668448747606
0.6381845022608754,0.4541163974099922
0.6383856319495804,0.45426595574280937
0.6385867616382854,0.45441551987574924
0.6387878913269903,0.45456508981135224
0.6389890210156953,0.454714665552161
0.6391901507044003,0.45486424710072126
0.6393912803931052,0.45501383445958143
0.6395924100818102,0.45516342763129325
0.6397935397705152,0.45531302661841044
0.6399946694592202,0.4554626314234903
0.6401957991479251,0.45561224204909356
0.6403969288366301,0.45576185849778206
0.6405980585253351,0.4559114807721225
0.64079918821404,0.4560611088746833
0.641000317902745,0.4562107428080361
0.64120144759145,0.456360382574756
0.641402577280155,0.4565100281774196
0.6416037069688599,0.4566596796186081
0.6418048366575649,0.45680933690090497
0.6420059663462699,0.4569590000268964
0.6422070960349748,0.4571086689991718
0.6424082257236798,0.45725834382032315
0.6426093554123848,0.4574080244929465
0.6428104851010897,0.4575577110196395
0.6430116147897947,0.4577074034030042
0.6432127444784997,0.45785710164564397
0.6434138741672047,0.45800680575016717
0.6436150038559096,0.45815651571918314
0.6438161335446146,0.45830623155530636
0.6440172632333196,0.4584559532611523
0.6442183929220245,0.4586056808393407
0.6444195226107295,0.4587554142924942
0.6446206522994345,0.45890515362323914
0.6448217819881396,0.4590548988342028
0.6450229116768444,0.4592046499280177
0.64522404136554945,0.4593544069073189
0.6454251710542545,0.45950416977474395
0.6456263007429593,0.4596539385329337
0.6458274304316644,0.4598037131845325
0.6460285601203694,0.45995349373218797
0.6462296898090744,0.4601032801785506
0.6464308194977793,0.460253072526273
0.6466319491864843,0.4604028707780128
0.6468330788751893,0.46055267493642915
0.6470342085638942,0.46070248500418554
0.6472353382525992,0.4608523009839486
0.6474364679413042,0.4610021228783868
0.6476375976300092,0.4611519506901731
0.6478387273187141,0.461301784421983
0.6480398570074191,0.4614516240764962
0.6482409866961241,0.46160146965639415
0.648442116384829,0.46175132116436257
0.648643246073534,0.46190117860309
0.648844375762239,0.4620510419752686
0.6490455054509439,0.4622009112835932
0.6492466351396489,0.46235078653076245
0.6494477648283539,0.46250066771947795
0.6496488945170589,0.4626505548524448
0.6498500242057638,0.4628004479323712
0.6500511538944688,0.46295034696196835
0.6502522835831738,0.46310025194395144
0.6504534132718787,0.4632501628810386
0.6506545429605837,0.4634000797759512
0.6508556726492887,0.46355000263141466
0.6510568023379937,0.46369993145015675
0.6512579320266986,0.46384986623490876
0.6514590617154036,0.4639998069884056
0.6516601914041086,0.4641497537133866
0.6518613210928135,0.4642997064125918
0.6520624507815185,0.4644496650887674
0.6522635804702235,0.46459962974466174
0.6524647101589285,0.46474960038302626
0.6526658398476334,0.46489957700661666
0.6528669695363384,0.4650495596181914
0.6530680992250434,0.46519954822051257
0.6532692289137483,0.46534954281634566
0.6534703586024533,0.46549954340846045
0.6536714882911583,0.46564954999962926
0.6538726179798632,0.46579956259262767
0.6540737476685682,0.465949581190235
0.6542748773572732,0.4660996057952349
0.6544760070459782,0.46624963641041417
0.6546771367346831,0.4663996730385619
0.6548782664233881,0.46654971568247183
0.6550793961120931,0.46669976434494165
0.655280525800798,0.46684981902877165
0.655481655489503,0.46699987973676615
0.655682785178208,0.4671499464717328
0.655883914866913,0.4673000192364831
0.6560850445556179,0.4674500980338322
0.6562861742443229,0.4676001828665981
0.6564873039330279,0.4677502737376035
0.6566884336217328,0.4679003706496737
0.6568895633104378,0.4680504736056388
0.6570906929991428,0.4682005826083313
0.6572918226878478,0.4683506976605881
0.6574929523765527,0.4685008187652495
0.6576940820652577,0.46865094592516
0.6578952117539627,0.46880107914316715
0.6580963414426676,0.46895121842212195
0.6582974711313726,0.4691013637648803
0.6584986008200776,0.4692515151743003
0.6586997305087826,0.46940167265324506
0.6589008601974875,0.46955183620458085
0.6591019898861925,0.4697020058311776
0.6593031195748975,0.46985218153590935
0.6595042492636024,0.4700023633216537
0.6597053789523074,0.47015255119129185
0.6599065086410124,0.4703027451477092
0.6601076383297173,0.470452945193795
0.6603087680184223,0.47060315133244157
0.6605098977071273,0.47075336356654596
0.6607110273958323,0.4709035818990086
0.6609121570845372,0.47105380633273386
0.6611132867732422,0.47120403687062984
0.6613144164619472,0.471354273515609
0.6615155461506521,0.47150451627058654
0.6617166758393571,0.47165476513848326
0.6619178055280621,0.4718050201222226
0.6621189352167671,0.47195528122473196
0.662320064905472,0.4721055484489436
0.662521194594177,0.4722558217977926
0.662722324282882,0.47240610127421867
0.6629234539715869,0.4725563868811655
0.6631245836602919,0.4727066786215802
0.6633257133489969,0.47285697649841474
0.6635268430377019,0.4730072805146244
0.6637279727264068,0.47315759067316876
0.6639291024151118,0.473307906977011
0.6641302321038168,0.4734582294291195
0.6643313617925217,0.47360855803246515
0.6645324914812267,0.4737588927900239
0.6647336211699317,0.4739092337047759
0.6649347508586367,0.47405958077970456
0.6651358805473416,0.4742099340177982
0.6653370102360466,0.47436029342204866
0.6655381399247516,0.474510658995452
0.6657392696134565,0.4746610307410093
0.6659403993021615,0.4748114086617242
0.6661415289908665,0.4749617927606067
0.6663426586795714,0.47511218304066805
0.6665437883682764,0.4752625795049267
0.6667449180569814,0.47541298215640304
0.6669460477456864,0.47556339099812295
0.6671471774343913,0.4757138060331164
0.6673483071230963,0.47586422726441635
0.6675494368118013,0.4760146546950623
0.6677505665005062,0.4761650883280958
0.6679516961892112,0.47631552816656464
0.6681528258779162,0.4764659742135188
0.6683539555666212,0.4766164264720144
0.6685550852553261,0.4767668849451109
0.6687562149440311,0.4769173496358722
0.6689573446327362,0.4770678205473673
0.669158474321441,0.4772182976826682
0.669359604010146,0.4773687810448527
0.669560733698851,0.47751927063700217
0.6697618633875561,0.4776697664622025
0.669962993076261,0.47782026852354376
0.670164122764966,0.4779707768241216
0.670365252453671,0.4781212913670345
0.6705663821423758,0.4782718121553867
0.6707675118310809,0.47842233919228583
0.6709686415197859,0.4785728724808451
0.6711697712084909,0.4787234120241818
0.6713709008971958,0.478873957825417
0.6715720305859008,0.47902450988767775
0.6717731602746058,0.4791750682140944
0.6719742899633107,0.47932563280780205
0.6721754196520157,0.47947620367194166
0.6723765493407207,0.4796267808096568
0.6725776790294256,0.4797773642240968
0.6727788087181306,0.4799279539184158
0.6729799384068356,0.48007854989577214
0.6731810680955406,0.4802291521593284
0.6733821977842455,0.48037976071225263
0.6735833274729505,0.4805303755577176
0.6737844571616555,0.4806809966989002
0.6739855868503604,0.4808316241389816
0.6741867165390654,0.48098225788114934
0.6743878462277704,0.48113289792859404
0.6745889759164754,0.48128354428451214
0.6747901056051803,0.4814341969521043
0.6749912352938853,0.4815848559345761
0.6751923649825903,0.4817355212351381
0.6753934946712952,0.4818861928570054
0.6755946243600002,0.4820368708033983
0.6757957540487052,0.4821875550775415
0.6759968837374102,0.4823382456826649
0.6761980134261151,0.48248894262200315
0.6763991431148201,0.48263964589879604
0.6766002728035251,0.4827903555162877
0.67680140249223,0.4829410714777277
0.677002532180935,0.4830917937863708
0.67720366186964,0.48324252244547616
0.677404791558345,0.48339325745830775
0.6776059212470499,0.48354399882813526
0.6778070509357549,0.4836947465582331
0.6780081806244599,0.4838455006518806
0.6782093103131648,0.48399626111236205
0.6784104400018698,0.48414702794296693
0.6786115696905748,0.48429780114699006
0.6788126993792797,0.4844485807277311
0.6790138290679847,0.4845993666884947
0.6792149587566897,0.48475015903259056
0.6794160884453947,0.48490095776333453
0.6796172181340996,0.48505176288404594
0.6798183478228046,0.4852025743980509
0.6800194775115096,0.48535339230868013
0.6802206072002145,0.4855042166192689
0.6804217368889195,0.4856550473331589
0.6806228665776245,0.485805884453696
0.6808239962663295,0.48595672798423184
0.6810251259550344,0.486107577928124
0.6812262556437394,0.48625843428873394
0.6814273853324444,0.4864092970694297
0.6816285150211493,0.4865601662735839
0.6818296447098543,0.48671104190457515
0.6820307743985593,0.4868619239657874
0.6822319040872643,0.48701281246060857
0.6824330337759692,0.4871637073924342
0.6826341634646742,0.4873146087646638
0.6828352931533792,0.4874655165807029
0.6830364228420841,0.4876164308439622
0.6832375525307891,0.487767351557858
0.6834386822194941,0.4879182787258125
0.683639811908199,0.4880692123512528
0.683840941596904,0.4882201524376121
0.684042071285609,0.48837109898832853
0.684243200974314,0.4885220520068465
0.6844443306630189,0.4886730114966158
0.6846454603517239,0.48882397746109163
0.6848465900404289,0.4889749499037349
0.6850477197291338,0.4891259288280121
0.6852488494178388,0.4892769142373966
0.6854499791065438,0.48942790613536535
0.6856511087952488,0.489578904525403
0.6858522384839537,0.4897299094109978
0.6860533681726587,0.4898809207956468
0.6862544978613637,0.4900319386828502
0.6864556275500686,0.49018296307611464
0.6866567572387736,0.49033399397895316
0.6868578869274786,0.49048503139488453
0.6870590166161836,0.49063607532743325
0.6872601463048885,0.4907871257801292
0.6874612759935935,0.4909381827565096
0.6876624056822985,0.4910892462601154
0.6878635353710034,0.4912403162944954
0.6880646650597084,0.4913913928632041
0.6882657947484134,0.49154247596980083
0.6884669244371184,0.4916935656178528
0.6886680541258233,0.49184466181093134
0.6888691838145283,0.49199576455261496
0.6890703135032333,0.4921468738464885
0.6892714431919382,0.49229798969614114
0.6894725728806432,0.49244911210517095
0.6896737025693482,0.4926002410771798
0.6898748322580531,0.4927513766157767
0.6900759619467581,0.49290251872457713
0.6902770916354631,0.493053667407202
0.6904782213241681,0.4932048226672794
0.690679351012873,0.4933559845084422
0.690880480701578,0.493507152934331
0.691081610390283,0.49365832794859266
0.6912827400789879,0.4938095095548791
0.6914838697676929,0.4939606977568505
0.6916849994563979,0.4941118925581711
0.691886129145103,0.4942630939625138
0.6920872588338078,0.49441430197355585
0.6922883885225128,0.49456551659498316
0.6924895182112178,0.4947167378304864
0.6926906478999227,0.4948679656837628
0.6928917775886277,0.4950192001585172
0.6930929072773327,0.49517044125846055
0.6932940369660378,0.4953216889873093
0.6934951666547426,0.49547294334878833
0.6936962963434476,0.495624204346628
0.6938974260321527,0.4957754719845653
0.6940985557208575,0.4959267462663435
0.6942996854095626,0.49607802719571414
0.6945008150982676,0.4962293147764344
0.6947019447869726,0.4963806090122673
0.6949030744756775,0.49653190990698437
0.6951042041643825,0.49668321746436317
0.6953053338530875,0.4968345316881878
0.6955064635417924,0.4969858525822495
0.6957075932304974,0.49713718015034636
0.6959087229192024,0.49728851439628363
0.6961098526079073,0.4974398553238727
0.6963109822966123,0.4975912029369327
0.6965121119853173,0.4977425572392892
0.6967132416740223,0.4978939182347757
0.6969143713627272,0.49804528592723085
0.6971155010514322,0.49819666032050225
0.6973166307401372,0.4983480414184439
0.6975177604288421,0.4984994292249163
0.6977188901175471,0.49865082374378833
0.6979200198062521,0.49880222497893467
0.6981211494949571,0.4989536329342381
0.698322279183662,0.4991050476135884
0.698523408872367,0.4992564690208826
0.698724538561072,0.49940789716002443
0.6989256682497769,0.4995593320349261
0.6991267979384819,0.4997107736495061
0.6993279276271869,0.4998622220076906
0.6995290573158919,0.5000136771134134
0.6997301870045968,0.5001651389706152
0.6999313166933018,0.5003166075832447
0.7001324463820068,0.5004680829552575
0.7003335760707117,0.5006195650906172
0.7005347057594167,0.5007710539932941
0.7007358354481217,0.5009225496672679
0.7009369651368267,0.5010740521165236
0.7011380948255316,0.5012255613450554
0.7013392245142366,0.5013770773568639
0.7015403542029416,0.5015286001559588
0.7017414838916465,0.5016801297463563
0.7019426135803515,0.501831666132081
0.7021437432690565,0.5019832093171651
0.7023448729577614,0.5021347593056482
0.7025460026464664,0.5022863161015788
0.7027471323351714,0.5024378797090114
0.7029482620238764,0.5025894501320105
0.7031493917125813,0.5027410273746471
0.7033505214012863,0.5028926114410005
0.7035516510899913,0.5030442023351581
0.7037527807786962,0.5031958000612149
0.7039539104674012,0.5033474046232752
0.7041550401561062,0.5034990160254497
0.7043561698448112,0.5036506342718582
0.7045572995335161,0.5038022593666279
0.7047584292222211,0.5039538913138958
0.7049595589109261,0.504105530117805
0.705160688599631,0.5042571757825077
0.705361818288336,0.5044088283121652
0.705562947977041,0.5045604877109462
0.705764077665746,0.5047121539830273
0.7059652073544509,0.5048638271325948
0.7061663370431559,0.505015507163842
0.7063674667318609,0.5051671940809719
0.7065685964205658,0.5053188878881946
0.7067697261092708,0.5054705885897306
0.7069708557979758,0.505622296189807
0.7071719854866808,0.5057740106926603
0.7073731151753857,0.5059257321025359
0.7075742448640907,0.5060774604236871
0.7077753745527957,0.5062291956603767
0.7079765042415006,0.5063809378168761
0.7081776339302056,0.5065326868974644
0.7083787636189106,0.5066844429064306
0.7085798933076155,0.5068362058480724
0.7087810229963205,0.5069879757266953
0.7089821526850255,0.5071397525466155
0.7091832823737305,0.5072915363121565
0.7093844120624354,0.5074433270276517
0.7095855417511404,0.5075951246974428
0.7097866714398454,0.5077469293258818
0.7099878011285503,0.5078987409173278
0.7101889308172553,0.508050559476151
0.7103900605059603,0.5082023850067295
0.7105911901946653,0.5083542175134508
0.7107923198833702,0.5085060570007122
0.7109934495720752,0.5086579034729195
0.7111945792607802,0.508809756934488
0.7113957089494851,0.5089616173898431
0.7115968386381901,0.5091134848434185
0.7117979683268951,0.5092653592996581
0.7119990980156001,0.5094172407630145
0.712200227704305,0.5095691292379505
0.71240135739301,0.5097210247289383
0.712602487081715,0.509872927240459
0.7128036167704199,0.5100248367770049
0.7130047464591249,0.5101767533430763
0.7132058761478299,0.5103286769431838
0.7134070058365348,0.5104806075818479
0.7136081355252398,0.5106325452635988
0.7138092652139448,0.5107844899929762
0.7140103949026498,0.5109364417745305
0.7142115245913547,0.5110884006128206
0.7144126542800597,0.5112403665124169
0.7146137839687647,0.5113923394778989
0.7148149136574696,0.5115443195138563
0.7150160433461746,0.5116963066248887
0.7152171730348796,0.5118483008156064
0.7154183027235846,0.5120003020906289
0.7156194324122895,0.512152310454587
0.7158205621009945,0.5123043259121207
0.7160216917896995,0.5124563484678818
0.7162228214784044,0.51260837812653
0.7164239511671094,0.5127604148927383
0.7166250808558144,0.5129124587711875
0.7168262105445194,0.5130645097665706
0.7170273402332243,0.5132165678835903
0.7172284699219293,0.5133686331269602
0.7174295996106343,0.5135207055014042
0.7176307292993392,0.5136727850116574
0.7178318589880442,0.513824871662465
0.7180329886767493,0.5139769654585834
0.7182341183654543,0.5141290664047793
0.7184352480541591,0.5142811745058306
0.7186363777428642,0.5144332897665258
0.7188375074315692,0.514585412191665
0.719038637120274,0.5147375417860585
0.719239766808979,0.514889678554528
0.7194408964976841,0.5150418225019064
0.719642026186389,0.5151939736330372
0.719843155875094,0.5153461319527756
0.720044285563799,0.5154982974659876
0.720245415252504,0.515650470177551
0.7204465449412089,0.5158026500923544
0.7206476746299139,0.5159548372152982
0.7208488043186189,0.516107031551294
0.7210499340073238,0.5162592331052644
0.7212510636960288,0.5164114418821448
0.7214521933847338,0.5165636578868809
0.7216533230734388,0.5167158811244303
0.7218544527621437,0.516868111599763
0.7220555824508487,0.5170203493178597
0.7222567121395537,0.5171725942837139
0.7224578418282586,0.51732484650233
0.7226589715169636,0.5174771059787249
0.7228601012056686,0.5176293727179268
0.7230612308943736,0.5177816467249772
0.7232623605830785,0.517933928004928
0.7234634902717835,0.5180862165628441
0.7236646199604885,0.5182385124038031
0.7238657496491934,0.5183908155328931
0.7240668793378984,0.5185431259552161
0.7242680090266034,0.5186954436758856
0.7244691387153084,0.5188477687000278
0.7246702684040133,0.5190001010327816
0.7248713980927183,0.5191524406792967
0.7250725277814233,0.5193047876447384
0.7252736574701282,0.5194571419342815
0.7254747871588332,0.5196095035531155
0.7256759168475382,0.5197618725064415
0.7258770465362431,0.519914248799474
0.7260781762249481,0.5200666324374401
0.7262793059136531,0.5202190234255797
0.7264804356023581,0.5203714217691454
0.726681565291063,0.5205238274734039
0.726882694979768,0.5206762405436338
0.727083824668473,0.5208286609851271
0.7272849543571779,0.520981088803189
0.7274860840458829,0.521133524003139
0.7276872137345879,0.5212859665903078
0.7278883434232929,0.5214384165700412
0.7280894731119978,0.5215908739476977
0.7282906028007028,0.5217433387286494
0.7284917324894078,0.5218958109182825
0.7286928621781127,0.5220482905219959
0.7288939918668177,0.5222007775452021
0.7290951215555227,0.5223532719933289
0.7292962512442277,0.5225057738718165
0.7294973809329326,0.5226582831861186
0.7296985106216376,0.5228107999417044
0.7298996403103426,0.5229633241440558
0.7301007699990475,0.5231158557986693
0.7303018996877525,0.5232683949110554
0.7305030293764575,0.5234209414867387
0.7307041590651625,0.5235734955312585
0.7309052887538674,0.5237260570501684
0.7311064184425724,0.5238786260490352
0.7313075481312774,0.5240312025334418
0.7315086778199823,0.5241837865089847
0.7317098075086873,0.5243363779812751
0.7319109371973923,0.5244889769559393
0.7321120668860972,0.5246415834386177
0.7323131965748022,0.5247941974349657
0.7325143262635072,0.5249468189506541
0.7327154559522122,0.5250994479913677
0.7329165856409171,0.5252520845628076
0.7331177153296221,0.5254047286706883
0.7333188450183271,0.5255573803207414
0.733519974707032,0.5257100395187122
0.733721104395737,0.5258627062703617
0.733922234084442,0.5260153805814667
0.734123363773147,0.5261680624578192
0.7343244934618519,0.5263207519052264
0.7345256231505569,0.5264734489295115
0.7347267528392619,0.5266261535365134
0.7349278825279668,0.526778865732087
0.7351290122166718,0.5269315855221015
0.7353301419053768,0.5270843129124437
0.7355312715940818,0.5272370479090165
0.7357324012827867,0.5273897905177372
0.7359335309714917,0.5275425407445402
0.7361346606601967,0.5276952985953771
0.7363357903489016,0.5278480640762133
0.7365369200376066,0.5280008371930337
0.7367380497263116,0.5281536179518366
0.7369391794150166,0.5283064063586386
0.7371403091037215,0.5284592024194726
0.7373414387924265,0.5286120061403885
0.7375425684811315,0.528764817527452
0.7377436981698364,0.5289176365867456
0.7379448278585414,0.5290704633243709
0.7381459575472464,0.529223297746444
0.7383470872359513,0.5293761398590986
0.7385482169246563,0.5295289896684867
0.7387493466133613,0.5296818471807772
0.7389504763020663,0.5298347124021551
0.7391516059907712,0.5299875853388237
0.7393527356794762,0.5301404659970045
0.7395538653681812,0.5302933543829359
0.7397549950568861,0.5304462505028738
0.7399561247455911,0.5305991543630919
0.7401572544342961,0.5307520659698822
0.7403583841230011,0.5309049853295542
0.740559513811706,0.5310579124484363
0.740760643500411,0.5312108473328736
0.740961773189116,0.5313637899892304
0.7411629028778209,0.5315167404238895
0.7413640325665259,0.5316696986432509
0.741565162255231,0.531822664653735
0.741766291943936,0.5319756384617782
0.7419674216326408,0.5321286200738384
0.7421685513213458,0.5322816094963905
0.7423696810100509,0.5324346067359282
0.7425708106987557,0.5325876117989651
0.7427719403874607,0.5327406246920332
0.7429730700761658,0.5328936454216837
0.7431741997648708,0.5330466739944869
0.7433753294535757,0.5331997104170332
0.7435764591422807,0.5333527546959316
0.7437775888309857,0.5335058068378111
0.7439787185196906,0.5336588668493198
0.7441798482083956,0.5338119347371262
0.7443809778971006,0.5339650105079182
0.7445821075858055,0.5341180941684038
0.7447832372745105,0.5342711857253107
0.7449843669632155,0.5344242851853873
0.7451854966519205,0.5345773925554019
0.7453866263406254,0.5347305078421424
0.7455877560293304,0.534883631052419
0.7457888857180354,0.5350367621930601
0.7459900154067403,0.535189901270917
0.7461911450954453,0.5353430482928602
0.7463922747841503,0.5354962032657813
0.7465934044728553,0.5356493661965938
0.7467945341615602,0.5358025370922306
0.7469956638502652,0.5359557159596468
0.7471967935389702,0.5361089028058196
0.7473979232276751,0.5362620976377459
0.7475990529163801,0.5364153004624452
0.7478001826050851,0.5365685112869583
0.7480013122937901,0.5367217301183475
0.748202441982495,0.5368749569636967
0.7484035716712,0.5370281918301132
0.748604701359905,0.5371814347247243
0.7488058310486099,0.5373346856546811
0.7490069607373149,0.5374879446271564
0.7492080904260199,0.537641211649345
0.7494092201147248,0.5377944867284644
0.7496103498034298,0.5379477698717556
0.7498114794921348,0.5381010610864805
0.7500126091808398,0.5382543603799265
0.7502137388695447,0.538407667759401
0.7504148685582497,0.5385609832322366
0.7506159982469547,0.5387143068057887
0.7508171279356596,0.5388676384874351
0.7510182576243646,0.5390209782845788
0.7512193873130696,0.5391743262046447
0.7514205170017746,0.5393276822550821
0.7516216466904795,0.539481046443364
0.7518227763791845,0.5396344187769878
0.7520239060678895,0.5397877992634744
0.7522250357565944,0.539941187910369
0.7524261654452994,0.5400945847252413
0.7526272951340044,0.5402479897156856
0.7528284248227094,0.5404014028893204
0.7530295545114143,0.5405548242537891
0.7532306842001193,0.5407082538167601
0.7534318138888243,0.5408616915859267
0.7536329435775292,0.5410151375690069
0.7538340732662342,0.5411685917737442
0.7540352029549392,0.541322054207908
0.7542363326436442,0.5414755248792924
0.7544374623323491,0.5416290037957175
0.7546385920210541,0.5417824909650295
0.7548397217097591,0.5419359863950997
0.755040851398464,0.5420894900938258
0.755241981087169,0.5422430020691323
0.755443110775874,0.5423965223289694
0.7556442404645789,0.5425500508813134
0.7558453701532839,0.5427035877341685
0.7560464998419889,0.542857132895564
0.7562476295306939,0.5430106863735578
0.7564487592193988,0.5431642481762329
0.7566498889081038,0.5433178183117019
0.7568510185968088,0.5434713967881022
0.7570521482855137,0.5436249836135999
0.7572532779742187,0.5437785787963891
0.7574544076629237,0.543932182344691
0.7576555373516287,0.5440857942667552
0.7578566670403336,0.5442394145708589
0.7580577967290386,0.5443930432653071
0.7582589264177436,0.5445466803584346
0.7584600561064485,0.5447003258586037
0.7586611857951535,0.5448539797742051
0.7588623154838585,0.545007642113659
0.7590634451725635,0.5451613128854145
0.7592645748612684,0.5453149920979494
0.7594657045499734,0.5454686797597713
0.7596668342386784,0.5456223758794168
0.7598679639273833,0.5457760804654523
0.7600690936160883,0.5459297935264743
0.7602702233047933,0.5460835150711083
0.7604713529934983,0.5462372451080119
0.7606724826822032,0.5463909836458695
0.7608736123709082,0.5465447306933997
0.7610747420596132,0.5466984862593495
0.7612758717483181,0.5468522503524967
0.7614770014370231,0.5470060229816508
0.7616781311257281,0.5471598041556522
0.761879260814433,0.5473135938833723
0.762080390503138,0.5474673921737138
0.762281520191843,0.5476211990356117
0.762482649880548,0.5477750144780318
0.7626837795692529,0.5479288385099726
0.7628849092579579,0.5480826711404643
0.7630860389466629,0.5482365123785702
0.7632871686353678,0.5483903622333847
0.7634882983240728,0.5485442207140362
0.7636894280127778,0.5486980878296851
0.7638905577014828,0.548851963589525
0.7640916873901877,0.5490058480027826
0.7642928170788927,0.5491597410787191
0.7644939467675977,0.5493136428266269
0.7646950764563026,0.5494675532558345
0.7648962061450076,0.5496214723757035
0.7650973358337126,0.5497754001956286
0.7652984655224176,0.5499293367250407
0.7654995952111225,0.550083281973404
0.7657007248998275,0.5502372359502175
0.7659018545885325,0.5503911986650152
0.7661029842772374,0.5505451701273663
0.7663041139659424,0.550699150346875
0.7665052436546475,0.5508531393331814
0.7667063733433525,0.5510071370959609
0.7669075030320573,0.551161143644925
0.7671086327207624,0.5513151589898208
0.7673097624094674,0.5514691831404328
0.7675108920981722,0.5516232161065802
0.7677120217868773,0.5517772578981207
0.7679131514755823,0.5519313085249477
0.7681142811642871,0.5520853679969921
0.7683154108529922,0.5522394363242221
0.7685165405416972,0.5523935135166433
0.7687176702304022,0.5525475995842991
0.768918799919107,0.5527016945372707
0.7691199296078121,0.5528557983856777
0.7693210592965171,0.553009911139678
0.769522188985222,0.5531640328094671
0.769723318673927,0.5533181634052813
0.769924448362632,0.5534723029373942
0.770125578051337,0.5536264514161192
0.7703267077400419,0.5537806088518091
0.7705278374287469,0.5539347752548562
0.7707289671174519,0.5540889506356934
0.7709300968061568,0.5542431350047932
0.7711312264948618,0.5543973283726682
0.7713323561835668,0.5545515307498715
0.7715334858722718,0.5547057421469982
0.7717346155609767,0.5548599625746828
0.7719357452496817,0.5550141920436026
0.7721368749383867,0.5551684305644751
0.7723380046270916,0.5553226781480605
0.7725391343157966,0.5554769348051599
0.7727402640045016,0.5556312005466183
0.7729413936932066,0.5557854753833215
0.7731425233819115,0.555939759326199
0.7733436530706165,0.556094052386223
0.7735447827593215,0.5562483545744087
0.7737459124480264,0.5564026659018143
0.7739470421367314,0.5565569863795433
0.7741481718254364,0.5567113160187418
0.7743493015141413,0.5568656548305997
0.7745504312028463,0.5570200028263532
0.7747515608915513,0.5571743600172807
0.7749526905802563,0.557328726414708
0.7751538202689612,0.5574831020300045
0.7753549499576662,0.5576374868745857
0.7755560796463712,0.557791880959913
0.7757572093350761,0.5579462842974932
0.7759583390237811,0.5581006968988796
0.7761594687124861,0.5582551187756726
0.7763605984011911,0.5584095499395186
0.776561728089896,0.5585639904021114
0.776762857778601,0.558718440175192
0.776963987467306,0.5588728992705501
0.7771651171560109,0.5590273677000211
0.7773662468447159,0.5591818454754909
0.7775673765334209,0.5593363326088925
0.7777685062221259,0.5594908291122073
0.7779696359108308,0.5596453349974669
0.7781707655995358,0.5597998502767522
0.7783718952882408,0.5599543749621926
0.7785730249769457,0.5601089090659678
0.7787741546656507,0.560263452600308
0.7789752843543557,0.5604180055774938
0.7791764140430606,0.5605725680098563
0.7793775437317656,0.5607271399097778
0.7795786734204706,0.5608817212896917
0.7797798031091756,0.5610363121620837
0.7799809327978805,0.5611909125394909
0.7801820624865855,0.5613455224345026
0.7803831921752905,0.5615001418597613
0.7805843218639954,0.5616547708279616
0.7807854515527004,0.5618094093518516
0.7809865812414054,0.5619640574442336
0.7811877109301104,0.562118715117962
0.7813888406188153,0.5622733823859466
0.7815899703075203,0.5624280592611521
0.7817910999962253,0.5625827457565966
0.7819922296849302,0.5627374418853548
0.7821933593736352,0.5628921476605545
0.7823944890623402,0.5630468630953822
0.7825956187510452,0.5632015882030782
0.7827967484397501,0.5633563229969399
0.7829978781284551,0.5635110674903223
0.7831990078171601,0.5636658216966361
0.783400137505865,0.56382058562935
0.78360126719457,0.5639753593019912
0.783802396883275,0.5641301427281431
0.78400352657198,0.564284935921449
0.7842046562606849,0.5644397388956113
0.7844057859493899,0.5645945516643905
0.7846069156380949,0.564749374241607
0.7848080453267998,0.5649042066411407
0.7850091750155048,0.5650590488769328
0.7852103047042098,0.5652139009629839
0.7854114343929147,0.5653687629133555
0.7856125640816197,0.5655236347421708
0.7858136937703247,0.5656785164636157
0.7860148234590297,0.5658334080919357
0.7862159531477346,0.5659883096414404
0.7864170828364396,0.566143221126502
0.7866182125251446,0.5662981425615558
0.7868193422138495,0.5664530739610996
0.7870204719025545,0.5666080153396966
0.7872216015912595,0.5667629667119732
0.7874227312799645,0.5669179280926211
0.7876238609686694,0.5670728994963965
0.7878249906573744,0.5672278809381215
0.7880261203460794,0.5673828724326836
0.7882272500347843,0.5675378739950371
0.7884283797234893,0.5676928856402025
0.7886295094121943,0.567847907383267
0.7888306391008993,0.568002939239386
0.7890317687896042,0.5681579812237825
0.7892328984783092,0.5683130333517474
0.7894340281670142,0.5684680956386408
0.7896351578557191,0.568623168099891
0.7898362875444241,0.5687782507509969
0.7900374172331291,0.5689333436075268
0.7902385469218342,0.5690884466851188
0.790439676610539,0.5692435599994826
0.790640806299244,0.5693986835663989
0.790841935987949,0.5695538174017196
0.791043065676654,0.569708961521369
0.791244195365359,0.5698641159413442
0.791445325054064,0.5700192806777143
0.7916464547427688,0.5701744557466226
0.7918475844314738,0.5703296411642864
0.7920487141201789,0.5704848369469963
0.7922498438088839,0.5706400431111184
0.7924509734975888,0.5707952596730934
0.7926521031862938,0.5709504866494385
0.7928532328749988,0.5711057240567468
0.7930543625637037,0.571260971911687
0.7932554922524087,0.5714162302310056
0.7934566219411137,0.571571499031527
0.7936577516298187,0.5717267783301525
0.7938588813185236,0.571882068143863
0.7940600110072286,0.5720373684897176
0.7942611406959336,0.5721926793848554
0.7944622703846385,0.5723480008464941
0.7946634000733435,0.5725033328919337
0.7948645297620485,0.5726586755385535
0.7950656594507535,0.5728140288038157
0.7952667891394584,0.5729693927052625
0.7954679188281634,0.5731247672605205
0.7956690485168684,0.5732801524872975
0.7958701782055733,0.5734355484033858
0.7960713078942783,0.5735909550266608
0.7962724375829833,0.5737463723750836
0.7964735672716883,0.573901800466699
0.7966746969603932,0.5740572393196376
0.7968758266490982,0.5742126889521171
0.7970769563378032,0.57436814938244
0.7972780860265081,0.5745236206289972
0.7974792157152131,0.5746791027102661
0.7976803454039181,0.5748345956448142
0.797881475092623,0.5749900994512949
0.798082604781328,0.5751456141484538
0.798283734470033,0.5753011397551242
0.798484864158738,0.5754566762902305
0.7986859938474429,0.5756122237727881
0.7988871235361479,0.5757677822219044
0.7990882532248529,0.5759233516567775
0.7992893829135578,0.5760789320966996
0.7994905126022628,0.5762345235610555
0.7996916422909678,0.5763901260693234
0.7998927719796728,0.5765457396410764
0.8000939016683777,0.5767013642959824
0.8002950313570827,0.5768570000538052
0.8004961610457877,0.5770126469344042
0.8006972907344926,0.5771683049577362
0.8008984204231976,0.5773239741438547
0.8010995501119026,0.5774796545129114
0.8013006798006076,0.5776353460851571
0.8015018094893125,0.5777910488809411
0.8017029391780175,0.577946762920713
0.8019040688667225,0.5781024882250224
0.8021051985554274,0.5782582248145204
0.8023063282441324,0.5784139727099596
0.8025074579328374,0.5785697319321959
0.8027085876215424,0.578725502502186
0.8029097173102473,0.5788812844409919
0.8031108469989523,0.5790370777697804
0.8033119766876573,0.5791928825098215
0.8035131063763622,0.5793486986824923
0.8037142360650672,0.5795045263092755
0.8039153657537722,0.5796603654117606
0.8041164954424771,0.5798162160116458
0.8043176251311821,0.5799720781307358
0.8045187548198871,0.5801279517909458
